PassengerId,HomePlanet,CryoSleep,Cabin,Destination,Age,VIP,RoomService,FoodCourt,ShoppingMall,Spa,VRDeck,Name,Transported
1_01,Europa,False,A812,PSO J318.5-22,45.0,False,1480.7,1480.7,1480.7,1480.7,1480.7,Guest 1,0
2_01,Mars,True,A125,55 Cancri e,23.0,True,1961.7,1961.7,1961.7,1961.7,1961.7,Guest 2,0
3_01,Europa,False,A248,PSO J318.5-22,31.0,False,183.8,183.8,183.8,183.8,183.8,Guest 3,0
4_01,Europa,True,D984,TRAPPIST-1e,15.0,True,2280.3,2280.3,2280.3,2280.3,2280.3,Guest 4,0
5_01,Mars,True,G333,55 Cancri e,20.0,True,1561.1,1561.1,1561.1,1561.1,1561.1,Guest 5,0
6_01,Europa,False,G636,PSO J318.5-22,32.0,False,893.9,893.9,893.9,893.9,893.9,Guest 6,0
7_01,Europa,True,D575,TRAPPIST-1e,22.0,True,1458.2,1458.2,1458.2,1458.2,1458.2,Guest 7,0
8_01,Earth,False,E988,PSO J318.5-22,24.0,True,447.6,447.6,447.6,447.6,447.6,Guest 8,0
9_01,Earth,True,C335,TRAPPIST-1e,27.0,False,140.6,140.6,140.6,140.6,140.6,Guest 9,0
10_01,Earth,False,A250,TRAPPIST-1e,33.0,True,131.3,131.3,131.3,131.3,131.3,Guest 10,0
11_01,Earth,True,D496,TRAPPIST-1e,39.0,True,472.8,472.8,472.8,472.8,472.8,Guest 11,1
12_01,Europa,False,B810,55 Cancri e,39.0,True,482.0,482.0,482.0,482.0,482.0,Guest 12,0
13_01,Europa,True,F253,55 Cancri e,42.0,True,186.7,186.7,186.7,186.7,186.7,Guest 13,0
14_01,Earth,False,A92,TRAPPIST-1e,32.0,False,1729.8,1729.8,1729.8,1729.8,1729.8,Guest 14,0
15_01,Mars,True,C209,PSO J318.5-22,23.0,False,155.3,155.3,155.3,155.3,155.3,Guest 15,0
16_01,Europa,False,C720,TRAPPIST-1e,11.0,True,563.1,563.1,563.1,563.1,563.1,Guest 16,0
17_01,Earth,False,B100,55 Cancri e,26.0,True,18.8,18.8,18.8,18.8,18.8,Guest 17,0
18_01,Europa,True,A591,55 Cancri e,20.0,False,451.4,451.4,451.4,451.4,451.4,Guest 18,0
19_01,Earth,True,A971,TRAPPIST-1e,8.0,True,278.0,278.0,278.0,278.0,278.0,Guest 19,0
20_01,Mars,True,E890,PSO J318.5-22,50.0,True,1596.4,1596.4,1596.4,1596.4,1596.4,Guest 20,0
21_01,Europa,False,E261,PSO J318.5-22,7.0,True,557.0,557.0,557.0,557.0,557.0,Guest 21,0
22_01,Earth,True,D12,55 Cancri e,34.0,True,613.8,613.8,613.8,613.8,613.8,Guest 22,1
23_01,Mars,True,A29,55 Cancri e,36.0,False,291.3,291.3,291.3,291.3,291.3,Guest 23,0
24_01,Earth,False,D791,TRAPPIST-1e,27.0,False,150.4,150.4,150.4,150.4,150.4,Guest 24,0
25_01,Europa,True,D809,TRAPPIST-1e,61.0,True,1140.6,1140.6,1140.6,1140.6,1140.6,Guest 25,0
26_01,Earth,False,G124,TRAPPIST-1e,30.0,False,425.4,425.4,425.4,425.4,425.4,Guest 26,0
27_01,Europa,True,D641,55 Cancri e,20.0,True,233.6,233.6,233.6,233.6,233.6,Guest 27,0
28_01,Mars,False,D202,55 Cancri e,51.0,True,1499.1,1499.1,1499.1,1499.1,1499.1,Guest 28,0
29_01,Mars,False,E318,PSO J318.5-22,20.0,True,19.9,19.9,19.9,19.9,19.9,Guest 29,0
30_01,Mars,True,C545,PSO J318.5-22,12.0,False,2118.4,2118.4,2118.4,2118.4,2118.4,Guest 30,0
31_01,Mars,True,D962,PSO J318.5-22,18.0,True,284.6,284.6,284.6,284.6,284.6,Guest 31,0
32_01,Mars,False,C56,55 Cancri e,22.0,False,779.8,779.8,779.8,779.8,779.8,Guest 32,0
33_01,Mars,True,C715,TRAPPIST-1e,30.0,True,2733.3,2733.3,2733.3,2733.3,2733.3,Guest 33,0
34_01,Europa,True,A881,TRAPPIST-1e,34.0,False,567.7,567.7,567.7,567.7,567.7,Guest 34,0
35_01,Europa,True,A464,PSO J318.5-22,11.0,False,695.8,695.8,695.8,695.8,695.8,Guest 35,0
36_01,Europa,False,D911,TRAPPIST-1e,34.0,False,838.6,838.6,838.6,838.6,838.6,Guest 36,0
37_01,Europa,True,A382,55 Cancri e,57.0,False,623.3,623.3,623.3,623.3,623.3,Guest 37,0
38_01,Mars,False,C33,55 Cancri e,21.0,True,1180.1,1180.1,1180.1,1180.1,1180.1,Guest 38,0
39_01,Mars,True,F416,55 Cancri e,28.0,True,166.2,166.2,166.2,166.2,166.2,Guest 39,0
40_01,Europa,False,G491,PSO J318.5-22,38.0,False,348.8,348.8,348.8,348.8,348.8,Guest 40,0
41_01,Mars,True,G605,TRAPPIST-1e,44.0,True,1375.1,1375.1,1375.1,1375.1,1375.1,Guest 41,0
42_01,Earth,False,A53,TRAPPIST-1e,22.0,True,585.8,585.8,585.8,585.8,585.8,Guest 42,0
43_01,Europa,True,E44,PSO J318.5-22,18.0,False,606.4,606.4,606.4,606.4,606.4,Guest 43,0
44_01,Earth,False,D129,TRAPPIST-1e,17.0,True,187.8,187.8,187.8,187.8,187.8,Guest 44,0
45_01,Europa,True,D144,55 Cancri e,43.0,True,681.0,681.0,681.0,681.0,681.0,Guest 45,0
46_01,Mars,False,A211,55 Cancri e,41.0,True,2323.8,2323.8,2323.8,2323.8,2323.8,Guest 46,0
47_01,Earth,True,G628,TRAPPIST-1e,3.0,True,402.0,402.0,402.0,402.0,402.0,Guest 47,0
48_01,Earth,True,C356,TRAPPIST-1e,4.0,True,921.0,921.0,921.0,921.0,921.0,Guest 48,1
49_01,Mars,False,F870,55 Cancri e,15.0,False,126.7,126.7,126.7,126.7,126.7,Guest 49,0
50_01,Earth,False,D875,PSO J318.5-22,11.0,True,959.5,959.5,959.5,959.5,959.5,Guest 50,0
51_01,Earth,False,C892,TRAPPIST-1e,35.0,True,1732.5,1732.5,1732.5,1732.5,1732.5,Guest 51,0
52_01,Mars,True,C850,55 Cancri e,32.0,False,2615.2,2615.2,2615.2,2615.2,2615.2,Guest 52,0
53_01,Europa,False,D997,55 Cancri e,54.0,False,563.3,563.3,563.3,563.3,563.3,Guest 53,0
54_01,Mars,True,F549,PSO J318.5-22,39.0,True,2447.0,2447.0,2447.0,2447.0,2447.0,Guest 54,0
55_01,Europa,False,A394,TRAPPIST-1e,31.0,True,138.3,138.3,138.3,138.3,138.3,Guest 55,0
56_01,Europa,True,B430,55 Cancri e,44.0,True,1798.0,1798.0,1798.0,1798.0,1798.0,Guest 56,0
57_01,Europa,False,A108,PSO J318.5-22,19.0,True,632.6,632.6,632.6,632.6,632.6,Guest 57,0
58_01,Mars,True,B161,55 Cancri e,13.0,False,426.7,426.7,426.7,426.7,426.7,Guest 58,0
59_01,Mars,False,A963,55 Cancri e,30.0,False,3190.8,3190.8,3190.8,3190.8,3190.8,Guest 59,0
60_01,Mars,True,A708,TRAPPIST-1e,41.0,True,69.9,69.9,69.9,69.9,69.9,Guest 60,0
61_01,Earth,True,E880,55 Cancri e,10.0,False,13.9,13.9,13.9,13.9,13.9,Guest 61,0
62_01,Mars,False,A885,55 Cancri e,41.0,False,376.5,376.5,376.5,376.5,376.5,Guest 62,0
63_01,Mars,True,D831,TRAPPIST-1e,40.0,True,1378.8,1378.8,1378.8,1378.8,1378.8,Guest 63,0
64_01,Earth,True,G369,PSO J318.5-22,24.0,True,3225.5,3225.5,3225.5,3225.5,3225.5,Guest 64,0
65_01,Europa,True,A48,55 Cancri e,32.0,False,5298.5,5298.5,5298.5,5298.5,5298.5,Guest 65,0
66_01,Earth,True,E435,TRAPPIST-1e,26.0,False,13.5,13.5,13.5,13.5,13.5,Guest 66,0
67_01,Earth,False,B980,55 Cancri e,31.0,False,450.0,450.0,450.0,450.0,450.0,Guest 67,0
68_01,Earth,False,G121,TRAPPIST-1e,40.0,False,259.9,259.9,259.9,259.9,259.9,Guest 68,0
69_01,Europa,True,G537,55 Cancri e,20.0,True,470.6,470.6,470.6,470.6,470.6,Guest 69,0
70_01,Europa,True,G165,TRAPPIST-1e,42.0,False,504.5,504.5,504.5,504.5,504.5,Guest 70,0
71_01,Europa,False,D815,55 Cancri e,40.0,True,571.5,571.5,571.5,571.5,571.5,Guest 71,0
72_01,Earth,False,B844,TRAPPIST-1e,41.0,False,4.6,4.6,4.6,4.6,4.6,Guest 72,0
73_01,Europa,False,E114,PSO J318.5-22,6.0,False,364.3,364.3,364.3,364.3,364.3,Guest 73,0
74_01,Mars,True,D632,55 Cancri e,7.0,False,273.4,273.4,273.4,273.4,273.4,Guest 74,0
75_01,Mars,True,F991,PSO J318.5-22,38.0,True,951.9,951.9,951.9,951.9,951.9,Guest 75,0
76_01,Earth,True,B317,PSO J318.5-22,23.0,False,684.4,684.4,684.4,684.4,684.4,Guest 76,0
77_01,Mars,False,C498,TRAPPIST-1e,21.0,False,297.6,297.6,297.6,297.6,297.6,Guest 77,0
78_01,Europa,True,A436,TRAPPIST-1e,20.0,True,119.0,119.0,119.0,119.0,119.0,Guest 78,0
79_01,Mars,False,C383,TRAPPIST-1e,13.0,False,220.9,220.9,220.9,220.9,220.9,Guest 79,0
80_01,Earth,False,F501,55 Cancri e,26.0,True,1134.1,1134.1,1134.1,1134.1,1134.1,Guest 80,0
81_01,Mars,False,A198,55 Cancri e,21.0,False,1142.5,1142.5,1142.5,1142.5,1142.5,Guest 81,0
82_01,Earth,True,E505,PSO J318.5-22,22.0,False,403.6,403.6,403.6,403.6,403.6,Guest 82,0
83_01,Europa,False,F444,55 Cancri e,36.0,False,1450.2,1450.2,1450.2,1450.2,1450.2,Guest 83,0
84_01,Europa,False,F943,PSO J318.5-22,15.0,False,506.1,506.1,506.1,506.1,506.1,Guest 84,0
85_01,Earth,True,B387,PSO J318.5-22,43.0,True,486.7,486.7,486.7,486.7,486.7,Guest 85,1
86_01,Mars,False,E909,TRAPPIST-1e,3.0,False,5.6,5.6,5.6,5.6,5.6,Guest 86,0
87_01,Europa,False,A707,TRAPPIST-1e,60.0,False,2854.8,2854.8,2854.8,2854.8,2854.8,Guest 87,0
88_01,Europa,False,B920,PSO J318.5-22,13.0,False,50.6,50.6,50.6,50.6,50.6,Guest 88,0
89_01,Europa,True,B948,55 Cancri e,37.0,False,1190.1,1190.1,1190.1,1190.1,1190.1,Guest 89,0
90_01,Mars,True,A871,55 Cancri e,41.0,False,62.3,62.3,62.3,62.3,62.3,Guest 90,0
91_01,Earth,True,C472,PSO J318.5-22,30.0,False,972.4,972.4,972.4,972.4,972.4,Guest 91,1
92_01,Europa,True,F678,PSO J318.5-22,39.0,False,2622.1,2622.1,2622.1,2622.1,2622.1,Guest 92,0
93_01,Mars,True,A171,55 Cancri e,28.0,False,2047.7,2047.7,2047.7,2047.7,2047.7,Guest 93,0
94_01,Earth,True,E952,PSO J318.5-22,8.0,False,201.0,201.0,201.0,201.0,201.0,Guest 94,0
95_01,Earth,False,C850,PSO J318.5-22,34.0,True,562.7,562.7,562.7,562.7,562.7,Guest 95,0
96_01,Mars,True,A477,PSO J318.5-22,44.0,False,77.6,77.6,77.6,77.6,77.6,Guest 96,0
97_01,Europa,True,E808,PSO J318.5-22,23.0,False,275.3,275.3,275.3,275.3,275.3,Guest 97,0
98_01,Mars,False,C632,PSO J318.5-22,9.0,False,2658.2,2658.2,2658.2,2658.2,2658.2,Guest 98,0
99_01,Mars,False,B61,TRAPPIST-1e,22.0,False,834.8,834.8,834.8,834.8,834.8,Guest 99,0
100_01,Europa,True,C307,PSO J318.5-22,34.0,False,37.9,37.9,37.9,37.9,37.9,Guest 100,0
101_01,Europa,True,B56,PSO J318.5-22,33.0,True,500.5,500.5,500.5,500.5,500.5,Guest 101,0
102_01,Mars,False,F642,TRAPPIST-1e,43.0,False,218.8,218.8,218.8,218.8,218.8,Guest 102,0
103_01,Mars,True,E853,55 Cancri e,37.0,True,70.6,70.6,70.6,70.6,70.6,Guest 103,0
104_01,Mars,False,B148,TRAPPIST-1e,36.0,False,528.3,528.3,528.3,528.3,528.3,Guest 104,0
105_01,Earth,False,G116,TRAPPIST-1e,5.0,True,2326.3,2326.3,2326.3,2326.3,2326.3,Guest 105,0
106_01,Earth,True,B63,TRAPPIST-1e,57.0,True,900.8,900.8,900.8,900.8,900.8,Guest 106,0
107_01,Mars,True,F514,55 Cancri e,30.0,False,689.5,689.5,689.5,689.5,689.5,Guest 107,0
108_01,Mars,True,E973,55 Cancri e,40.0,False,253.0,253.0,253.0,253.0,253.0,Guest 108,0
109_01,Mars,False,A947,PSO J318.5-22,25.0,True,573.6,573.6,573.6,573.6,573.6,Guest 109,0
110_01,Earth,False,A661,TRAPPIST-1e,28.0,True,982.4,982.4,982.4,982.4,982.4,Guest 110,0
111_01,Earth,True,G331,PSO J318.5-22,30.0,True,103.3,103.3,103.3,103.3,103.3,Guest 111,0
112_01,Earth,False,C877,TRAPPIST-1e,49.0,True,805.1,805.1,805.1,805.1,805.1,Guest 112,0
113_01,Mars,True,G20,TRAPPIST-1e,48.0,True,356.9,356.9,356.9,356.9,356.9,Guest 113,0
114_01,Europa,True,C490,PSO J318.5-22,37.0,False,1496.2,1496.2,1496.2,1496.2,1496.2,Guest 114,0
115_01,Mars,False,D582,55 Cancri e,54.0,False,1066.1,1066.1,1066.1,1066.1,1066.1,Guest 115,0
116_01,Mars,False,G991,PSO J318.5-22,25.0,False,1788.4,1788.4,1788.4,1788.4,1788.4,Guest 116,0
117_01,Mars,True,A344,PSO J318.5-22,36.0,False,399.6,399.6,399.6,399.6,399.6,Guest 117,0
118_01,Europa,True,A982,55 Cancri e,24.0,False,22.7,22.7,22.7,22.7,22.7,Guest 118,0
119_01,Mars,True,E386,PSO J318.5-22,46.0,False,53.2,53.2,53.2,53.2,53.2,Guest 119,0
120_01,Mars,True,C953,TRAPPIST-1e,30.0,False,275.8,275.8,275.8,275.8,275.8,Guest 120,0
121_01,Mars,False,D587,55 Cancri e,42.0,False,239.8,239.8,239.8,239.8,239.8,Guest 121,0
122_01,Mars,True,G323,TRAPPIST-1e,51.0,False,2471.3,2471.3,2471.3,2471.3,2471.3,Guest 122,0
123_01,Mars,False,C546,55 Cancri e,4.0,True,99.9,99.9,99.9,99.9,99.9,Guest 123,0
124_01,Mars,False,B614,TRAPPIST-1e,56.0,False,1251.6,1251.6,1251.6,1251.6,1251.6,Guest 124,0
125_01,Mars,True,B398,PSO J318.5-22,34.0,True,1773.4,1773.4,1773.4,1773.4,1773.4,Guest 125,0
126_01,Europa,True,E133,PSO J318.5-22,26.0,False,292.0,292.0,292.0,292.0,292.0,Guest 126,0
127_01,Europa,True,C24,55 Cancri e,6.0,True,385.9,385.9,385.9,385.9,385.9,Guest 127,0
128_01,Earth,True,D528,TRAPPIST-1e,26.0,True,404.6,404.6,404.6,404.6,404.6,Guest 128,1
129_01,Mars,True,B951,TRAPPIST-1e,2.0,True,289.0,289.0,289.0,289.0,289.0,Guest 129,0
130_01,Mars,False,C114,PSO J318.5-22,31.0,True,144.5,144.5,144.5,144.5,144.5,Guest 130,0
131_01,Mars,True,E272,TRAPPIST-1e,28.0,False,183.3,183.3,183.3,183.3,183.3,Guest 131,0
132_01,Earth,False,G554,55 Cancri e,52.0,False,1570.6,1570.6,1570.6,1570.6,1570.6,Guest 132,0
133_01,Earth,False,E196,TRAPPIST-1e,26.0,False,478.5,478.5,478.5,478.5,478.5,Guest 133,0
134_01,Mars,False,E447,TRAPPIST-1e,43.0,False,1052.6,1052.6,1052.6,1052.6,1052.6,Guest 134,0
135_01,Europa,True,B870,55 Cancri e,44.0,False,2841.0,2841.0,2841.0,2841.0,2841.0,Guest 135,0
136_01,Earth,False,C435,PSO J318.5-22,55.0,False,90.5,90.5,90.5,90.5,90.5,Guest 136,0
137_01,Mars,True,B819,TRAPPIST-1e,27.0,True,159.1,159.1,159.1,159.1,159.1,Guest 137,0
138_01,Europa,False,F931,TRAPPIST-1e,39.0,False,139.3,139.3,139.3,139.3,139.3,Guest 138,0
139_01,Europa,True,F901,PSO J318.5-22,11.0,True,68.4,68.4,68.4,68.4,68.4,Guest 139,0
140_01,Earth,True,G382,PSO J318.5-22,16.0,False,75.0,75.0,75.0,75.0,75.0,Guest 140,0
141_01,Earth,True,D722,TRAPPIST-1e,27.0,True,92.4,92.4,92.4,92.4,92.4,Guest 141,0
142_01,Europa,False,D368,55 Cancri e,30.0,False,1518.1,1518.1,1518.1,1518.1,1518.1,Guest 142,0
143_01,Earth,False,B777,TRAPPIST-1e,15.0,False,210.3,210.3,210.3,210.3,210.3,Guest 143,0
144_01,Earth,True,A646,55 Cancri e,25.0,False,7.2,7.2,7.2,7.2,7.2,Guest 144,0
145_01,Mars,True,E679,TRAPPIST-1e,38.0,True,795.0,795.0,795.0,795.0,795.0,Guest 145,0
146_01,Europa,True,E263,PSO J318.5-22,24.0,False,666.0,666.0,666.0,666.0,666.0,Guest 146,0
147_01,Earth,True,E318,55 Cancri e,28.0,True,1193.2,1193.2,1193.2,1193.2,1193.2,Guest 147,0
148_01,Mars,True,B918,55 Cancri e,19.0,True,335.1,335.1,335.1,335.1,335.1,Guest 148,0
149_01,Mars,False,A799,55 Cancri e,47.0,False,745.8,745.8,745.8,745.8,745.8,Guest 149,0
150_01,Earth,True,C338,TRAPPIST-1e,52.0,False,45.7,45.7,45.7,45.7,45.7,Guest 150,0
151_01,Europa,False,C712,55 Cancri e,32.0,True,539.0,539.0,539.0,539.0,539.0,Guest 151,0
152_01,Europa,True,C84,TRAPPIST-1e,28.0,False,2231.7,2231.7,2231.7,2231.7,2231.7,Guest 152,0
153_01,Mars,False,F304,TRAPPIST-1e,50.0,False,167.5,167.5,167.5,167.5,167.5,Guest 153,0
154_01,Europa,False,G415,PSO J318.5-22,36.0,False,326.5,326.5,326.5,326.5,326.5,Guest 154,0
155_01,Mars,False,G561,PSO J318.5-22,22.0,True,38.5,38.5,38.5,38.5,38.5,Guest 155,0
156_01,Europa,False,D684,PSO J318.5-22,13.0,True,865.5,865.5,865.5,865.5,865.5,Guest 156,0
157_01,Europa,False,D75,TRAPPIST-1e,23.0,True,110.5,110.5,110.5,110.5,110.5,Guest 157,0
158_01,Mars,True,A435,55 Cancri e,57.0,True,106.6,106.6,106.6,106.6,106.6,Guest 158,0
159_01,Earth,False,G208,PSO J318.5-22,23.0,False,81.9,81.9,81.9,81.9,81.9,Guest 159,0
160_01,Earth,True,B973,PSO J318.5-22,65.0,False,1368.5,1368.5,1368.5,1368.5,1368.5,Guest 160,0
161_01,Mars,True,E48,55 Cancri e,30.0,False,917.8,917.8,917.8,917.8,917.8,Guest 161,0
162_01,Earth,True,D318,TRAPPIST-1e,27.0,True,347.6,347.6,347.6,347.6,347.6,Guest 162,1
163_01,Europa,False,D258,PSO J318.5-22,46.0,False,181.1,181.1,181.1,181.1,181.1,Guest 163,0
164_01,Europa,False,B128,55 Cancri e,27.0,False,475.2,475.2,475.2,475.2,475.2,Guest 164,0
165_01,Earth,True,C272,55 Cancri e,35.0,True,240.6,240.6,240.6,240.6,240.6,Guest 165,0
166_01,Mars,False,F196,TRAPPIST-1e,17.0,True,342.8,342.8,342.8,342.8,342.8,Guest 166,0
167_01,Earth,True,F603,TRAPPIST-1e,15.0,False,324.5,324.5,324.5,324.5,324.5,Guest 167,0
168_01,Earth,False,C557,55 Cancri e,21.0,False,44.0,44.0,44.0,44.0,44.0,Guest 168,0
169_01,Mars,True,E670,PSO J318.5-22,33.0,False,506.2,506.2,506.2,506.2,506.2,Guest 169,0
170_01,Europa,True,A996,TRAPPIST-1e,22.0,True,2166.8,2166.8,2166.8,2166.8,2166.8,Guest 170,0
171_01,Europa,True,D380,55 Cancri e,6.0,True,444.6,444.6,444.6,444.6,444.6,Guest 171,0
172_01,Mars,False,C845,TRAPPIST-1e,36.0,False,520.5,520.5,520.5,520.5,520.5,Guest 172,0
173_01,Mars,True,G688,TRAPPIST-1e,28.0,False,25.7,25.7,25.7,25.7,25.7,Guest 173,0
174_01,Mars,False,F779,TRAPPIST-1e,27.0,True,132.4,132.4,132.4,132.4,132.4,Guest 174,0
175_01,Earth,True,B684,55 Cancri e,22.0,True,449.7,449.7,449.7,449.7,449.7,Guest 175,0
176_01,Mars,True,E49,TRAPPIST-1e,2.0,True,1253.4,1253.4,1253.4,1253.4,1253.4,Guest 176,0
177_01,Europa,True,F936,55 Cancri e,50.0,False,1153.2,1153.2,1153.2,1153.2,1153.2,Guest 177,0
178_01,Mars,False,C608,PSO J318.5-22,24.0,False,1546.8,1546.8,1546.8,1546.8,1546.8,Guest 178,0
179_01,Earth,False,B970,PSO J318.5-22,36.0,False,2041.5,2041.5,2041.5,2041.5,2041.5,Guest 179,0
180_01,Earth,False,A932,TRAPPIST-1e,47.0,False,2236.5,2236.5,2236.5,2236.5,2236.5,Guest 180,0
181_01,Europa,True,C48,PSO J318.5-22,44.0,False,309.9,309.9,309.9,309.9,309.9,Guest 181,0
182_01,Earth,False,B268,TRAPPIST-1e,32.0,True,1215.6,1215.6,1215.6,1215.6,1215.6,Guest 182,0
183_01,Europa,True,C470,PSO J318.5-22,30.0,True,674.9,674.9,674.9,674.9,674.9,Guest 183,0
184_01,Europa,True,A847,PSO J318.5-22,34.0,True,1104.5,1104.5,1104.5,1104.5,1104.5,Guest 184,0
185_01,Mars,False,E149,55 Cancri e,41.0,False,453.1,453.1,453.1,453.1,453.1,Guest 185,0
186_01,Mars,False,B598,55 Cancri e,37.0,False,2396.8,2396.8,2396.8,2396.8,2396.8,Guest 186,0
187_01,Europa,False,F218,TRAPPIST-1e,24.0,True,35.2,35.2,35.2,35.2,35.2,Guest 187,0
188_01,Mars,False,C397,TRAPPIST-1e,36.0,True,911.5,911.5,911.5,911.5,911.5,Guest 188,0
189_01,Mars,False,F306,55 Cancri e,35.0,False,1094.5,1094.5,1094.5,1094.5,1094.5,Guest 189,0
190_01,Earth,True,D124,PSO J318.5-22,39.0,True,987.7,987.7,987.7,987.7,987.7,Guest 190,0
191_01,Mars,False,B884,PSO J318.5-22,33.0,True,79.2,79.2,79.2,79.2,79.2,Guest 191,0
192_01,Europa,True,C666,TRAPPIST-1e,47.0,False,348.0,348.0,348.0,348.0,348.0,Guest 192,0
193_01,Earth,True,B923,TRAPPIST-1e,32.0,True,1205.6,1205.6,1205.6,1205.6,1205.6,Guest 193,0
194_01,Earth,True,F177,TRAPPIST-1e,41.0,True,954.2,954.2,954.2,954.2,954.2,Guest 194,0
195_01,Europa,True,D647,PSO J318.5-22,31.0,True,1505.4,1505.4,1505.4,1505.4,1505.4,Guest 195,0
196_01,Mars,False,F558,PSO J318.5-22,23.0,True,189.3,189.3,189.3,189.3,189.3,Guest 196,0
197_01,Europa,False,B888,PSO J318.5-22,18.0,False,1709.0,1709.0,1709.0,1709.0,1709.0,Guest 197,0
198_01,Earth,False,C188,TRAPPIST-1e,28.0,False,819.7,819.7,819.7,819.7,819.7,Guest 198,0
199_01,Europa,False,C229,PSO J318.5-22,37.0,True,356.9,356.9,356.9,356.9,356.9,Guest 199,0
200_01,Earth,True,B402,55 Cancri e,46.0,True,2531.4,2531.4,2531.4,2531.4,2531.4,Guest 200,0
201_01,Mars,True,C991,55 Cancri e,29.0,True,511.9,511.9,511.9,511.9,511.9,Guest 201,1
202_01,Europa,False,A209,TRAPPIST-1e,24.0,False,1115.2,1115.2,1115.2,1115.2,1115.2,Guest 202,0
203_01,Earth,False,B504,TRAPPIST-1e,24.0,False,4266.8,4266.8,4266.8,4266.8,4266.8,Guest 203,0
204_01,Mars,False,G279,PSO J318.5-22,46.0,False,633.6,633.6,633.6,633.6,633.6,Guest 204,0
205_01,Europa,True,C42,PSO J318.5-22,31.0,True,23.3,23.3,23.3,23.3,23.3,Guest 205,0
206_01,Mars,True,D837,55 Cancri e,24.0,True,915.3,915.3,915.3,915.3,915.3,Guest 206,0
207_01,Earth,True,B437,TRAPPIST-1e,39.0,True,1207.5,1207.5,1207.5,1207.5,1207.5,Guest 207,0
208_01,Mars,False,D365,PSO J318.5-22,14.0,False,420.2,420.2,420.2,420.2,420.2,Guest 208,0
209_01,Mars,True,F887,55 Cancri e,31.0,False,114.4,114.4,114.4,114.4,114.4,Guest 209,0
210_01,Europa,False,F646,PSO J318.5-22,29.0,True,2145.6,2145.6,2145.6,2145.6,2145.6,Guest 210,0
211_01,Europa,True,A950,55 Cancri e,28.0,False,998.7,998.7,998.7,998.7,998.7,Guest 211,0
212_01,Mars,True,G165,TRAPPIST-1e,16.0,False,395.1,395.1,395.1,395.1,395.1,Guest 212,0
213_01,Earth,True,C773,TRAPPIST-1e,42.0,True,269.8,269.8,269.8,269.8,269.8,Guest 213,0
214_01,Mars,False,A137,TRAPPIST-1e,51.0,True,399.8,399.8,399.8,399.8,399.8,Guest 214,0
215_01,Earth,False,E767,55 Cancri e,14.0,False,983.5,983.5,983.5,983.5,983.5,Guest 215,0
216_01,Europa,False,B449,TRAPPIST-1e,31.0,True,1725.1,1725.1,1725.1,1725.1,1725.1,Guest 216,0
217_01,Europa,True,G894,TRAPPIST-1e,38.0,True,1127.3,1127.3,1127.3,1127.3,1127.3,Guest 217,0
218_01,Mars,False,F360,55 Cancri e,58.0,False,333.5,333.5,333.5,333.5,333.5,Guest 218,0
219_01,Europa,True,C809,PSO J318.5-22,25.0,False,592.6,592.6,592.6,592.6,592.6,Guest 219,0
220_01,Mars,False,E347,TRAPPIST-1e,18.0,True,175.2,175.2,175.2,175.2,175.2,Guest 220,0
221_01,Mars,False,G80,PSO J318.5-22,30.0,True,807.2,807.2,807.2,807.2,807.2,Guest 221,0
222_01,Europa,True,B613,TRAPPIST-1e,55.0,False,187.5,187.5,187.5,187.5,187.5,Guest 222,0
223_01,Europa,True,B230,55 Cancri e,31.0,True,1104.8,1104.8,1104.8,1104.8,1104.8,Guest 223,0
224_01,Europa,True,F765,55 Cancri e,33.0,True,335.1,335.1,335.1,335.1,335.1,Guest 224,0
225_01,Europa,False,B780,55 Cancri e,52.0,True,606.6,606.6,606.6,606.6,606.6,Guest 225,0
226_01,Earth,False,G376,PSO J318.5-22,4.0,False,785.3,785.3,785.3,785.3,785.3,Guest 226,0
227_01,Mars,True,F177,TRAPPIST-1e,3.0,True,447.5,447.5,447.5,447.5,447.5,Guest 227,0
228_01,Europa,False,F812,PSO J318.5-22,41.0,True,446.6,446.6,446.6,446.6,446.6,Guest 228,0
229_01,Earth,True,F920,PSO J318.5-22,40.0,True,733.7,733.7,733.7,733.7,733.7,Guest 229,0
230_01,Earth,False,D937,TRAPPIST-1e,13.0,False,1543.8,1543.8,1543.8,1543.8,1543.8,Guest 230,0
231_01,Mars,True,D772,TRAPPIST-1e,36.0,True,415.1,415.1,415.1,415.1,415.1,Guest 231,0
232_01,Europa,False,B202,TRAPPIST-1e,31.0,False,872.0,872.0,872.0,872.0,872.0,Guest 232,0
233_01,Europa,True,G866,55 Cancri e,33.0,False,306.8,306.8,306.8,306.8,306.8,Guest 233,0
234_01,Europa,False,G396,55 Cancri e,20.0,False,2627.3,2627.3,2627.3,2627.3,2627.3,Guest 234,0
235_01,Mars,True,F497,TRAPPIST-1e,24.0,True,1709.9,1709.9,1709.9,1709.9,1709.9,Guest 235,0
236_01,Earth,False,C255,TRAPPIST-1e,19.0,True,107.1,107.1,107.1,107.1,107.1,Guest 236,0
237_01,Europa,True,F757,55 Cancri e,31.0,False,2392.8,2392.8,2392.8,2392.8,2392.8,Guest 237,0
238_01,Mars,False,C971,TRAPPIST-1e,27.0,True,349.5,349.5,349.5,349.5,349.5,Guest 238,0
239_01,Europa,True,E367,TRAPPIST-1e,51.0,False,43.4,43.4,43.4,43.4,43.4,Guest 239,0
240_01,Europa,True,F192,55 Cancri e,38.0,True,1433.1,1433.1,1433.1,1433.1,1433.1,Guest 240,0
241_01,Europa,True,E477,TRAPPIST-1e,11.0,False,99.3,99.3,99.3,99.3,99.3,Guest 241,0
242_01,Earth,True,B189,TRAPPIST-1e,35.0,False,1601.9,1601.9,1601.9,1601.9,1601.9,Guest 242,0
243_01,Europa,True,C145,TRAPPIST-1e,48.0,True,196.8,196.8,196.8,196.8,196.8,Guest 243,0
244_01,Mars,True,B472,55 Cancri e,33.0,True,130.9,130.9,130.9,130.9,130.9,Guest 244,0
245_01,Mars,False,A448,55 Cancri e,43.0,False,2648.1,2648.1,2648.1,2648.1,2648.1,Guest 245,0
246_01,Europa,False,A12,TRAPPIST-1e,30.0,False,254.7,254.7,254.7,254.7,254.7,Guest 246,0
247_01,Europa,False,F958,PSO J318.5-22,39.0,False,129.5,129.5,129.5,129.5,129.5,Guest 247,0
248_01,Mars,True,B992,PSO J318.5-22,18.0,False,1624.2,1624.2,1624.2,1624.2,1624.2,Guest 248,0
249_01,Earth,False,E823,TRAPPIST-1e,40.0,True,0.1,0.1,0.1,0.1,0.1,Guest 249,0
250_01,Europa,True,E303,PSO J318.5-22,13.0,False,1073.9,1073.9,1073.9,1073.9,1073.9,Guest 250,0
251_01,Earth,True,C637,55 Cancri e,46.0,True,185.0,185.0,185.0,185.0,185.0,Guest 251,1
252_01,Earth,True,E924,PSO J318.5-22,11.0,True,301.6,301.6,301.6,301.6,301.6,Guest 252,0
253_01,Earth,True,G800,TRAPPIST-1e,4.0,False,1163.6,1163.6,1163.6,1163.6,1163.6,Guest 253,0
254_01,Earth,True,A973,55 Cancri e,37.0,True,1845.4,1845.4,1845.4,1845.4,1845.4,Guest 254,0
255_01,Europa,True,C737,PSO J318.5-22,28.0,False,771.6,771.6,771.6,771.6,771.6,Guest 255,0
256_01,Mars,False,C323,TRAPPIST-1e,31.0,False,3074.4,3074.4,3074.4,3074.4,3074.4,Guest 256,0
257_01,Earth,False,D279,TRAPPIST-1e,35.0,False,22.8,22.8,22.8,22.8,22.8,Guest 257,0
258_01,Earth,False,B235,PSO J318.5-22,30.0,False,404.8,404.8,404.8,404.8,404.8,Guest 258,0
259_01,Mars,False,B972,PSO J318.5-22,19.0,True,1892.8,1892.8,1892.8,1892.8,1892.8,Guest 259,0
260_01,Mars,False,A395,55 Cancri e,33.0,True,253.0,253.0,253.0,253.0,253.0,Guest 260,0
261_01,Earth,False,D593,PSO J318.5-22,34.0,True,33.5,33.5,33.5,33.5,33.5,Guest 261,0
262_01,Europa,True,A761,TRAPPIST-1e,36.0,True,191.4,191.4,191.4,191.4,191.4,Guest 262,0
263_01,Europa,False,C40,55 Cancri e,54.0,True,441.4,441.4,441.4,441.4,441.4,Guest 263,0
264_01,Mars,True,G275,PSO J318.5-22,21.0,True,22.7,22.7,22.7,22.7,22.7,Guest 264,0
265_01,Europa,False,F899,PSO J318.5-22,31.0,False,85.3,85.3,85.3,85.3,85.3,Guest 265,0
266_01,Mars,True,D446,PSO J318.5-22,37.0,False,1980.4,1980.4,1980.4,1980.4,1980.4,Guest 266,0
267_01,Earth,True,A296,PSO J318.5-22,24.0,True,2173.2,2173.2,2173.2,2173.2,2173.2,Guest 267,0
268_01,Earth,False,B646,PSO J318.5-22,15.0,False,167.7,167.7,167.7,167.7,167.7,Guest 268,0
269_01,Earth,False,B213,PSO J318.5-22,23.0,False,498.1,498.1,498.1,498.1,498.1,Guest 269,0
270_01,Europa,False,E757,PSO J318.5-22,43.0,True,1652.1,1652.1,1652.1,1652.1,1652.1,Guest 270,0
271_01,Earth,True,B658,TRAPPIST-1e,27.0,False,110.0,110.0,110.0,110.0,110.0,Guest 271,0
272_01,Mars,False,D891,PSO J318.5-22,38.0,False,1067.8,1067.8,1067.8,1067.8,1067.8,Guest 272,0
273_01,Earth,False,G199,55 Cancri e,21.0,True,162.6,162.6,162.6,162.6,162.6,Guest 273,0
274_01,Europa,True,A142,55 Cancri e,35.0,False,388.4,388.4,388.4,388.4,388.4,Guest 274,0
275_01,Earth,True,C694,55 Cancri e,22.0,True,1005.3,1005.3,1005.3,1005.3,1005.3,Guest 275,1
276_01,Mars,True,G558,55 Cancri e,20.0,False,2504.5,2504.5,2504.5,2504.5,2504.5,Guest 276,0
277_01,Europa,False,D921,PSO J318.5-22,31.0,True,22.6,22.6,22.6,22.6,22.6,Guest 277,0
278_01,Mars,False,G936,PSO J318.5-22,31.0,True,537.9,537.9,537.9,537.9,537.9,Guest 278,0
279_01,Europa,True,B915,55 Cancri e,48.0,True,391.3,391.3,391.3,391.3,391.3,Guest 279,0
280_01,Europa,True,C35,55 Cancri e,10.0,True,100.5,100.5,100.5,100.5,100.5,Guest 280,0
281_01,Europa,True,A734,PSO J318.5-22,36.0,False,328.4,328.4,328.4,328.4,328.4,Guest 281,0
282_01,Europa,True,D797,PSO J318.5-22,50.0,True,569.9,569.9,569.9,569.9,569.9,Guest 282,0
283_01,Mars,False,D669,55 Cancri e,47.0,True,624.1,624.1,624.1,624.1,624.1,Guest 283,0
284_01,Mars,True,E242,TRAPPIST-1e,25.0,False,1695.5,1695.5,1695.5,1695.5,1695.5,Guest 284,0
285_01,Europa,False,A408,PSO J318.5-22,22.0,True,670.2,670.2,670.2,670.2,670.2,Guest 285,0
286_01,Mars,False,D462,TRAPPIST-1e,24.0,True,799.6,799.6,799.6,799.6,799.6,Guest 286,0
287_01,Europa,True,E132,PSO J318.5-22,34.0,True,732.5,732.5,732.5,732.5,732.5,Guest 287,0
288_01,Europa,True,F626,TRAPPIST-1e,32.0,True,3261.7,3261.7,3261.7,3261.7,3261.7,Guest 288,0
289_01,Mars,True,E215,TRAPPIST-1e,34.0,False,1983.2,1983.2,1983.2,1983.2,1983.2,Guest 289,0
290_01,Mars,False,C226,TRAPPIST-1e,37.0,True,1516.7,1516.7,1516.7,1516.7,1516.7,Guest 290,0
291_01,Europa,False,B650,55 Cancri e,17.0,False,477.5,477.5,477.5,477.5,477.5,Guest 291,0
292_01,Europa,True,C360,TRAPPIST-1e,16.0,False,906.9,906.9,906.9,906.9,906.9,Guest 292,0
293_01,Earth,True,B827,PSO J318.5-22,15.0,False,106.0,106.0,106.0,106.0,106.0,Guest 293,0
294_01,Earth,False,B8,55 Cancri e,13.0,False,591.0,591.0,591.0,591.0,591.0,Guest 294,0
295_01,Earth,False,D953,TRAPPIST-1e,29.0,False,1026.7,1026.7,1026.7,1026.7,1026.7,Guest 295,0
296_01,Mars,True,B696,55 Cancri e,34.0,True,1238.2,1238.2,1238.2,1238.2,1238.2,Guest 296,0
297_01,Earth,False,E314,PSO J318.5-22,61.0,False,16.4,16.4,16.4,16.4,16.4,Guest 297,0
298_01,Mars,True,G409,PSO J318.5-22,37.0,True,168.8,168.8,168.8,168.8,168.8,Guest 298,0
299_01,Mars,False,G882,TRAPPIST-1e,30.0,False,2336.8,2336.8,2336.8,2336.8,2336.8,Guest 299,0
300_01,Europa,False,F948,PSO J318.5-22,47.0,True,84.6,84.6,84.6,84.6,84.6,Guest 300,0
301_01,Europa,True,D293,TRAPPIST-1e,21.0,False,363.3,363.3,363.3,363.3,363.3,Guest 301,0
302_01,Earth,False,A661,PSO J318.5-22,34.0,True,1124.9,1124.9,1124.9,1124.9,1124.9,Guest 302,0
303_01,Europa,False,D474,55 Cancri e,42.0,False,1232.9,1232.9,1232.9,1232.9,1232.9,Guest 303,0
304_01,Europa,False,E722,TRAPPIST-1e,40.0,False,665.2,665.2,665.2,665.2,665.2,Guest 304,0
305_01,Europa,True,B757,PSO J318.5-22,35.0,False,13.8,13.8,13.8,13.8,13.8,Guest 305,0
306_01,Europa,True,E426,55 Cancri e,26.0,False,526.0,526.0,526.0,526.0,526.0,Guest 306,0
307_01,Earth,True,F147,PSO J318.5-22,15.0,True,630.4,630.4,630.4,630.4,630.4,Guest 307,0
308_01,Europa,False,B128,TRAPPIST-1e,28.0,True,3206.6,3206.6,3206.6,3206.6,3206.6,Guest 308,0
309_01,Earth,False,D829,55 Cancri e,23.0,True,2043.2,2043.2,2043.2,2043.2,2043.2,Guest 309,0
310_01,Mars,True,C455,TRAPPIST-1e,38.0,False,623.3,623.3,623.3,623.3,623.3,Guest 310,0
311_01,Europa,False,E833,PSO J318.5-22,28.0,True,2912.0,2912.0,2912.0,2912.0,2912.0,Guest 311,0
312_01,Europa,False,D833,PSO J318.5-22,37.0,True,1396.2,1396.2,1396.2,1396.2,1396.2,Guest 312,0
313_01,Earth,False,G728,PSO J318.5-22,10.0,True,1244.2,1244.2,1244.2,1244.2,1244.2,Guest 313,0
314_01,Earth,False,A173,TRAPPIST-1e,42.0,True,232.5,232.5,232.5,232.5,232.5,Guest 314,0
315_01,Mars,True,G991,55 Cancri e,20.0,False,239.5,239.5,239.5,239.5,239.5,Guest 315,0
316_01,Mars,False,F417,55 Cancri e,11.0,True,115.6,115.6,115.6,115.6,115.6,Guest 316,0
317_01,Europa,False,D968,PSO J318.5-22,13.0,False,732.1,732.1,732.1,732.1,732.1,Guest 317,0
318_01,Earth,False,A13,PSO J318.5-22,22.0,True,3585.8,3585.8,3585.8,3585.8,3585.8,Guest 318,0
319_01,Earth,False,G761,PSO J318.5-22,44.0,False,393.6,393.6,393.6,393.6,393.6,Guest 319,0
320_01,Earth,False,D881,PSO J318.5-22,39.0,False,1234.3,1234.3,1234.3,1234.3,1234.3,Guest 320,0
321_01,Mars,True,G836,PSO J318.5-22,16.0,False,709.7,709.7,709.7,709.7,709.7,Guest 321,0
322_01,Earth,False,F651,TRAPPIST-1e,31.0,True,434.5,434.5,434.5,434.5,434.5,Guest 322,0
323_01,Earth,False,F997,55 Cancri e,29.0,False,4.6,4.6,4.6,4.6,4.6,Guest 323,0
324_01,Europa,True,B243,TRAPPIST-1e,11.0,False,1983.0,1983.0,1983.0,1983.0,1983.0,Guest 324,0
325_01,Europa,True,A449,PSO J318.5-22,18.0,True,470.5,470.5,470.5,470.5,470.5,Guest 325,0
326_01,Europa,False,E232,PSO J318.5-22,5.0,False,225.4,225.4,225.4,225.4,225.4,Guest 326,0
327_01,Mars,True,A806,TRAPPIST-1e,19.0,False,119.2,119.2,119.2,119.2,119.2,Guest 327,0
328_01,Earth,False,F558,TRAPPIST-1e,1.0,False,457.8,457.8,457.8,457.8,457.8,Guest 328,0
329_01,Europa,True,F779,PSO J318.5-22,20.0,True,478.3,478.3,478.3,478.3,478.3,Guest 329,0
330_01,Mars,True,C74,TRAPPIST-1e,18.0,True,3754.2,3754.2,3754.2,3754.2,3754.2,Guest 330,0
331_01,Europa,True,G45,TRAPPIST-1e,20.0,True,1066.8,1066.8,1066.8,1066.8,1066.8,Guest 331,0
332_01,Mars,True,E82,PSO J318.5-22,20.0,True,793.6,793.6,793.6,793.6,793.6,Guest 332,0
333_01,Earth,False,G858,TRAPPIST-1e,44.0,True,154.9,154.9,154.9,154.9,154.9,Guest 333,0
334_01,Mars,False,E532,TRAPPIST-1e,26.0,False,1888.1,1888.1,1888.1,1888.1,1888.1,Guest 334,0
335_01,Mars,True,B61,55 Cancri e,33.0,False,466.5,466.5,466.5,466.5,466.5,Guest 335,0
336_01,Mars,False,E56,55 Cancri e,39.0,False,143.6,143.6,143.6,143.6,143.6,Guest 336,0
337_01,Mars,False,B734,TRAPPIST-1e,41.0,False,372.5,372.5,372.5,372.5,372.5,Guest 337,0
338_01,Earth,True,D179,55 Cancri e,38.0,False,243.6,243.6,243.6,243.6,243.6,Guest 338,1
339_01,Earth,False,G670,PSO J318.5-22,23.0,True,1929.2,1929.2,1929.2,1929.2,1929.2,Guest 339,0
340_01,Europa,False,A194,55 Cancri e,17.0,True,1611.3,1611.3,1611.3,1611.3,1611.3,Guest 340,0
341_01,Europa,True,G901,TRAPPIST-1e,20.0,True,7.5,7.5,7.5,7.5,7.5,Guest 341,0
342_01,Mars,True,G336,55 Cancri e,24.0,True,164.3,164.3,164.3,164.3,164.3,Guest 342,0
343_01,Earth,False,C763,PSO J318.5-22,30.0,False,530.3,530.3,530.3,530.3,530.3,Guest 343,0
344_01,Mars,False,B307,55 Cancri e,29.0,False,363.3,363.3,363.3,363.3,363.3,Guest 344,0
345_01,Mars,False,B7,55 Cancri e,43.0,False,60.8,60.8,60.8,60.8,60.8,Guest 345,0
346_01,Mars,False,A160,TRAPPIST-1e,29.0,False,164.5,164.5,164.5,164.5,164.5,Guest 346,0
347_01,Earth,True,C800,TRAPPIST-1e,52.0,False,256.0,256.0,256.0,256.0,256.0,Guest 347,0
348_01,Earth,True,A346,PSO J318.5-22,43.0,True,100.2,100.2,100.2,100.2,100.2,Guest 348,1
349_01,Europa,True,F702,PSO J318.5-22,24.0,True,661.4,661.4,661.4,661.4,661.4,Guest 349,0
350_01,Earth,True,F186,TRAPPIST-1e,41.0,False,170.9,170.9,170.9,170.9,170.9,Guest 350,0
351_01,Europa,False,G441,TRAPPIST-1e,1.0,False,210.9,210.9,210.9,210.9,210.9,Guest 351,0
352_01,Mars,True,B550,TRAPPIST-1e,47.0,True,222.9,222.9,222.9,222.9,222.9,Guest 352,0
353_01,Earth,True,A759,55 Cancri e,35.0,True,1253.2,1253.2,1253.2,1253.2,1253.2,Guest 353,1
354_01,Europa,True,F933,TRAPPIST-1e,35.0,False,218.7,218.7,218.7,218.7,218.7,Guest 354,0
355_01,Europa,True,B366,55 Cancri e,9.0,False,1582.3,1582.3,1582.3,1582.3,1582.3,Guest 355,0
356_01,Europa,False,C294,TRAPPIST-1e,61.0,False,1425.8,1425.8,1425.8,1425.8,1425.8,Guest 356,0
357_01,Europa,True,F216,55 Cancri e,27.0,True,389.8,389.8,389.8,389.8,389.8,Guest 357,0
358_01,Europa,False,C692,TRAPPIST-1e,28.0,False,668.1,668.1,668.1,668.1,668.1,Guest 358,0
359_01,Europa,False,E673,55 Cancri e,44.0,False,679.7,679.7,679.7,679.7,679.7,Guest 359,0
360_01,Earth,False,A272,TRAPPIST-1e,28.0,True,233.7,233.7,233.7,233.7,233.7,Guest 360,0
361_01,Europa,True,D201,TRAPPIST-1e,20.0,True,735.5,735.5,735.5,735.5,735.5,Guest 361,0
362_01,Europa,True,C98,55 Cancri e,38.0,False,6.7,6.7,6.7,6.7,6.7,Guest 362,0
363_01,Europa,True,D120,TRAPPIST-1e,18.0,False,254.6,254.6,254.6,254.6,254.6,Guest 363,0
364_01,Europa,False,D765,TRAPPIST-1e,39.0,False,983.3,983.3,983.3,983.3,983.3,Guest 364,0
365_01,Europa,False,B797,PSO J318.5-22,32.0,True,220.9,220.9,220.9,220.9,220.9,Guest 365,0
366_01,Europa,True,F472,TRAPPIST-1e,44.0,False,2079.0,2079.0,2079.0,2079.0,2079.0,Guest 366,0
367_01,Europa,True,E769,TRAPPIST-1e,15.0,False,725.9,725.9,725.9,725.9,725.9,Guest 367,0
368_01,Mars,False,D530,PSO J318.5-22,45.0,False,43.2,43.2,43.2,43.2,43.2,Guest 368,0
369_01,Europa,False,C603,PSO J318.5-22,34.0,False,394.8,394.8,394.8,394.8,394.8,Guest 369,0
370_01,Europa,False,G872,TRAPPIST-1e,54.0,True,715.4,715.4,715.4,715.4,715.4,Guest 370,0
371_01,Earth,True,B461,PSO J318.5-22,22.0,True,957.1,957.1,957.1,957.1,957.1,Guest 371,0
372_01,Earth,True,C528,55 Cancri e,53.0,False,341.8,341.8,341.8,341.8,341.8,Guest 372,0
373_01,Earth,False,F993,PSO J318.5-22,39.0,False,30.0,30.0,30.0,30.0,30.0,Guest 373,0
374_01,Earth,False,D989,TRAPPIST-1e,40.0,False,92.6,92.6,92.6,92.6,92.6,Guest 374,0
375_01,Mars,True,F613,TRAPPIST-1e,21.0,False,1348.4,1348.4,1348.4,1348.4,1348.4,Guest 375,0
376_01,Earth,False,E497,PSO J318.5-22,37.0,False,184.0,184.0,184.0,184.0,184.0,Guest 376,0
377_01,Earth,True,A15,TRAPPIST-1e,38.0,False,145.0,145.0,145.0,145.0,145.0,Guest 377,0
378_01,Earth,False,D456,TRAPPIST-1e,20.0,False,924.0,924.0,924.0,924.0,924.0,Guest 378,0
379_01,Europa,False,A288,TRAPPIST-1e,16.0,True,1153.3,1153.3,1153.3,1153.3,1153.3,Guest 379,0
380_01,Earth,False,G446,PSO J318.5-22,21.0,True,344.9,344.9,344.9,344.9,344.9,Guest 380,0
381_01,Europa,False,A234,55 Cancri e,48.0,False,1666.3,1666.3,1666.3,1666.3,1666.3,Guest 381,0
382_01,Earth,False,C987,55 Cancri e,32.0,False,473.5,473.5,473.5,473.5,473.5,Guest 382,0
383_01,Europa,True,D233,PSO J318.5-22,41.0,True,1216.9,1216.9,1216.9,1216.9,1216.9,Guest 383,0
384_01,Mars,False,E662,TRAPPIST-1e,34.0,False,194.7,194.7,194.7,194.7,194.7,Guest 384,0
385_01,Earth,False,B27,TRAPPIST-1e,31.0,True,68.3,68.3,68.3,68.3,68.3,Guest 385,0
386_01,Earth,True,A408,PSO J318.5-22,33.0,True,405.0,405.0,405.0,405.0,405.0,Guest 386,0
387_01,Earth,True,F994,TRAPPIST-1e,25.0,False,791.8,791.8,791.8,791.8,791.8,Guest 387,0
388_01,Mars,False,B384,PSO J318.5-22,45.0,True,790.9,790.9,790.9,790.9,790.9,Guest 388,0
389_01,Earth,False,E93,PSO J318.5-22,32.0,False,24.2,24.2,24.2,24.2,24.2,Guest 389,0
390_01,Earth,False,F678,TRAPPIST-1e,33.0,True,76.3,76.3,76.3,76.3,76.3,Guest 390,0
391_01,Earth,True,A856,TRAPPIST-1e,13.0,False,326.9,326.9,326.9,326.9,326.9,Guest 391,0
392_01,Europa,True,G42,TRAPPIST-1e,34.0,True,857.1,857.1,857.1,857.1,857.1,Guest 392,0
393_01,Earth,False,B618,55 Cancri e,22.0,False,765.8,765.8,765.8,765.8,765.8,Guest 393,0
394_01,Earth,False,C83,55 Cancri e,24.0,False,160.7,160.7,160.7,160.7,160.7,Guest 394,0
395_01,Mars,False,G794,TRAPPIST-1e,43.0,False,2110.9,2110.9,2110.9,2110.9,2110.9,Guest 395,0
396_01,Earth,True,B609,PSO J318.5-22,17.0,True,1841.3,1841.3,1841.3,1841.3,1841.3,Guest 396,0
397_01,Mars,True,C822,PSO J318.5-22,28.0,False,2035.2,2035.2,2035.2,2035.2,2035.2,Guest 397,0
398_01,Europa,True,D947,55 Cancri e,38.0,True,412.7,412.7,412.7,412.7,412.7,Guest 398,0
399_01,Europa,False,F745,PSO J318.5-22,44.0,True,305.7,305.7,305.7,305.7,305.7,Guest 399,0
400_01,Mars,True,A799,PSO J318.5-22,24.0,False,882.0,882.0,882.0,882.0,882.0,Guest 400,0
401_01,Mars,False,D431,55 Cancri e,34.0,True,21.3,21.3,21.3,21.3,21.3,Guest 401,0
402_01,Europa,False,A316,55 Cancri e,34.0,True,265.4,265.4,265.4,265.4,265.4,Guest 402,0
403_01,Mars,False,E935,TRAPPIST-1e,16.0,True,664.1,664.1,664.1,664.1,664.1,Guest 403,0
404_01,Mars,True,A313,TRAPPIST-1e,4.0,True,419.2,419.2,419.2,419.2,419.2,Guest 404,0
405_01,Earth,False,G879,55 Cancri e,6.0,True,366.1,366.1,366.1,366.1,366.1,Guest 405,0
406_01,Mars,True,G462,PSO J318.5-22,37.0,False,470.4,470.4,470.4,470.4,470.4,Guest 406,0
407_01,Earth,True,A23,TRAPPIST-1e,31.0,True,402.1,402.1,402.1,402.1,402.1,Guest 407,0
408_01,Earth,True,E596,PSO J318.5-22,14.0,True,1859.5,1859.5,1859.5,1859.5,1859.5,Guest 408,0
409_01,Europa,True,D751,TRAPPIST-1e,22.0,True,276.6,276.6,276.6,276.6,276.6,Guest 409,0
410_01,Mars,True,A24,55 Cancri e,25.0,False,365.9,365.9,365.9,365.9,365.9,Guest 410,0
411_01,Mars,True,D989,PSO J318.5-22,26.0,True,138.6,138.6,138.6,138.6,138.6,Guest 411,0
412_01,Earth,False,G337,TRAPPIST-1e,30.0,False,260.7,260.7,260.7,260.7,260.7,Guest 412,1
413_01,Earth,True,C457,55 Cancri e,57.0,False,2213.7,2213.7,2213.7,2213.7,2213.7,Guest 413,0
414_01,Europa,True,B744,PSO J318.5-22,20.0,False,715.7,715.7,715.7,715.7,715.7,Guest 414,0
415_01,Mars,False,F581,55 Cancri e,32.0,True,43.2,43.2,43.2,43.2,43.2,Guest 415,0
416_01,Europa,True,D472,PSO J318.5-22,21.0,True,598.8,598.8,598.8,598.8,598.8,Guest 416,0
417_01,Europa,False,B966,TRAPPIST-1e,22.0,False,1003.1,1003.1,1003.1,1003.1,1003.1,Guest 417,0
418_01,Europa,False,B131,PSO J318.5-22,19.0,True,61.5,61.5,61.5,61.5,61.5,Guest 418,0
419_01,Earth,False,B718,TRAPPIST-1e,27.0,True,409.9,409.9,409.9,409.9,409.9,Guest 419,0
420_01,Earth,True,E14,TRAPPIST-1e,23.0,False,694.6,694.6,694.6,694.6,694.6,Guest 420,0
421_01,Mars,True,A768,55 Cancri e,34.0,False,263.4,263.4,263.4,263.4,263.4,Guest 421,0
422_01,Mars,True,B714,PSO J318.5-22,33.0,False,1159.7,1159.7,1159.7,1159.7,1159.7,Guest 422,0
423_01,Europa,False,D410,TRAPPIST-1e,19.0,True,765.7,765.7,765.7,765.7,765.7,Guest 423,0
424_01,Earth,False,C413,55 Cancri e,54.0,False,849.1,849.1,849.1,849.1,849.1,Guest 424,0
425_01,Earth,True,A571,PSO J318.5-22,16.0,False,1035.5,1035.5,1035.5,1035.5,1035.5,Guest 425,1
426_01,Earth,False,A901,55 Cancri e,34.0,False,298.7,298.7,298.7,298.7,298.7,Guest 426,0
427_01,Earth,True,E155,PSO J318.5-22,57.0,False,2038.0,2038.0,2038.0,2038.0,2038.0,Guest 427,0
428_01,Mars,False,A386,TRAPPIST-1e,21.0,False,1171.0,1171.0,1171.0,1171.0,1171.0,Guest 428,0
429_01,Earth,False,B459,PSO J318.5-22,46.0,False,211.7,211.7,211.7,211.7,211.7,Guest 429,0
430_01,Europa,True,A353,PSO J318.5-22,47.0,True,1488.1,1488.1,1488.1,1488.1,1488.1,Guest 430,0
431_01,Earth,True,B241,TRAPPIST-1e,34.0,True,3829.0,3829.0,3829.0,3829.0,3829.0,Guest 431,0
432_01,Earth,False,D486,TRAPPIST-1e,7.0,False,1726.9,1726.9,1726.9,1726.9,1726.9,Guest 432,0
433_01,Mars,True,E335,PSO J318.5-22,47.0,True,383.5,383.5,383.5,383.5,383.5,Guest 433,0
434_01,Europa,True,F590,PSO J318.5-22,31.0,True,1504.2,1504.2,1504.2,1504.2,1504.2,Guest 434,0
435_01,Mars,True,B433,PSO J318.5-22,23.0,True,467.5,467.5,467.5,467.5,467.5,Guest 435,0
436_01,Europa,True,B831,PSO J318.5-22,46.0,True,362.7,362.7,362.7,362.7,362.7,Guest 436,0
437_01,Earth,False,A836,TRAPPIST-1e,21.0,False,671.7,671.7,671.7,671.7,671.7,Guest 437,0
438_01,Earth,True,E544,55 Cancri e,43.0,False,479.4,479.4,479.4,479.4,479.4,Guest 438,0
439_01,Europa,True,D874,55 Cancri e,23.0,False,1543.1,1543.1,1543.1,1543.1,1543.1,Guest 439,0
440_01,Europa,False,C509,TRAPPIST-1e,37.0,True,2212.9,2212.9,2212.9,2212.9,2212.9,Guest 440,0
441_01,Europa,True,A354,55 Cancri e,17.0,False,575.5,575.5,575.5,575.5,575.5,Guest 441,0
442_01,Europa,False,E575,55 Cancri e,25.0,False,131.0,131.0,131.0,131.0,131.0,Guest 442,0
443_01,Mars,False,E850,55 Cancri e,19.0,True,598.8,598.8,598.8,598.8,598.8,Guest 443,0
444_01,Earth,True,E545,TRAPPIST-1e,21.0,False,1028.8,1028.8,1028.8,1028.8,1028.8,Guest 444,0
445_01,Mars,True,D802,TRAPPIST-1e,32.0,True,1524.3,1524.3,1524.3,1524.3,1524.3,Guest 445,0
446_01,Mars,True,G353,TRAPPIST-1e,28.0,True,9.3,9.3,9.3,9.3,9.3,Guest 446,0
447_01,Mars,True,D666,TRAPPIST-1e,32.0,True,190.2,190.2,190.2,190.2,190.2,Guest 447,0
448_01,Mars,False,C564,TRAPPIST-1e,46.0,False,616.6,616.6,616.6,616.6,616.6,Guest 448,0
449_01,Earth,False,C654,55 Cancri e,29.0,True,82.6,82.6,82.6,82.6,82.6,Guest 449,0
450_01,Mars,False,E445,TRAPPIST-1e,7.0,True,443.6,443.6,443.6,443.6,443.6,Guest 450,0
451_01,Europa,False,F130,PSO J318.5-22,26.0,False,32.0,32.0,32.0,32.0,32.0,Guest 451,0
452_01,Earth,False,G16,55 Cancri e,31.0,False,637.8,637.8,637.8,637.8,637.8,Guest 452,0
453_01,Mars,False,D87,55 Cancri e,42.0,True,97.9,97.9,97.9,97.9,97.9,Guest 453,0
454_01,Mars,True,A71,55 Cancri e,43.0,True,617.1,617.1,617.1,617.1,617.1,Guest 454,0
455_01,Earth,False,C424,TRAPPIST-1e,42.0,True,767.3,767.3,767.3,767.3,767.3,Guest 455,0
456_01,Mars,False,E377,55 Cancri e,27.0,False,1521.9,1521.9,1521.9,1521.9,1521.9,Guest 456,0
457_01,Europa,True,B630,PSO J318.5-22,38.0,True,669.0,669.0,669.0,669.0,669.0,Guest 457,0
458_01,Europa,False,C955,PSO J318.5-22,12.0,False,923.2,923.2,923.2,923.2,923.2,Guest 458,0
459_01,Europa,False,A415,55 Cancri e,46.0,True,126.3,126.3,126.3,126.3,126.3,Guest 459,0
460_01,Europa,True,C324,TRAPPIST-1e,35.0,False,2510.7,2510.7,2510.7,2510.7,2510.7,Guest 460,0
461_01,Mars,False,E618,PSO J318.5-22,36.0,False,568.7,568.7,568.7,568.7,568.7,Guest 461,0
462_01,Earth,True,E523,PSO J318.5-22,25.0,True,73.8,73.8,73.8,73.8,73.8,Guest 462,0
463_01,Earth,False,D52,TRAPPIST-1e,31.0,False,1472.1,1472.1,1472.1,1472.1,1472.1,Guest 463,0
464_01,Europa,True,D789,55 Cancri e,22.0,True,692.1,692.1,692.1,692.1,692.1,Guest 464,0
465_01,Earth,True,A352,TRAPPIST-1e,37.0,False,831.5,831.5,831.5,831.5,831.5,Guest 465,1
466_01,Europa,True,C545,TRAPPIST-1e,14.0,False,553.1,553.1,553.1,553.1,553.1,Guest 466,0
467_01,Mars,True,C649,PSO J318.5-22,42.0,False,3848.2,3848.2,3848.2,3848.2,3848.2,Guest 467,0
468_01,Europa,True,C931,55 Cancri e,37.0,False,424.1,424.1,424.1,424.1,424.1,Guest 468,0
469_01,Earth,False,A319,PSO J318.5-22,55.0,False,49.7,49.7,49.7,49.7,49.7,Guest 469,0
470_01,Earth,True,D466,TRAPPIST-1e,30.0,True,63.1,63.1,63.1,63.1,63.1,Guest 470,0
471_01,Mars,False,F871,PSO J318.5-22,29.0,True,469.7,469.7,469.7,469.7,469.7,Guest 471,0
472_01,Earth,False,A948,55 Cancri e,32.0,True,401.1,401.1,401.1,401.1,401.1,Guest 472,0
473_01,Mars,True,B730,PSO J318.5-22,30.0,True,1810.3,1810.3,1810.3,1810.3,1810.3,Guest 473,0
474_01,Mars,True,A826,PSO J318.5-22,29.0,False,1898.9,1898.9,1898.9,1898.9,1898.9,Guest 474,0
475_01,Mars,False,F34,55 Cancri e,16.0,False,12.3,12.3,12.3,12.3,12.3,Guest 475,0
476_01,Earth,False,A577,55 Cancri e,16.0,False,439.5,439.5,439.5,439.5,439.5,Guest 476,0
477_01,Earth,True,G303,PSO J318.5-22,23.0,False,110.2,110.2,110.2,110.2,110.2,Guest 477,0
478_01,Mars,False,D597,55 Cancri e,26.0,True,2079.9,2079.9,2079.9,2079.9,2079.9,Guest 478,0
479_01,Mars,True,E633,TRAPPIST-1e,15.0,False,1194.2,1194.2,1194.2,1194.2,1194.2,Guest 479,0
480_01,Europa,True,B403,TRAPPIST-1e,16.0,False,419.7,419.7,419.7,419.7,419.7,Guest 480,0
481_01,Europa,True,A859,PSO J318.5-22,27.0,False,611.5,611.5,611.5,611.5,611.5,Guest 481,0
482_01,Mars,False,F815,PSO J318.5-22,39.0,True,58.3,58.3,58.3,58.3,58.3,Guest 482,0
483_01,Earth,True,C59,TRAPPIST-1e,28.0,False,147.8,147.8,147.8,147.8,147.8,Guest 483,1
484_01,Earth,True,G889,TRAPPIST-1e,38.0,False,580.5,580.5,580.5,580.5,580.5,Guest 484,0
485_01,Europa,True,C742,PSO J318.5-22,42.0,True,445.6,445.6,445.6,445.6,445.6,Guest 485,0
486_01,Mars,False,D850,PSO J318.5-22,39.0,True,1382.4,1382.4,1382.4,1382.4,1382.4,Guest 486,0
487_01,Europa,True,B305,55 Cancri e,25.0,False,290.5,290.5,290.5,290.5,290.5,Guest 487,0
488_01,Mars,False,A406,TRAPPIST-1e,25.0,True,1836.1,1836.1,1836.1,1836.1,1836.1,Guest 488,0
489_01,Mars,True,A746,TRAPPIST-1e,7.0,False,56.2,56.2,56.2,56.2,56.2,Guest 489,0
490_01,Earth,False,F866,PSO J318.5-22,22.0,True,103.9,103.9,103.9,103.9,103.9,Guest 490,0
491_01,Mars,False,F293,55 Cancri e,36.0,False,722.1,722.1,722.1,722.1,722.1,Guest 491,0
492_01,Mars,True,B681,PSO J318.5-22,17.0,True,136.8,136.8,136.8,136.8,136.8,Guest 492,0
493_01,Europa,True,F392,PSO J318.5-22,47.0,True,5543.4,5543.4,5543.4,5543.4,5543.4,Guest 493,0
494_01,Earth,False,F469,TRAPPIST-1e,48.0,False,2148.1,2148.1,2148.1,2148.1,2148.1,Guest 494,0
495_01,Earth,False,G488,55 Cancri e,25.0,True,260.1,260.1,260.1,260.1,260.1,Guest 495,0
496_01,Mars,False,D386,PSO J318.5-22,41.0,True,612.4,612.4,612.4,612.4,612.4,Guest 496,0
497_01,Europa,True,B888,55 Cancri e,13.0,False,1085.6,1085.6,1085.6,1085.6,1085.6,Guest 497,0
498_01,Europa,False,B836,55 Cancri e,17.0,True,1902.5,1902.5,1902.5,1902.5,1902.5,Guest 498,0
499_01,Mars,False,E43,TRAPPIST-1e,25.0,False,1757.9,1757.9,1757.9,1757.9,1757.9,Guest 499,0
500_01,Mars,False,C63,TRAPPIST-1e,30.0,False,349.7,349.7,349.7,349.7,349.7,Guest 500,0
501_01,Earth,True,G80,TRAPPIST-1e,28.0,True,751.8,751.8,751.8,751.8,751.8,Guest 501,1
502_01,Mars,True,C146,55 Cancri e,19.0,True,454.1,454.1,454.1,454.1,454.1,Guest 502,0
503_01,Mars,True,B214,PSO J318.5-22,54.0,True,1929.2,1929.2,1929.2,1929.2,1929.2,Guest 503,0
504_01,Mars,False,A197,PSO J318.5-22,34.0,False,1078.9,1078.9,1078.9,1078.9,1078.9,Guest 504,0
505_01,Earth,True,E283,TRAPPIST-1e,34.0,False,52.9,52.9,52.9,52.9,52.9,Guest 505,0
506_01,Earth,False,C390,TRAPPIST-1e,38.0,False,597.8,597.8,597.8,597.8,597.8,Guest 506,0
507_01,Europa,False,F724,TRAPPIST-1e,32.0,True,607.6,607.6,607.6,607.6,607.6,Guest 507,0
508_01,Earth,False,E597,55 Cancri e,27.0,False,175.8,175.8,175.8,175.8,175.8,Guest 508,1
509_01,Earth,True,B125,55 Cancri e,23.0,True,506.1,506.1,506.1,506.1,506.1,Guest 509,1
510_01,Earth,True,B673,PSO J318.5-22,10.0,True,968.4,968.4,968.4,968.4,968.4,Guest 510,1
511_01,Europa,True,E580,PSO J318.5-22,48.0,True,1396.6,1396.6,1396.6,1396.6,1396.6,Guest 511,0
512_01,Mars,False,E2,PSO J318.5-22,19.0,True,1145.2,1145.2,1145.2,1145.2,1145.2,Guest 512,0
513_01,Mars,True,E869,TRAPPIST-1e,10.0,False,1602.2,1602.2,1602.2,1602.2,1602.2,Guest 513,0
514_01,Earth,True,A207,PSO J318.5-22,20.0,True,500.9,500.9,500.9,500.9,500.9,Guest 514,0
515_01,Mars,True,B500,55 Cancri e,10.0,True,145.5,145.5,145.5,145.5,145.5,Guest 515,0
516_01,Europa,False,C518,55 Cancri e,54.0,False,516.3,516.3,516.3,516.3,516.3,Guest 516,0
517_01,Europa,True,A57,55 Cancri e,34.0,False,422.6,422.6,422.6,422.6,422.6,Guest 517,0
518_01,Mars,True,A145,TRAPPIST-1e,47.0,True,95.8,95.8,95.8,95.8,95.8,Guest 518,0
519_01,Europa,False,E171,55 Cancri e,48.0,True,295.5,295.5,295.5,295.5,295.5,Guest 519,0
520_01,Earth,True,B921,TRAPPIST-1e,37.0,True,938.4,938.4,938.4,938.4,938.4,Guest 520,0
521_01,Earth,True,G898,TRAPPIST-1e,37.0,True,2139.2,2139.2,2139.2,2139.2,2139.2,Guest 521,0
522_01,Earth,False,G881,TRAPPIST-1e,21.0,True,1977.6,1977.6,1977.6,1977.6,1977.6,Guest 522,0
523_01,Earth,True,B247,PSO J318.5-22,29.0,False,307.9,307.9,307.9,307.9,307.9,Guest 523,0
524_01,Europa,True,G417,TRAPPIST-1e,23.0,True,654.3,654.3,654.3,654.3,654.3,Guest 524,0
525_01,Europa,False,C545,PSO J318.5-22,31.0,True,276.1,276.1,276.1,276.1,276.1,Guest 525,0
526_01,Earth,True,F55,55 Cancri e,21.0,False,1058.9,1058.9,1058.9,1058.9,1058.9,Guest 526,0
527_01,Mars,False,B135,55 Cancri e,46.0,False,163.9,163.9,163.9,163.9,163.9,Guest 527,0
528_01,Earth,True,C474,PSO J318.5-22,39.0,True,674.3,674.3,674.3,674.3,674.3,Guest 528,0
529_01,Europa,False,D110,TRAPPIST-1e,29.0,True,210.4,210.4,210.4,210.4,210.4,Guest 529,0
530_01,Earth,False,C461,PSO J318.5-22,10.0,True,105.1,105.1,105.1,105.1,105.1,Guest 530,0
531_01,Mars,True,E530,TRAPPIST-1e,38.0,True,949.5,949.5,949.5,949.5,949.5,Guest 531,0
532_01,Earth,True,E30,55 Cancri e,41.0,True,169.1,169.1,169.1,169.1,169.1,Guest 532,1
533_01,Europa,True,G775,PSO J318.5-22,29.0,True,716.5,716.5,716.5,716.5,716.5,Guest 533,0
534_01,Europa,True,D386,PSO J318.5-22,15.0,True,309.7,309.7,309.7,309.7,309.7,Guest 534,0
535_01,Europa,False,C475,PSO J318.5-22,35.0,False,0.2,0.2,0.2,0.2,0.2,Guest 535,0
536_01,Earth,False,A656,TRAPPIST-1e,43.0,True,1165.5,1165.5,1165.5,1165.5,1165.5,Guest 536,0
537_01,Europa,False,A870,55 Cancri e,7.0,False,2125.9,2125.9,2125.9,2125.9,2125.9,Guest 537,0
538_01,Earth,False,B159,PSO J318.5-22,37.0,True,419.9,419.9,419.9,419.9,419.9,Guest 538,0
539_01,Europa,False,E179,TRAPPIST-1e,8.0,False,686.2,686.2,686.2,686.2,686.2,Guest 539,0
540_01,Europa,False,B634,PSO J318.5-22,31.0,False,977.0,977.0,977.0,977.0,977.0,Guest 540,0
541_01,Mars,False,C889,PSO J318.5-22,51.0,False,1714.1,1714.1,1714.1,1714.1,1714.1,Guest 541,0
542_01,Mars,False,B217,TRAPPIST-1e,31.0,True,165.8,165.8,165.8,165.8,165.8,Guest 542,0
543_01,Europa,True,G467,TRAPPIST-1e,36.0,False,1463.8,1463.8,1463.8,1463.8,1463.8,Guest 543,0
544_01,Earth,True,A40,TRAPPIST-1e,26.0,False,1469.7,1469.7,1469.7,1469.7,1469.7,Guest 544,0
545_01,Earth,True,G8,PSO J318.5-22,30.0,False,230.1,230.1,230.1,230.1,230.1,Guest 545,1
546_01,Mars,False,E927,PSO J318.5-22,59.0,True,401.4,401.4,401.4,401.4,401.4,Guest 546,0
547_01,Earth,True,D763,PSO J318.5-22,46.0,True,5.5,5.5,5.5,5.5,5.5,Guest 547,1
548_01,Europa,False,A696,55 Cancri e,26.0,True,231.8,231.8,231.8,231.8,231.8,Guest 548,0
549_01,Europa,False,F53,PSO J318.5-22,25.0,True,305.5,305.5,305.5,305.5,305.5,Guest 549,0
550_01,Mars,False,F699,TRAPPIST-1e,30.0,True,1689.5,1689.5,1689.5,1689.5,1689.5,Guest 550,0
551_01,Earth,True,D718,PSO J318.5-22,57.0,True,1306.5,1306.5,1306.5,1306.5,1306.5,Guest 551,0
552_01,Europa,False,C339,55 Cancri e,33.0,False,185.9,185.9,185.9,185.9,185.9,Guest 552,0
553_01,Mars,False,A808,55 Cancri e,44.0,False,480.9,480.9,480.9,480.9,480.9,Guest 553,0
554_01,Earth,True,E997,TRAPPIST-1e,26.0,True,3023.1,3023.1,3023.1,3023.1,3023.1,Guest 554,0
555_01,Mars,True,F248,55 Cancri e,14.0,False,511.3,511.3,511.3,511.3,511.3,Guest 555,0
556_01,Europa,True,D36,TRAPPIST-1e,46.0,True,914.7,914.7,914.7,914.7,914.7,Guest 556,0
557_01,Earth,False,C289,TRAPPIST-1e,29.0,True,1044.4,1044.4,1044.4,1044.4,1044.4,Guest 557,0
558_01,Europa,False,B677,TRAPPIST-1e,20.0,False,212.0,212.0,212.0,212.0,212.0,Guest 558,0
559_01,Mars,False,D899,55 Cancri e,22.0,True,38.0,38.0,38.0,38.0,38.0,Guest 559,0
560_01,Europa,False,B941,PSO J318.5-22,22.0,True,1620.5,1620.5,1620.5,1620.5,1620.5,Guest 560,0
561_01,Europa,False,G812,55 Cancri e,23.0,True,230.9,230.9,230.9,230.9,230.9,Guest 561,0
562_01,Europa,True,D612,PSO J318.5-22,11.0,True,31.8,31.8,31.8,31.8,31.8,Guest 562,0
563_01,Mars,True,A210,TRAPPIST-1e,45.0,True,1920.7,1920.7,1920.7,1920.7,1920.7,Guest 563,0
564_01,Mars,True,E319,55 Cancri e,35.0,True,52.1,52.1,52.1,52.1,52.1,Guest 564,0
565_01,Europa,True,E209,PSO J318.5-22,42.0,True,9.3,9.3,9.3,9.3,9.3,Guest 565,0
566_01,Earth,False,E576,55 Cancri e,26.0,False,377.7,377.7,377.7,377.7,377.7,Guest 566,0
567_01,Earth,False,C95,55 Cancri e,34.0,False,1463.4,1463.4,1463.4,1463.4,1463.4,Guest 567,0
568_01,Mars,True,B795,TRAPPIST-1e,32.0,True,696.5,696.5,696.5,696.5,696.5,Guest 568,0
569_01,Europa,False,G645,TRAPPIST-1e,44.0,True,841.4,841.4,841.4,841.4,841.4,Guest 569,0
570_01,Europa,False,G795,55 Cancri e,40.0,False,79.7,79.7,79.7,79.7,79.7,Guest 570,0
571_01,Europa,True,C709,PSO J318.5-22,34.0,False,708.8,708.8,708.8,708.8,708.8,Guest 571,0
572_01,Earth,True,B665,TRAPPIST-1e,22.0,True,427.1,427.1,427.1,427.1,427.1,Guest 572,0
573_01,Earth,False,D315,TRAPPIST-1e,15.0,True,301.2,301.2,301.2,301.2,301.2,Guest 573,0
574_01,Earth,False,B906,PSO J318.5-22,20.0,False,426.8,426.8,426.8,426.8,426.8,Guest 574,0
575_01,Europa,False,A764,TRAPPIST-1e,22.0,True,315.5,315.5,315.5,315.5,315.5,Guest 575,0
576_01,Mars,True,C122,TRAPPIST-1e,23.0,False,107.4,107.4,107.4,107.4,107.4,Guest 576,0
577_01,Earth,True,B231,TRAPPIST-1e,15.0,False,426.6,426.6,426.6,426.6,426.6,Guest 577,0
578_01,Europa,True,A97,55 Cancri e,50.0,False,501.0,501.0,501.0,501.0,501.0,Guest 578,0
579_01,Mars,True,D676,TRAPPIST-1e,33.0,False,756.6,756.6,756.6,756.6,756.6,Guest 579,0
580_01,Europa,True,E454,PSO J318.5-22,5.0,False,877.1,877.1,877.1,877.1,877.1,Guest 580,0
581_01,Mars,True,D235,PSO J318.5-22,17.0,False,1276.2,1276.2,1276.2,1276.2,1276.2,Guest 581,0
582_01,Earth,False,A706,55 Cancri e,14.0,True,558.0,558.0,558.0,558.0,558.0,Guest 582,0
583_01,Europa,False,F111,PSO J318.5-22,33.0,True,746.7,746.7,746.7,746.7,746.7,Guest 583,0
584_01,Earth,False,A987,TRAPPIST-1e,43.0,True,366.0,366.0,366.0,366.0,366.0,Guest 584,0
585_01,Earth,False,B954,PSO J318.5-22,18.0,True,584.8,584.8,584.8,584.8,584.8,Guest 585,0
586_01,Europa,True,E98,55 Cancri e,38.0,False,318.9,318.9,318.9,318.9,318.9,Guest 586,0
587_01,Mars,False,E678,PSO J318.5-22,27.0,True,633.2,633.2,633.2,633.2,633.2,Guest 587,0
588_01,Mars,False,C610,TRAPPIST-1e,44.0,True,2138.7,2138.7,2138.7,2138.7,2138.7,Guest 588,0
589_01,Earth,True,G303,55 Cancri e,47.0,True,937.3,937.3,937.3,937.3,937.3,Guest 589,1
590_01,Europa,False,F334,PSO J318.5-22,34.0,False,366.8,366.8,366.8,366.8,366.8,Guest 590,0
591_01,Mars,True,D956,PSO J318.5-22,39.0,False,1076.1,1076.1,1076.1,1076.1,1076.1,Guest 591,0
592_01,Europa,True,E80,55 Cancri e,30.0,False,461.8,461.8,461.8,461.8,461.8,Guest 592,0
593_01,Mars,True,G900,TRAPPIST-1e,25.0,True,42.0,42.0,42.0,42.0,42.0,Guest 593,0
594_01,Europa,False,F490,TRAPPIST-1e,16.0,False,211.5,211.5,211.5,211.5,211.5,Guest 594,0
595_01,Europa,True,E550,TRAPPIST-1e,34.0,False,1799.0,1799.0,1799.0,1799.0,1799.0,Guest 595,0
596_01,Europa,True,A506,PSO J318.5-22,29.0,True,2787.4,2787.4,2787.4,2787.4,2787.4,Guest 596,0
597_01,Earth,False,C785,PSO J318.5-22,25.0,False,2206.8,2206.8,2206.8,2206.8,2206.8,Guest 597,0
598_01,Europa,False,A191,55 Cancri e,29.0,True,141.2,141.2,141.2,141.2,141.2,Guest 598,0
599_01,Mars,True,F232,55 Cancri e,28.0,False,3276.8,3276.8,3276.8,3276.8,3276.8,Guest 599,0
600_01,Mars,True,D110,TRAPPIST-1e,17.0,False,93.1,93.1,93.1,93.1,93.1,Guest 600,0
601_01,Earth,True,G449,PSO J318.5-22,24.0,False,130.5,130.5,130.5,130.5,130.5,Guest 601,0
602_01,Mars,False,B40,PSO J318.5-22,44.0,False,993.5,993.5,993.5,993.5,993.5,Guest 602,0
603_01,Earth,True,D968,TRAPPIST-1e,27.0,True,143.2,143.2,143.2,143.2,143.2,Guest 603,1
604_01,Earth,True,B439,TRAPPIST-1e,47.0,False,84.4,84.4,84.4,84.4,84.4,Guest 604,1
605_01,Europa,False,B350,55 Cancri e,16.0,False,111.8,111.8,111.8,111.8,111.8,Guest 605,0
606_01,Europa,False,A928,TRAPPIST-1e,14.0,False,119.3,119.3,119.3,119.3,119.3,Guest 606,0
607_01,Mars,True,G858,PSO J318.5-22,32.0,False,585.6,585.6,585.6,585.6,585.6,Guest 607,0
608_01,Europa,True,G219,PSO J318.5-22,39.0,False,1470.9,1470.9,1470.9,1470.9,1470.9,Guest 608,0
609_01,Earth,True,G77,55 Cancri e,22.0,False,682.2,682.2,682.2,682.2,682.2,Guest 609,0
610_01,Europa,True,F718,PSO J318.5-22,38.0,False,365.0,365.0,365.0,365.0,365.0,Guest 610,0
611_01,Earth,False,D358,PSO J318.5-22,41.0,True,281.6,281.6,281.6,281.6,281.6,Guest 611,0
612_01,Mars,False,B827,PSO J318.5-22,43.0,False,261.8,261.8,261.8,261.8,261.8,Guest 612,0
613_01,Earth,True,E378,PSO J318.5-22,29.0,True,598.2,598.2,598.2,598.2,598.2,Guest 613,0
614_01,Mars,True,B300,55 Cancri e,29.0,True,1266.9,1266.9,1266.9,1266.9,1266.9,Guest 614,0
615_01,Mars,True,F459,PSO J318.5-22,10.0,True,388.5,388.5,388.5,388.5,388.5,Guest 615,0
616_01,Mars,True,B43,55 Cancri e,30.0,False,106.2,106.2,106.2,106.2,106.2,Guest 616,0
617_01,Mars,False,G174,55 Cancri e,33.0,False,520.1,520.1,520.1,520.1,520.1,Guest 617,0
618_01,Earth,True,C149,PSO J318.5-22,47.0,True,18.9,18.9,18.9,18.9,18.9,Guest 618,1
619_01,Mars,False,E708,55 Cancri e,15.0,False,2040.6,2040.6,2040.6,2040.6,2040.6,Guest 619,0
620_01,Europa,False,D300,PSO J318.5-22,20.0,False,734.9,734.9,734.9,734.9,734.9,Guest 620,0
621_01,Mars,True,D815,PSO J318.5-22,18.0,False,686.4,686.4,686.4,686.4,686.4,Guest 621,0
622_01,Mars,True,D948,55 Cancri e,41.0,True,2267.5,2267.5,2267.5,2267.5,2267.5,Guest 622,0
623_01,Earth,True,B494,TRAPPIST-1e,1.0,True,83.2,83.2,83.2,83.2,83.2,Guest 623,0
624_01,Mars,True,G186,55 Cancri e,17.0,False,427.2,427.2,427.2,427.2,427.2,Guest 624,0
625_01,Europa,False,F14,55 Cancri e,55.0,True,51.9,51.9,51.9,51.9,51.9,Guest 625,0
626_01,Mars,True,G962,55 Cancri e,38.0,False,2298.9,2298.9,2298.9,2298.9,2298.9,Guest 626,0
627_01,Earth,False,B120,PSO J318.5-22,14.0,False,96.6,96.6,96.6,96.6,96.6,Guest 627,0
628_01,Europa,True,E745,PSO J318.5-22,29.0,True,1263.4,1263.4,1263.4,1263.4,1263.4,Guest 628,0
629_01,Europa,True,B19,TRAPPIST-1e,40.0,True,1845.2,1845.2,1845.2,1845.2,1845.2,Guest 629,0
630_01,Mars,False,F915,TRAPPIST-1e,37.0,False,1182.3,1182.3,1182.3,1182.3,1182.3,Guest 630,0
631_01,Earth,False,B558,55 Cancri e,27.0,False,196.3,196.3,196.3,196.3,196.3,Guest 631,0
632_01,Europa,False,D658,55 Cancri e,20.0,False,1230.8,1230.8,1230.8,1230.8,1230.8,Guest 632,0
633_01,Earth,False,D616,PSO J318.5-22,40.0,False,2176.1,2176.1,2176.1,2176.1,2176.1,Guest 633,0
634_01,Europa,False,A235,TRAPPIST-1e,30.0,True,594.9,594.9,594.9,594.9,594.9,Guest 634,0
635_01,Mars,False,F118,55 Cancri e,40.0,True,220.9,220.9,220.9,220.9,220.9,Guest 635,0
636_01,Mars,False,B834,PSO J318.5-22,35.0,False,441.2,441.2,441.2,441.2,441.2,Guest 636,0
637_01,Europa,True,G554,PSO J318.5-22,24.0,True,1014.5,1014.5,1014.5,1014.5,1014.5,Guest 637,0
638_01,Earth,False,E568,55 Cancri e,47.0,False,348.7,348.7,348.7,348.7,348.7,Guest 638,0
639_01,Earth,True,E112,TRAPPIST-1e,24.0,False,355.3,355.3,355.3,355.3,355.3,Guest 639,0
640_01,Europa,True,F946,TRAPPIST-1e,35.0,True,27.8,27.8,27.8,27.8,27.8,Guest 640,0
641_01,Europa,True,B696,55 Cancri e,22.0,True,434.9,434.9,434.9,434.9,434.9,Guest 641,0
642_01,Europa,True,F423,55 Cancri e,27.0,False,188.5,188.5,188.5,188.5,188.5,Guest 642,0
643_01,Earth,False,C47,55 Cancri e,27.0,False,120.7,120.7,120.7,120.7,120.7,Guest 643,0
644_01,Earth,True,A469,TRAPPIST-1e,22.0,True,569.0,569.0,569.0,569.0,569.0,Guest 644,1
645_01,Mars,False,C978,55 Cancri e,33.0,False,2488.1,2488.1,2488.1,2488.1,2488.1,Guest 645,0
646_01,Europa,True,C760,TRAPPIST-1e,46.0,True,206.4,206.4,206.4,206.4,206.4,Guest 646,0
647_01,Europa,False,A22,PSO J318.5-22,53.0,True,1342.0,1342.0,1342.0,1342.0,1342.0,Guest 647,0
648_01,Europa,True,B748,PSO J318.5-22,47.0,False,167.4,167.4,167.4,167.4,167.4,Guest 648,0
649_01,Mars,False,C870,55 Cancri e,28.0,False,493.5,493.5,493.5,493.5,493.5,Guest 649,0
650_01,Europa,False,A256,55 Cancri e,48.0,True,93.4,93.4,93.4,93.4,93.4,Guest 650,0
651_01,Earth,False,F841,TRAPPIST-1e,35.0,True,612.9,612.9,612.9,612.9,612.9,Guest 651,0
652_01,Earth,False,E971,PSO J318.5-22,52.0,False,14.7,14.7,14.7,14.7,14.7,Guest 652,0
653_01,Mars,False,D418,TRAPPIST-1e,15.0,False,1274.8,1274.8,1274.8,1274.8,1274.8,Guest 653,0
654_01,Earth,True,D103,55 Cancri e,48.0,True,382.5,382.5,382.5,382.5,382.5,Guest 654,0
655_01,Europa,True,G370,TRAPPIST-1e,23.0,True,4810.2,4810.2,4810.2,4810.2,4810.2,Guest 655,0
656_01,Europa,True,E905,PSO J318.5-22,44.0,False,199.7,199.7,199.7,199.7,199.7,Guest 656,0
657_01,Earth,False,G464,PSO J318.5-22,24.0,False,1711.1,1711.1,1711.1,1711.1,1711.1,Guest 657,0
658_01,Earth,False,A299,55 Cancri e,41.0,True,14.2,14.2,14.2,14.2,14.2,Guest 658,0
659_01,Earth,True,G442,55 Cancri e,27.0,False,345.9,345.9,345.9,345.9,345.9,Guest 659,0
660_01,Earth,False,G832,TRAPPIST-1e,7.0,False,174.9,174.9,174.9,174.9,174.9,Guest 660,0
661_01,Mars,False,B608,TRAPPIST-1e,18.0,False,130.6,130.6,130.6,130.6,130.6,Guest 661,0
662_01,Mars,True,D115,TRAPPIST-1e,27.0,False,143.4,143.4,143.4,143.4,143.4,Guest 662,0
663_01,Europa,False,A317,TRAPPIST-1e,30.0,False,885.7,885.7,885.7,885.7,885.7,Guest 663,0
664_01,Mars,False,G285,TRAPPIST-1e,3.0,True,777.2,777.2,777.2,777.2,777.2,Guest 664,0
665_01,Europa,False,F766,55 Cancri e,16.0,False,1309.5,1309.5,1309.5,1309.5,1309.5,Guest 665,0
666_01,Europa,False,A512,55 Cancri e,21.0,False,849.5,849.5,849.5,849.5,849.5,Guest 666,0
667_01,Europa,False,D73,PSO J318.5-22,27.0,True,833.6,833.6,833.6,833.6,833.6,Guest 667,0
668_01,Earth,False,C18,PSO J318.5-22,33.0,False,9.4,9.4,9.4,9.4,9.4,Guest 668,0
669_01,Mars,False,E364,55 Cancri e,20.0,True,654.0,654.0,654.0,654.0,654.0,Guest 669,0
670_01,Europa,False,D567,PSO J318.5-22,12.0,True,319.9,319.9,319.9,319.9,319.9,Guest 670,0
671_01,Europa,True,F575,TRAPPIST-1e,34.0,True,999.9,999.9,999.9,999.9,999.9,Guest 671,0
672_01,Earth,False,F384,TRAPPIST-1e,26.0,False,643.9,643.9,643.9,643.9,643.9,Guest 672,0
673_01,Europa,True,D411,PSO J318.5-22,41.0,True,1670.1,1670.1,1670.1,1670.1,1670.1,Guest 673,0
674_01,Europa,True,A302,55 Cancri e,24.0,False,539.7,539.7,539.7,539.7,539.7,Guest 674,0
675_01,Earth,False,F158,55 Cancri e,38.0,False,3.3,3.3,3.3,3.3,3.3,Guest 675,0
676_01,Earth,False,B328,55 Cancri e,19.0,True,1264.8,1264.8,1264.8,1264.8,1264.8,Guest 676,0
677_01,Earth,False,D657,PSO J318.5-22,33.0,False,810.2,810.2,810.2,810.2,810.2,Guest 677,0
678_01,Mars,True,E294,TRAPPIST-1e,31.0,True,706.8,706.8,706.8,706.8,706.8,Guest 678,0
679_01,Earth,False,E906,PSO J318.5-22,35.0,False,538.5,538.5,538.5,538.5,538.5,Guest 679,0
680_01,Earth,False,F560,TRAPPIST-1e,19.0,True,1110.1,1110.1,1110.1,1110.1,1110.1,Guest 680,0
681_01,Earth,False,C162,TRAPPIST-1e,29.0,False,347.5,347.5,347.5,347.5,347.5,Guest 681,0
682_01,Earth,True,F463,55 Cancri e,20.0,False,167.5,167.5,167.5,167.5,167.5,Guest 682,0
683_01,Mars,False,D176,55 Cancri e,28.0,False,93.5,93.5,93.5,93.5,93.5,Guest 683,0
684_01,Earth,True,A131,55 Cancri e,38.0,False,1120.6,1120.6,1120.6,1120.6,1120.6,Guest 684,0
685_01,Mars,False,B109,TRAPPIST-1e,66.0,True,67.8,67.8,67.8,67.8,67.8,Guest 685,0
686_01,Europa,False,D170,55 Cancri e,30.0,True,291.7,291.7,291.7,291.7,291.7,Guest 686,0
687_01,Earth,True,B188,55 Cancri e,39.0,False,773.5,773.5,773.5,773.5,773.5,Guest 687,0
688_01,Mars,True,F969,TRAPPIST-1e,31.0,False,1613.5,1613.5,1613.5,1613.5,1613.5,Guest 688,0
689_01,Europa,True,B49,PSO J318.5-22,44.0,True,142.5,142.5,142.5,142.5,142.5,Guest 689,0
690_01,Earth,False,A452,PSO J318.5-22,36.0,True,8.3,8.3,8.3,8.3,8.3,Guest 690,0
691_01,Europa,True,G649,PSO J318.5-22,43.0,True,664.3,664.3,664.3,664.3,664.3,Guest 691,0
692_01,Europa,False,D71,TRAPPIST-1e,34.0,False,884.4,884.4,884.4,884.4,884.4,Guest 692,0
693_01,Earth,True,B327,TRAPPIST-1e,59.0,True,1004.8,1004.8,1004.8,1004.8,1004.8,Guest 693,1
694_01,Europa,False,B404,PSO J318.5-22,47.0,False,542.2,542.2,542.2,542.2,542.2,Guest 694,0
695_01,Earth,False,C474,TRAPPIST-1e,9.0,True,989.4,989.4,989.4,989.4,989.4,Guest 695,0
696_01,Europa,False,F678,PSO J318.5-22,34.0,True,577.1,577.1,577.1,577.1,577.1,Guest 696,0
697_01,Mars,True,E511,PSO J318.5-22,31.0,False,174.2,174.2,174.2,174.2,174.2,Guest 697,0
698_01,Earth,False,D522,TRAPPIST-1e,3.0,False,199.6,199.6,199.6,199.6,199.6,Guest 698,0
699_01,Earth,False,E281,PSO J318.5-22,20.0,False,1761.5,1761.5,1761.5,1761.5,1761.5,Guest 699,0
700_01,Mars,False,E53,PSO J318.5-22,24.0,False,271.2,271.2,271.2,271.2,271.2,Guest 700,0
701_01,Europa,False,A661,55 Cancri e,21.0,False,841.2,841.2,841.2,841.2,841.2,Guest 701,0
702_01,Earth,False,E526,PSO J318.5-22,32.0,False,272.8,272.8,272.8,272.8,272.8,Guest 702,0
703_01,Mars,True,B514,PSO J318.5-22,8.0,True,1565.0,1565.0,1565.0,1565.0,1565.0,Guest 703,0
704_01,Earth,False,E579,TRAPPIST-1e,39.0,True,513.3,513.3,513.3,513.3,513.3,Guest 704,0
705_01,Mars,False,F935,PSO J318.5-22,39.0,True,1819.4,1819.4,1819.4,1819.4,1819.4,Guest 705,0
706_01,Earth,True,C757,TRAPPIST-1e,34.0,True,1006.7,1006.7,1006.7,1006.7,1006.7,Guest 706,0
707_01,Europa,False,E490,TRAPPIST-1e,26.0,True,141.7,141.7,141.7,141.7,141.7,Guest 707,0
708_01,Mars,True,A205,55 Cancri e,30.0,False,60.7,60.7,60.7,60.7,60.7,Guest 708,0
709_01,Europa,False,E164,TRAPPIST-1e,24.0,True,647.9,647.9,647.9,647.9,647.9,Guest 709,0
710_01,Earth,True,F579,TRAPPIST-1e,44.0,True,1530.2,1530.2,1530.2,1530.2,1530.2,Guest 710,0
711_01,Earth,False,B781,55 Cancri e,36.0,False,237.4,237.4,237.4,237.4,237.4,Guest 711,0
712_01,Earth,True,F673,55 Cancri e,54.0,False,265.0,265.0,265.0,265.0,265.0,Guest 712,1
713_01,Mars,False,G761,TRAPPIST-1e,26.0,True,1.3,1.3,1.3,1.3,1.3,Guest 713,0
714_01,Europa,True,E78,55 Cancri e,48.0,True,763.8,763.8,763.8,763.8,763.8,Guest 714,0
715_01,Mars,True,A83,55 Cancri e,23.0,False,477.1,477.1,477.1,477.1,477.1,Guest 715,0
716_01,Mars,False,G564,55 Cancri e,28.0,True,1115.1,1115.1,1115.1,1115.1,1115.1,Guest 716,0
717_01,Europa,False,E771,PSO J318.5-22,17.0,True,1141.7,1141.7,1141.7,1141.7,1141.7,Guest 717,0
718_01,Earth,True,A200,55 Cancri e,36.0,False,898.0,898.0,898.0,898.0,898.0,Guest 718,0
719_01,Earth,True,G988,TRAPPIST-1e,29.0,True,912.6,912.6,912.6,912.6,912.6,Guest 719,1
720_01,Europa,True,G470,TRAPPIST-1e,38.0,True,1094.1,1094.1,1094.1,1094.1,1094.1,Guest 720,0
721_01,Europa,False,C59,TRAPPIST-1e,48.0,False,775.7,775.7,775.7,775.7,775.7,Guest 721,0
722_01,Earth,False,F601,TRAPPIST-1e,29.0,True,638.1,638.1,638.1,638.1,638.1,Guest 722,0
723_01,Earth,False,C998,55 Cancri e,35.0,False,208.3,208.3,208.3,208.3,208.3,Guest 723,0
724_01,Mars,True,C985,TRAPPIST-1e,41.0,True,214.1,214.1,214.1,214.1,214.1,Guest 724,0
725_01,Europa,False,F974,PSO J318.5-22,29.0,False,253.4,253.4,253.4,253.4,253.4,Guest 725,0
726_01,Earth,True,D443,TRAPPIST-1e,23.0,False,1652.2,1652.2,1652.2,1652.2,1652.2,Guest 726,1
727_01,Europa,False,C878,PSO J318.5-22,34.0,False,1594.1,1594.1,1594.1,1594.1,1594.1,Guest 727,0
728_01,Mars,False,E336,TRAPPIST-1e,36.0,False,484.3,484.3,484.3,484.3,484.3,Guest 728,0
729_01,Europa,False,B872,TRAPPIST-1e,39.0,True,1947.2,1947.2,1947.2,1947.2,1947.2,Guest 729,0
730_01,Mars,False,G520,55 Cancri e,40.0,True,365.7,365.7,365.7,365.7,365.7,Guest 730,0
731_01,Mars,True,A382,55 Cancri e,22.0,False,196.6,196.6,196.6,196.6,196.6,Guest 731,0
732_01,Mars,True,A42,55 Cancri e,35.0,True,268.8,268.8,268.8,268.8,268.8,Guest 732,0
733_01,Europa,False,G390,PSO J318.5-22,45.0,False,436.4,436.4,436.4,436.4,436.4,Guest 733,0
734_01,Mars,True,B668,55 Cancri e,24.0,True,625.6,625.6,625.6,625.6,625.6,Guest 734,0
735_01,Europa,False,G184,TRAPPIST-1e,34.0,True,595.3,595.3,595.3,595.3,595.3,Guest 735,0
736_01,Europa,True,G448,TRAPPIST-1e,23.0,False,59.9,59.9,59.9,59.9,59.9,Guest 736,0
737_01,Earth,False,G247,TRAPPIST-1e,32.0,False,1317.0,1317.0,1317.0,1317.0,1317.0,Guest 737,0
738_01,Europa,False,D165,55 Cancri e,51.0,True,99.0,99.0,99.0,99.0,99.0,Guest 738,0
739_01,Mars,False,G342,55 Cancri e,32.0,False,362.3,362.3,362.3,362.3,362.3,Guest 739,0
740_01,Earth,False,A164,55 Cancri e,18.0,False,1351.1,1351.1,1351.1,1351.1,1351.1,Guest 740,0
741_01,Earth,False,F591,PSO J318.5-22,34.0,False,43.9,43.9,43.9,43.9,43.9,Guest 741,0
742_01,Earth,True,F664,TRAPPIST-1e,33.0,False,311.6,311.6,311.6,311.6,311.6,Guest 742,1
743_01,Mars,True,G334,55 Cancri e,44.0,True,687.9,687.9,687.9,687.9,687.9,Guest 743,0
744_01,Earth,False,D88,TRAPPIST-1e,14.0,True,347.6,347.6,347.6,347.6,347.6,Guest 744,0
745_01,Mars,True,F306,PSO J318.5-22,19.0,True,1086.9,1086.9,1086.9,1086.9,1086.9,Guest 745,0
746_01,Europa,True,B131,TRAPPIST-1e,29.0,False,184.9,184.9,184.9,184.9,184.9,Guest 746,0
747_01,Europa,False,C632,PSO J318.5-22,11.0,False,1501.2,1501.2,1501.2,1501.2,1501.2,Guest 747,0
748_01,Europa,False,D876,PSO J318.5-22,44.0,True,1678.6,1678.6,1678.6,1678.6,1678.6,Guest 748,0
749_01,Earth,True,D58,55 Cancri e,6.0,False,364.8,364.8,364.8,364.8,364.8,Guest 749,0
750_01,Earth,True,D445,55 Cancri e,20.0,False,473.5,473.5,473.5,473.5,473.5,Guest 750,0
751_01,Europa,True,F488,TRAPPIST-1e,12.0,False,1528.5,1528.5,1528.5,1528.5,1528.5,Guest 751,0
752_01,Europa,True,D41,TRAPPIST-1e,22.0,True,54.8,54.8,54.8,54.8,54.8,Guest 752,0
753_01,Europa,False,G987,TRAPPIST-1e,40.0,True,180.3,180.3,180.3,180.3,180.3,Guest 753,0
754_01,Earth,True,E117,PSO J318.5-22,37.0,False,992.6,992.6,992.6,992.6,992.6,Guest 754,0
755_01,Europa,True,G117,55 Cancri e,41.0,True,1105.5,1105.5,1105.5,1105.5,1105.5,Guest 755,0
756_01,Mars,True,E66,PSO J318.5-22,37.0,False,7.7,7.7,7.7,7.7,7.7,Guest 756,0
757_01,Mars,True,F376,55 Cancri e,6.0,True,757.2,757.2,757.2,757.2,757.2,Guest 757,0
758_01,Mars,False,A662,55 Cancri e,34.0,False,38.9,38.9,38.9,38.9,38.9,Guest 758,0
759_01,Mars,False,F527,55 Cancri e,8.0,True,140.3,140.3,140.3,140.3,140.3,Guest 759,0
760_01,Europa,False,A423,TRAPPIST-1e,24.0,False,279.6,279.6,279.6,279.6,279.6,Guest 760,0
761_01,Europa,False,B243,PSO J318.5-22,25.0,False,200.0,200.0,200.0,200.0,200.0,Guest 761,0
762_01,Earth,False,B834,PSO J318.5-22,24.0,True,2370.0,2370.0,2370.0,2370.0,2370.0,Guest 762,0
763_01,Europa,True,B248,PSO J318.5-22,36.0,False,296.1,296.1,296.1,296.1,296.1,Guest 763,0
764_01,Earth,False,C447,TRAPPIST-1e,20.0,True,788.3,788.3,788.3,788.3,788.3,Guest 764,0
765_01,Mars,True,E674,PSO J318.5-22,51.0,False,992.6,992.6,992.6,992.6,992.6,Guest 765,0
766_01,Mars,True,E23,PSO J318.5-22,37.0,False,578.1,578.1,578.1,578.1,578.1,Guest 766,0
767_01,Europa,False,B154,PSO J318.5-22,44.0,False,92.1,92.1,92.1,92.1,92.1,Guest 767,0
768_01,Earth,True,F460,55 Cancri e,39.0,False,1411.5,1411.5,1411.5,1411.5,1411.5,Guest 768,0
769_01,Mars,False,D270,TRAPPIST-1e,41.0,False,1601.0,1601.0,1601.0,1601.0,1601.0,Guest 769,0
770_01,Earth,False,A188,55 Cancri e,30.0,False,3262.1,3262.1,3262.1,3262.1,3262.1,Guest 770,0
771_01,Europa,False,F967,PSO J318.5-22,54.0,False,2748.8,2748.8,2748.8,2748.8,2748.8,Guest 771,0
772_01,Mars,False,A13,55 Cancri e,17.0,False,80.7,80.7,80.7,80.7,80.7,Guest 772,0
773_01,Europa,True,B308,TRAPPIST-1e,36.0,True,865.8,865.8,865.8,865.8,865.8,Guest 773,0
774_01,Europa,True,G169,TRAPPIST-1e,30.0,True,1247.0,1247.0,1247.0,1247.0,1247.0,Guest 774,0
775_01,Earth,True,A213,55 Cancri e,27.0,True,10.6,10.6,10.6,10.6,10.6,Guest 775,1
776_01,Europa,False,D935,TRAPPIST-1e,34.0,True,1544.7,1544.7,1544.7,1544.7,1544.7,Guest 776,0
777_01,Europa,True,C361,PSO J318.5-22,21.0,False,67.1,67.1,67.1,67.1,67.1,Guest 777,0
778_01,Europa,False,F586,TRAPPIST-1e,41.0,True,467.0,467.0,467.0,467.0,467.0,Guest 778,0
779_01,Europa,True,B624,55 Cancri e,40.0,True,722.0,722.0,722.0,722.0,722.0,Guest 779,0
780_01,Europa,False,B911,TRAPPIST-1e,31.0,False,736.7,736.7,736.7,736.7,736.7,Guest 780,0
781_01,Europa,True,A925,55 Cancri e,39.0,False,323.1,323.1,323.1,323.1,323.1,Guest 781,0
782_01,Europa,True,F344,TRAPPIST-1e,18.0,False,1381.6,1381.6,1381.6,1381.6,1381.6,Guest 782,0
783_01,Earth,False,E659,55 Cancri e,8.0,False,273.8,273.8,273.8,273.8,273.8,Guest 783,0
784_01,Europa,False,A102,55 Cancri e,23.0,False,257.7,257.7,257.7,257.7,257.7,Guest 784,0
785_01,Europa,True,E661,TRAPPIST-1e,27.0,True,522.1,522.1,522.1,522.1,522.1,Guest 785,0
786_01,Europa,True,C240,TRAPPIST-1e,60.0,False,3373.6,3373.6,3373.6,3373.6,3373.6,Guest 786,0
787_01,Europa,True,C10,PSO J318.5-22,27.0,False,1133.1,1133.1,1133.1,1133.1,1133.1,Guest 787,0
788_01,Europa,True,D770,TRAPPIST-1e,43.0,True,1823.4,1823.4,1823.4,1823.4,1823.4,Guest 788,0
789_01,Mars,True,E995,55 Cancri e,40.0,True,4008.0,4008.0,4008.0,4008.0,4008.0,Guest 789,0
790_01,Earth,True,G698,55 Cancri e,55.0,True,1070.9,1070.9,1070.9,1070.9,1070.9,Guest 790,1
791_01,Earth,False,D784,PSO J318.5-22,32.0,False,1189.2,1189.2,1189.2,1189.2,1189.2,Guest 791,0
792_01,Earth,True,E932,55 Cancri e,38.0,True,425.0,425.0,425.0,425.0,425.0,Guest 792,1
793_01,Earth,True,D348,TRAPPIST-1e,28.0,False,1051.0,1051.0,1051.0,1051.0,1051.0,Guest 793,0
794_01,Europa,True,C879,55 Cancri e,20.0,True,400.2,400.2,400.2,400.2,400.2,Guest 794,0
795_01,Europa,False,G492,55 Cancri e,18.0,True,2881.4,2881.4,2881.4,2881.4,2881.4,Guest 795,0
796_01,Earth,False,A515,PSO J318.5-22,21.0,True,190.7,190.7,190.7,190.7,190.7,Guest 796,0
797_01,Mars,False,G73,55 Cancri e,47.0,True,465.5,465.5,465.5,465.5,465.5,Guest 797,0
798_01,Europa,False,D278,TRAPPIST-1e,34.0,True,920.6,920.6,920.6,920.6,920.6,Guest 798,0
799_01,Europa,False,G398,TRAPPIST-1e,28.0,True,366.0,366.0,366.0,366.0,366.0,Guest 799,0
800_01,Mars,False,A549,55 Cancri e,30.0,True,1431.5,1431.5,1431.5,1431.5,1431.5,Guest 800,0
801_01,Europa,True,G226,TRAPPIST-1e,23.0,True,1459.3,1459.3,1459.3,1459.3,1459.3,Guest 801,0
802_01,Earth,True,A976,TRAPPIST-1e,30.0,False,2165.9,2165.9,2165.9,2165.9,2165.9,Guest 802,0
803_01,Europa,False,F870,PSO J318.5-22,30.0,False,50.1,50.1,50.1,50.1,50.1,Guest 803,0
804_01,Europa,True,F143,55 Cancri e,38.0,False,196.7,196.7,196.7,196.7,196.7,Guest 804,0
805_01,Mars,False,F109,55 Cancri e,41.0,False,25.0,25.0,25.0,25.0,25.0,Guest 805,0
806_01,Earth,False,E50,TRAPPIST-1e,10.0,False,228.0,228.0,228.0,228.0,228.0,Guest 806,0
807_01,Earth,False,D195,PSO J318.5-22,33.0,False,355.8,355.8,355.8,355.8,355.8,Guest 807,0
808_01,Mars,False,F774,TRAPPIST-1e,47.0,False,1683.8,1683.8,1683.8,1683.8,1683.8,Guest 808,0
809_01,Earth,False,G235,PSO J318.5-22,18.0,False,159.2,159.2,159.2,159.2,159.2,Guest 809,0
810_01,Earth,True,D595,PSO J318.5-22,27.0,True,800.4,800.4,800.4,800.4,800.4,Guest 810,1
811_01,Earth,False,A562,TRAPPIST-1e,32.0,True,951.5,951.5,951.5,951.5,951.5,Guest 811,0
812_01,Europa,True,D960,55 Cancri e,43.0,False,1750.9,1750.9,1750.9,1750.9,1750.9,Guest 812,0
813_01,Mars,False,E432,TRAPPIST-1e,37.0,False,1457.0,1457.0,1457.0,1457.0,1457.0,Guest 813,0
814_01,Mars,False,A208,PSO J318.5-22,27.0,False,1191.1,1191.1,1191.1,1191.1,1191.1,Guest 814,0
815_01,Mars,False,E516,PSO J318.5-22,36.0,False,839.9,839.9,839.9,839.9,839.9,Guest 815,0
816_01,Europa,False,G375,PSO J318.5-22,43.0,False,3700.3,3700.3,3700.3,3700.3,3700.3,Guest 816,0
817_01,Earth,True,A116,TRAPPIST-1e,35.0,False,555.4,555.4,555.4,555.4,555.4,Guest 817,0
818_01,Earth,False,D880,PSO J318.5-22,52.0,False,2070.2,2070.2,2070.2,2070.2,2070.2,Guest 818,0
819_01,Mars,False,D348,PSO J318.5-22,35.0,False,87.4,87.4,87.4,87.4,87.4,Guest 819,0
820_01,Europa,False,E7,TRAPPIST-1e,18.0,False,820.1,820.1,820.1,820.1,820.1,Guest 820,0
821_01,Mars,True,A850,PSO J318.5-22,21.0,True,234.0,234.0,234.0,234.0,234.0,Guest 821,0
822_01,Europa,True,A846,TRAPPIST-1e,29.0,True,144.5,144.5,144.5,144.5,144.5,Guest 822,0
823_01,Europa,False,E391,TRAPPIST-1e,28.0,True,1755.4,1755.4,1755.4,1755.4,1755.4,Guest 823,0
824_01,Mars,True,F791,PSO J318.5-22,38.0,True,136.2,136.2,136.2,136.2,136.2,Guest 824,0
825_01,Europa,True,G498,TRAPPIST-1e,34.0,True,479.1,479.1,479.1,479.1,479.1,Guest 825,0
826_01,Europa,False,D608,PSO J318.5-22,51.0,True,187.3,187.3,187.3,187.3,187.3,Guest 826,0
827_01,Earth,False,C468,55 Cancri e,40.0,True,537.2,537.2,537.2,537.2,537.2,Guest 827,0
828_01,Mars,False,E127,TRAPPIST-1e,48.0,False,925.6,925.6,925.6,925.6,925.6,Guest 828,0
829_01,Earth,True,A951,55 Cancri e,21.0,True,336.0,336.0,336.0,336.0,336.0,Guest 829,1
830_01,Mars,False,G15,TRAPPIST-1e,25.0,False,2705.5,2705.5,2705.5,2705.5,2705.5,Guest 830,0
831_01,Earth,True,A28,55 Cancri e,38.0,False,757.5,757.5,757.5,757.5,757.5,Guest 831,0
832_01,Europa,True,F448,PSO J318.5-22,31.0,False,1594.6,1594.6,1594.6,1594.6,1594.6,Guest 832,0
833_01,Earth,True,B197,55 Cancri e,38.0,True,692.7,692.7,692.7,692.7,692.7,Guest 833,0
834_01,Europa,True,F835,PSO J318.5-22,33.0,True,35.6,35.6,35.6,35.6,35.6,Guest 834,0
835_01,Europa,False,B870,55 Cancri e,23.0,False,868.6,868.6,868.6,868.6,868.6,Guest 835,0
836_01,Mars,True,B306,TRAPPIST-1e,51.0,True,2249.7,2249.7,2249.7,2249.7,2249.7,Guest 836,0
837_01,Mars,True,F90,TRAPPIST-1e,44.0,True,1925.2,1925.2,1925.2,1925.2,1925.2,Guest 837,0
838_01,Europa,False,B546,55 Cancri e,11.0,False,4338.4,4338.4,4338.4,4338.4,4338.4,Guest 838,0
839_01,Mars,True,F378,PSO J318.5-22,23.0,True,205.7,205.7,205.7,205.7,205.7,Guest 839,0
840_01,Earth,False,B989,55 Cancri e,30.0,False,812.9,812.9,812.9,812.9,812.9,Guest 840,0
841_01,Earth,False,A381,TRAPPIST-1e,38.0,False,372.8,372.8,372.8,372.8,372.8,Guest 841,0
842_01,Mars,True,B620,TRAPPIST-1e,29.0,True,1580.6,1580.6,1580.6,1580.6,1580.6,Guest 842,0
843_01,Mars,False,B960,PSO J318.5-22,14.0,True,636.2,636.2,636.2,636.2,636.2,Guest 843,0
844_01,Europa,False,E904,PSO J318.5-22,40.0,True,120.4,120.4,120.4,120.4,120.4,Guest 844,0
845_01,Earth,True,C138,PSO J318.5-22,28.0,True,610.7,610.7,610.7,610.7,610.7,Guest 845,1
846_01,Earth,True,F430,TRAPPIST-1e,45.0,True,328.6,328.6,328.6,328.6,328.6,Guest 846,0
847_01,Europa,True,E524,55 Cancri e,34.0,True,1405.3,1405.3,1405.3,1405.3,1405.3,Guest 847,0
848_01,Europa,True,B754,PSO J318.5-22,42.0,False,473.0,473.0,473.0,473.0,473.0,Guest 848,0
849_01,Europa,True,D857,PSO J318.5-22,40.0,False,145.2,145.2,145.2,145.2,145.2,Guest 849,0
850_01,Earth,False,C898,TRAPPIST-1e,41.0,False,817.0,817.0,817.0,817.0,817.0,Guest 850,0
851_01,Mars,False,E587,PSO J318.5-22,24.0,True,19.2,19.2,19.2,19.2,19.2,Guest 851,0
852_01,Europa,True,F810,TRAPPIST-1e,43.0,True,183.2,183.2,183.2,183.2,183.2,Guest 852,0
853_01,Europa,True,G869,PSO J318.5-22,33.0,False,984.1,984.1,984.1,984.1,984.1,Guest 853,0
854_01,Mars,True,C107,TRAPPIST-1e,15.0,False,562.7,562.7,562.7,562.7,562.7,Guest 854,0
855_01,Mars,True,F980,TRAPPIST-1e,25.0,False,76.4,76.4,76.4,76.4,76.4,Guest 855,0
856_01,Mars,True,A334,TRAPPIST-1e,26.0,True,334.9,334.9,334.9,334.9,334.9,Guest 856,0
857_01,Earth,False,E16,TRAPPIST-1e,36.0,False,1767.4,1767.4,1767.4,1767.4,1767.4,Guest 857,0
858_01,Europa,True,A273,PSO J318.5-22,38.0,True,525.1,525.1,525.1,525.1,525.1,Guest 858,0
859_01,Mars,True,F648,55 Cancri e,17.0,True,557.2,557.2,557.2,557.2,557.2,Guest 859,0
860_01,Mars,False,A379,TRAPPIST-1e,39.0,True,68.2,68.2,68.2,68.2,68.2,Guest 860,0
861_01,Europa,True,D593,PSO J318.5-22,29.0,False,7.6,7.6,7.6,7.6,7.6,Guest 861,0
862_01,Europa,True,B789,55 Cancri e,18.0,False,168.5,168.5,168.5,168.5,168.5,Guest 862,0
863_01,Europa,True,G317,55 Cancri e,40.0,True,742.4,742.4,742.4,742.4,742.4,Guest 863,0
864_01,Earth,False,F206,55 Cancri e,21.0,False,799.9,799.9,799.9,799.9,799.9,Guest 864,0
865_01,Europa,True,A747,TRAPPIST-1e,16.0,False,574.0,574.0,574.0,574.0,574.0,Guest 865,0
866_01,Mars,True,F85,TRAPPIST-1e,39.0,False,23.8,23.8,23.8,23.8,23.8,Guest 866,0
867_01,Mars,True,F926,TRAPPIST-1e,41.0,True,446.6,446.6,446.6,446.6,446.6,Guest 867,0
868_01,Mars,True,A833,55 Cancri e,22.0,False,749.3,749.3,749.3,749.3,749.3,Guest 868,0
869_01,Earth,True,A342,PSO J318.5-22,43.0,True,1972.2,1972.2,1972.2,1972.2,1972.2,Guest 869,0
870_01,Europa,False,F500,55 Cancri e,42.0,True,1527.6,1527.6,1527.6,1527.6,1527.6,Guest 870,0
871_01,Mars,False,A736,TRAPPIST-1e,24.0,False,184.9,184.9,184.9,184.9,184.9,Guest 871,0
872_01,Earth,True,A901,TRAPPIST-1e,54.0,True,410.0,410.0,410.0,410.0,410.0,Guest 872,1
873_01,Europa,False,A981,PSO J318.5-22,30.0,True,503.7,503.7,503.7,503.7,503.7,Guest 873,0
874_01,Mars,True,A503,PSO J318.5-22,33.0,True,113.7,113.7,113.7,113.7,113.7,Guest 874,0
875_01,Earth,False,F417,PSO J318.5-22,2.0,True,1526.6,1526.6,1526.6,1526.6,1526.6,Guest 875,0
876_01,Mars,False,E61,PSO J318.5-22,38.0,False,551.9,551.9,551.9,551.9,551.9,Guest 876,0
877_01,Earth,False,D994,PSO J318.5-22,23.0,False,1909.4,1909.4,1909.4,1909.4,1909.4,Guest 877,0
878_01,Mars,False,A267,TRAPPIST-1e,36.0,True,844.7,844.7,844.7,844.7,844.7,Guest 878,0
879_01,Europa,True,G219,TRAPPIST-1e,10.0,True,601.5,601.5,601.5,601.5,601.5,Guest 879,0
880_01,Earth,False,E888,TRAPPIST-1e,44.0,True,86.0,86.0,86.0,86.0,86.0,Guest 880,0
881_01,Europa,False,C751,PSO J318.5-22,48.0,True,516.7,516.7,516.7,516.7,516.7,Guest 881,0
882_01,Mars,False,A486,TRAPPIST-1e,53.0,False,796.9,796.9,796.9,796.9,796.9,Guest 882,0
883_01,Earth,False,C639,PSO J318.5-22,1.0,False,335.0,335.0,335.0,335.0,335.0,Guest 883,0
884_01,Earth,True,C933,PSO J318.5-22,37.0,False,352.7,352.7,352.7,352.7,352.7,Guest 884,0
885_01,Earth,False,C471,TRAPPIST-1e,34.0,True,311.2,311.2,311.2,311.2,311.2,Guest 885,0
886_01,Earth,False,C58,TRAPPIST-1e,1.0,False,956.8,956.8,956.8,956.8,956.8,Guest 886,0
887_01,Earth,False,G999,55 Cancri e,22.0,False,422.9,422.9,422.9,422.9,422.9,Guest 887,0
888_01,Europa,False,F971,PSO J318.5-22,29.0,True,503.5,503.5,503.5,503.5,503.5,Guest 888,0
889_01,Mars,False,E903,TRAPPIST-1e,47.0,False,687.1,687.1,687.1,687.1,687.1,Guest 889,0
890_01,Earth,False,A198,55 Cancri e,20.0,True,458.1,458.1,458.1,458.1,458.1,Guest 890,0
891_01,Europa,True,E299,TRAPPIST-1e,33.0,True,361.4,361.4,361.4,361.4,361.4,Guest 891,0
892_01,Mars,True,G48,PSO J318.5-22,30.0,False,906.8,906.8,906.8,906.8,906.8,Guest 892,0
893_01,Europa,True,D572,55 Cancri e,35.0,True,47.4,47.4,47.4,47.4,47.4,Guest 893,0
894_01,Europa,True,C927,TRAPPIST-1e,26.0,False,737.6,737.6,737.6,737.6,737.6,Guest 894,0
895_01,Europa,True,B542,TRAPPIST-1e,41.0,False,300.0,300.0,300.0,300.0,300.0,Guest 895,0
896_01,Europa,False,G111,55 Cancri e,42.0,True,1280.8,1280.8,1280.8,1280.8,1280.8,Guest 896,0
897_01,Earth,False,E132,55 Cancri e,14.0,False,517.9,517.9,517.9,517.9,517.9,Guest 897,0
898_01,Mars,False,C763,PSO J318.5-22,44.0,False,109.2,109.2,109.2,109.2,109.2,Guest 898,0
899_01,Mars,True,E231,TRAPPIST-1e,21.0,True,159.0,159.0,159.0,159.0,159.0,Guest 899,0
900_01,Europa,False,E766,PSO J318.5-22,27.0,False,1716.8,1716.8,1716.8,1716.8,1716.8,Guest 900,0
901_01,Earth,True,C592,TRAPPIST-1e,44.0,True,1399.0,1399.0,1399.0,1399.0,1399.0,Guest 901,0
902_01,Mars,True,C388,TRAPPIST-1e,32.0,True,1949.7,1949.7,1949.7,1949.7,1949.7,Guest 902,0
903_01,Europa,False,D443,55 Cancri e,37.0,True,359.3,359.3,359.3,359.3,359.3,Guest 903,0
904_01,Mars,False,C826,PSO J318.5-22,40.0,True,486.6,486.6,486.6,486.6,486.6,Guest 904,0
905_01,Earth,True,G963,PSO J318.5-22,38.0,False,659.3,659.3,659.3,659.3,659.3,Guest 905,0
906_01,Europa,False,G154,PSO J318.5-22,24.0,True,3384.1,3384.1,3384.1,3384.1,3384.1,Guest 906,0
907_01,Mars,False,B778,PSO J318.5-22,19.0,False,1134.5,1134.5,1134.5,1134.5,1134.5,Guest 907,0
908_01,Europa,False,G615,PSO J318.5-22,39.0,True,82.1,82.1,82.1,82.1,82.1,Guest 908,0
909_01,Mars,False,G235,TRAPPIST-1e,40.0,False,67.0,67.0,67.0,67.0,67.0,Guest 909,0
910_01,Mars,False,D199,PSO J318.5-22,35.0,False,144.8,144.8,144.8,144.8,144.8,Guest 910,0
911_01,Mars,False,B216,PSO J318.5-22,28.0,False,1169.3,1169.3,1169.3,1169.3,1169.3,Guest 911,0
912_01,Mars,True,F955,TRAPPIST-1e,41.0,False,549.5,549.5,549.5,549.5,549.5,Guest 912,0
913_01,Earth,False,C725,55 Cancri e,30.0,True,1132.9,1132.9,1132.9,1132.9,1132.9,Guest 913,0
914_01,Mars,False,B1,55 Cancri e,14.0,True,466.3,466.3,466.3,466.3,466.3,Guest 914,0
915_01,Earth,False,C419,55 Cancri e,34.0,False,1165.6,1165.6,1165.6,1165.6,1165.6,Guest 915,0
916_01,Mars,False,A741,55 Cancri e,37.0,False,205.6,205.6,205.6,205.6,205.6,Guest 916,0
917_01,Earth,True,E203,55 Cancri e,40.0,True,630.9,630.9,630.9,630.9,630.9,Guest 917,1
918_01,Europa,False,F438,55 Cancri e,20.0,False,1761.3,1761.3,1761.3,1761.3,1761.3,Guest 918,0
919_01,Europa,True,D320,TRAPPIST-1e,22.0,True,400.9,400.9,400.9,400.9,400.9,Guest 919,0
920_01,Mars,True,B502,TRAPPIST-1e,35.0,False,290.5,290.5,290.5,290.5,290.5,Guest 920,0
921_01,Mars,False,C97,PSO J318.5-22,25.0,False,534.1,534.1,534.1,534.1,534.1,Guest 921,0
922_01,Mars,False,B661,TRAPPIST-1e,30.0,False,165.1,165.1,165.1,165.1,165.1,Guest 922,0
923_01,Earth,False,G105,55 Cancri e,42.0,False,250.8,250.8,250.8,250.8,250.8,Guest 923,0
924_01,Europa,True,B508,TRAPPIST-1e,35.0,True,101.0,101.0,101.0,101.0,101.0,Guest 924,0
925_01,Europa,False,A166,TRAPPIST-1e,52.0,False,695.3,695.3,695.3,695.3,695.3,Guest 925,0
926_01,Mars,False,B603,TRAPPIST-1e,34.0,False,161.2,161.2,161.2,161.2,161.2,Guest 926,0
927_01,Earth,True,G70,55 Cancri e,51.0,True,899.6,899.6,899.6,899.6,899.6,Guest 927,0
928_01,Mars,False,B248,TRAPPIST-1e,43.0,True,438.1,438.1,438.1,438.1,438.1,Guest 928,0
929_01,Earth,False,C773,PSO J318.5-22,61.0,True,2198.1,2198.1,2198.1,2198.1,2198.1,Guest 929,0
930_01,Europa,True,F104,TRAPPIST-1e,31.0,False,37.1,37.1,37.1,37.1,37.1,Guest 930,0
931_01,Europa,True,C210,PSO J318.5-22,30.0,True,225.3,225.3,225.3,225.3,225.3,Guest 931,0
932_01,Mars,False,A619,TRAPPIST-1e,46.0,True,859.0,859.0,859.0,859.0,859.0,Guest 932,0
933_01,Mars,True,G590,TRAPPIST-1e,25.0,False,274.4,274.4,274.4,274.4,274.4,Guest 933,0
934_01,Europa,False,A67,TRAPPIST-1e,25.0,False,1438.5,1438.5,1438.5,1438.5,1438.5,Guest 934,0
935_01,Earth,False,F543,TRAPPIST-1e,34.0,False,145.9,145.9,145.9,145.9,145.9,Guest 935,0
936_01,Europa,True,D926,55 Cancri e,35.0,False,58.0,58.0,58.0,58.0,58.0,Guest 936,0
937_01,Europa,False,C116,PSO J318.5-22,14.0,True,352.9,352.9,352.9,352.9,352.9,Guest 937,0
938_01,Mars,False,D375,PSO J318.5-22,34.0,True,1019.4,1019.4,1019.4,1019.4,1019.4,Guest 938,0
939_01,Europa,False,F37,55 Cancri e,27.0,True,403.4,403.4,403.4,403.4,403.4,Guest 939,0
940_01,Europa,True,G661,55 Cancri e,31.0,False,473.2,473.2,473.2,473.2,473.2,Guest 940,0
941_01,Europa,True,B88,TRAPPIST-1e,33.0,True,172.1,172.1,172.1,172.1,172.1,Guest 941,0
942_01,Earth,True,B389,TRAPPIST-1e,29.0,True,2094.8,2094.8,2094.8,2094.8,2094.8,Guest 942,0
943_01,Europa,True,A188,TRAPPIST-1e,44.0,False,1163.1,1163.1,1163.1,1163.1,1163.1,Guest 943,0
944_01,Mars,True,G761,TRAPPIST-1e,37.0,False,1882.4,1882.4,1882.4,1882.4,1882.4,Guest 944,0
945_01,Europa,True,C188,TRAPPIST-1e,29.0,True,1302.9,1302.9,1302.9,1302.9,1302.9,Guest 945,0
946_01,Europa,False,D289,55 Cancri e,32.0,False,196.5,196.5,196.5,196.5,196.5,Guest 946,0
947_01,Earth,True,D673,TRAPPIST-1e,43.0,False,2533.5,2533.5,2533.5,2533.5,2533.5,Guest 947,0
948_01,Mars,True,A79,TRAPPIST-1e,40.0,False,645.9,645.9,645.9,645.9,645.9,Guest 948,0
949_01,Mars,False,E545,TRAPPIST-1e,46.0,False,47.7,47.7,47.7,47.7,47.7,Guest 949,0
950_01,Mars,False,F161,TRAPPIST-1e,29.0,True,623.3,623.3,623.3,623.3,623.3,Guest 950,0
951_01,Europa,True,G179,55 Cancri e,33.0,False,72.3,72.3,72.3,72.3,72.3,Guest 951,0
952_01,Mars,True,B996,PSO J318.5-22,55.0,False,1126.0,1126.0,1126.0,1126.0,1126.0,Guest 952,0
953_01,Europa,True,A79,PSO J318.5-22,31.0,False,1272.2,1272.2,1272.2,1272.2,1272.2,Guest 953,0
954_01,Europa,False,C251,TRAPPIST-1e,51.0,True,229.6,229.6,229.6,229.6,229.6,Guest 954,0
955_01,Earth,False,E342,55 Cancri e,41.0,False,13.3,13.3,13.3,13.3,13.3,Guest 955,0
956_01,Mars,True,B712,TRAPPIST-1e,26.0,True,150.8,150.8,150.8,150.8,150.8,Guest 956,0
957_01,Mars,False,F194,55 Cancri e,14.0,False,38.5,38.5,38.5,38.5,38.5,Guest 957,0
958_01,Mars,False,E130,PSO J318.5-22,39.0,False,420.5,420.5,420.5,420.5,420.5,Guest 958,0
959_01,Earth,True,B269,55 Cancri e,23.0,True,1403.0,1403.0,1403.0,1403.0,1403.0,Guest 959,1
960_01,Earth,False,C601,PSO J318.5-22,23.0,False,219.5,219.5,219.5,219.5,219.5,Guest 960,0
961_01,Mars,False,D969,PSO J318.5-22,11.0,False,1542.0,1542.0,1542.0,1542.0,1542.0,Guest 961,0
962_01,Earth,False,C578,TRAPPIST-1e,45.0,True,370.8,370.8,370.8,370.8,370.8,Guest 962,0
963_01,Mars,True,E15,TRAPPIST-1e,32.0,False,1027.3,1027.3,1027.3,1027.3,1027.3,Guest 963,0
964_01,Earth,True,D379,PSO J318.5-22,32.0,False,1004.8,1004.8,1004.8,1004.8,1004.8,Guest 964,0
965_01,Earth,True,C544,TRAPPIST-1e,36.0,True,554.0,554.0,554.0,554.0,554.0,Guest 965,1
966_01,Mars,True,A802,PSO J318.5-22,34.0,True,510.9,510.9,510.9,510.9,510.9,Guest 966,0
967_01,Mars,True,A983,PSO J318.5-22,32.0,False,488.0,488.0,488.0,488.0,488.0,Guest 967,0
968_01,Europa,False,A136,55 Cancri e,37.0,False,1086.5,1086.5,1086.5,1086.5,1086.5,Guest 968,0
969_01,Mars,False,D814,55 Cancri e,28.0,False,6.8,6.8,6.8,6.8,6.8,Guest 969,0
970_01,Mars,False,G707,TRAPPIST-1e,1.0,True,14.5,14.5,14.5,14.5,14.5,Guest 970,0
971_01,Earth,True,A646,55 Cancri e,40.0,False,2474.1,2474.1,2474.1,2474.1,2474.1,Guest 971,0
972_01,Mars,False,A549,TRAPPIST-1e,36.0,False,195.7,195.7,195.7,195.7,195.7,Guest 972,0
973_01,Europa,True,D648,TRAPPIST-1e,32.0,True,2613.2,2613.2,2613.2,2613.2,2613.2,Guest 973,0
974_01,Mars,False,F323,PSO J318.5-22,50.0,True,494.7,494.7,494.7,494.7,494.7,Guest 974,0
975_01,Earth,False,B69,PSO J318.5-22,15.0,True,125.9,125.9,125.9,125.9,125.9,Guest 975,0
976_01,Mars,False,B259,TRAPPIST-1e,1.0,False,1431.6,1431.6,1431.6,1431.6,1431.6,Guest 976,0
977_01,Europa,True,G24,TRAPPIST-1e,49.0,True,1261.2,1261.2,1261.2,1261.2,1261.2,Guest 977,0
978_01,Europa,False,C780,55 Cancri e,36.0,True,451.8,451.8,451.8,451.8,451.8,Guest 978,0
979_01,Earth,False,F267,55 Cancri e,12.0,True,328.1,328.1,328.1,328.1,328.1,Guest 979,0
980_01,Europa,True,B914,55 Cancri e,26.0,True,508.6,508.6,508.6,508.6,508.6,Guest 980,0
981_01,Europa,False,G570,PSO J318.5-22,39.0,True,33.6,33.6,33.6,33.6,33.6,Guest 981,0
982_01,Mars,True,B694,TRAPPIST-1e,17.0,False,416.1,416.1,416.1,416.1,416.1,Guest 982,0
983_01,Mars,True,A510,55 Cancri e,38.0,True,1514.3,1514.3,1514.3,1514.3,1514.3,Guest 983,0
984_01,Earth,True,A867,55 Cancri e,56.0,True,1272.8,1272.8,1272.8,1272.8,1272.8,Guest 984,0
985_01,Earth,False,G763,PSO J318.5-22,48.0,True,330.0,330.0,330.0,330.0,330.0,Guest 985,0
986_01,Europa,True,F129,TRAPPIST-1e,31.0,False,81.6,81.6,81.6,81.6,81.6,Guest 986,0
987_01,Earth,False,E684,TRAPPIST-1e,35.0,True,437.2,437.2,437.2,437.2,437.2,Guest 987,0
988_01,Mars,True,G828,55 Cancri e,20.0,False,421.7,421.7,421.7,421.7,421.7,Guest 988,0
989_01,Europa,False,G698,55 Cancri e,33.0,False,4230.3,4230.3,4230.3,4230.3,4230.3,Guest 989,0
990_01,Europa,False,A832,TRAPPIST-1e,27.0,False,1480.8,1480.8,1480.8,1480.8,1480.8,Guest 990,0
991_01,Earth,True,F687,TRAPPIST-1e,19.0,True,70.7,70.7,70.7,70.7,70.7,Guest 991,0
992_01,Earth,True,E454,TRAPPIST-1e,15.0,True,676.9,676.9,676.9,676.9,676.9,Guest 992,0
993_01,Earth,False,B73,55 Cancri e,54.0,False,1005.9,1005.9,1005.9,1005.9,1005.9,Guest 993,0
994_01,Europa,True,G237,TRAPPIST-1e,32.0,False,747.0,747.0,747.0,747.0,747.0,Guest 994,0
995_01,Earth,True,A718,TRAPPIST-1e,19.0,False,1689.2,1689.2,1689.2,1689.2,1689.2,Guest 995,0
996_01,Earth,True,D294,PSO J318.5-22,26.0,True,439.5,439.5,439.5,439.5,439.5,Guest 996,0
997_01,Mars,True,C763,TRAPPIST-1e,49.0,False,231.9,231.9,231.9,231.9,231.9,Guest 997,0
998_01,Mars,False,G812,TRAPPIST-1e,51.0,True,806.2,806.2,806.2,806.2,806.2,Guest 998,0
999_01,Earth,True,A994,TRAPPIST-1e,24.0,True,445.2,445.2,445.2,445.2,445.2,Guest 999,0
1000_01,Earth,False,F896,55 Cancri e,34.0,True,4170.6,4170.6,4170.6,4170.6,4170.6,Guest 1000,0
1001_01,Europa,False,G978,TRAPPIST-1e,42.0,False,946.0,946.0,946.0,946.0,946.0,Guest 1001,0
1002_01,Mars,False,C243,PSO J318.5-22,27.0,True,2390.7,2390.7,2390.7,2390.7,2390.7,Guest 1002,0
1003_01,Earth,False,C93,PSO J318.5-22,17.0,True,14.7,14.7,14.7,14.7,14.7,Guest 1003,0
1004_01,Europa,False,F837,PSO J318.5-22,20.0,False,155.0,155.0,155.0,155.0,155.0,Guest 1004,0
1005_01,Mars,True,C325,55 Cancri e,31.0,True,1459.8,1459.8,1459.8,1459.8,1459.8,Guest 1005,0
1006_01,Europa,False,E887,PSO J318.5-22,22.0,True,243.6,243.6,243.6,243.6,243.6,Guest 1006,0
1007_01,Earth,True,B715,PSO J318.5-22,16.0,False,306.2,306.2,306.2,306.2,306.2,Guest 1007,1
1008_01,Mars,True,B984,PSO J318.5-22,28.0,True,1784.9,1784.9,1784.9,1784.9,1784.9,Guest 1008,0
1009_01,Europa,False,B206,TRAPPIST-1e,42.0,False,174.9,174.9,174.9,174.9,174.9,Guest 1009,0
1010_01,Europa,True,G281,55 Cancri e,39.0,False,557.4,557.4,557.4,557.4,557.4,Guest 1010,0
1011_01,Europa,False,A682,55 Cancri e,29.0,False,725.9,725.9,725.9,725.9,725.9,Guest 1011,0
1012_01,Mars,False,G8,55 Cancri e,54.0,True,296.4,296.4,296.4,296.4,296.4,Guest 1012,0
1013_01,Europa,True,C680,PSO J318.5-22,22.0,False,142.4,142.4,142.4,142.4,142.4,Guest 1013,0
1014_01,Mars,False,E549,PSO J318.5-22,30.0,True,34.4,34.4,34.4,34.4,34.4,Guest 1014,0
1015_01,Mars,True,G486,55 Cancri e,15.0,False,1088.8,1088.8,1088.8,1088.8,1088.8,Guest 1015,0
1016_01,Mars,True,D72,TRAPPIST-1e,40.0,False,242.4,242.4,242.4,242.4,242.4,Guest 1016,0
1017_01,Earth,True,E745,55 Cancri e,30.0,False,680.4,680.4,680.4,680.4,680.4,Guest 1017,0
1018_01,Earth,True,B53,TRAPPIST-1e,11.0,False,324.7,324.7,324.7,324.7,324.7,Guest 1018,0
1019_01,Mars,True,D696,TRAPPIST-1e,21.0,False,2077.4,2077.4,2077.4,2077.4,2077.4,Guest 1019,0
1020_01,Earth,False,B805,TRAPPIST-1e,53.0,False,1527.3,1527.3,1527.3,1527.3,1527.3,Guest 1020,0
1021_01,Mars,True,F254,PSO J318.5-22,40.0,True,1954.8,1954.8,1954.8,1954.8,1954.8,Guest 1021,0
1022_01,Europa,False,A865,PSO J318.5-22,33.0,False,1427.2,1427.2,1427.2,1427.2,1427.2,Guest 1022,0
1023_01,Europa,False,A232,PSO J318.5-22,42.0,False,478.4,478.4,478.4,478.4,478.4,Guest 1023,0
1024_01,Europa,False,A376,TRAPPIST-1e,12.0,False,7.7,7.7,7.7,7.7,7.7,Guest 1024,0
1025_01,Mars,False,F806,TRAPPIST-1e,21.0,True,3841.5,3841.5,3841.5,3841.5,3841.5,Guest 1025,0
1026_01,Earth,False,E885,55 Cancri e,15.0,True,418.1,418.1,418.1,418.1,418.1,Guest 1026,0
1027_01,Earth,False,G923,PSO J318.5-22,21.0,True,417.4,417.4,417.4,417.4,417.4,Guest 1027,0
1028_01,Europa,False,G772,TRAPPIST-1e,27.0,False,1415.9,1415.9,1415.9,1415.9,1415.9,Guest 1028,0
1029_01,Mars,False,A20,TRAPPIST-1e,37.0,True,271.7,271.7,271.7,271.7,271.7,Guest 1029,0
1030_01,Europa,False,C847,PSO J318.5-22,43.0,False,559.8,559.8,559.8,559.8,559.8,Guest 1030,0
1031_01,Mars,True,F863,PSO J318.5-22,43.0,True,151.0,151.0,151.0,151.0,151.0,Guest 1031,0
1032_01,Mars,True,D910,TRAPPIST-1e,63.0,False,658.8,658.8,658.8,658.8,658.8,Guest 1032,0
1033_01,Earth,True,C338,PSO J318.5-22,25.0,False,869.5,869.5,869.5,869.5,869.5,Guest 1033,1
1034_01,Earth,True,B137,PSO J318.5-22,31.0,True,126.8,126.8,126.8,126.8,126.8,Guest 1034,1
1035_01,Earth,False,E811,PSO J318.5-22,37.0,False,364.8,364.8,364.8,364.8,364.8,Guest 1035,0
1036_01,Europa,False,D275,PSO J318.5-22,21.0,True,670.2,670.2,670.2,670.2,670.2,Guest 1036,0
1037_01,Mars,False,C409,TRAPPIST-1e,28.0,False,836.9,836.9,836.9,836.9,836.9,Guest 1037,0
1038_01,Earth,True,D895,TRAPPIST-1e,36.0,False,617.2,617.2,617.2,617.2,617.2,Guest 1038,1
1039_01,Mars,True,A180,TRAPPIST-1e,21.0,False,451.0,451.0,451.0,451.0,451.0,Guest 1039,0
1040_01,Mars,False,E278,55 Cancri e,37.0,True,166.9,166.9,166.9,166.9,166.9,Guest 1040,0
1041_01,Mars,True,G332,TRAPPIST-1e,46.0,True,215.5,215.5,215.5,215.5,215.5,Guest 1041,0
1042_01,Mars,True,B810,TRAPPIST-1e,18.0,False,72.0,72.0,72.0,72.0,72.0,Guest 1042,0
1043_01,Earth,False,A950,TRAPPIST-1e,4.0,True,1213.3,1213.3,1213.3,1213.3,1213.3,Guest 1043,0
1044_01,Mars,False,E167,TRAPPIST-1e,32.0,True,222.4,222.4,222.4,222.4,222.4,Guest 1044,0
1045_01,Europa,True,E282,PSO J318.5-22,19.0,False,781.8,781.8,781.8,781.8,781.8,Guest 1045,0
1046_01,Earth,False,D771,55 Cancri e,33.0,False,607.3,607.3,607.3,607.3,607.3,Guest 1046,0
1047_01,Earth,False,D213,PSO J318.5-22,26.0,True,2913.4,2913.4,2913.4,2913.4,2913.4,Guest 1047,0
1048_01,Mars,True,B598,PSO J318.5-22,35.0,False,687.9,687.9,687.9,687.9,687.9,Guest 1048,0
1049_01,Earth,True,G455,PSO J318.5-22,45.0,False,195.1,195.1,195.1,195.1,195.1,Guest 1049,0
1050_01,Mars,False,C839,55 Cancri e,41.0,False,2748.7,2748.7,2748.7,2748.7,2748.7,Guest 1050,0
1051_01,Europa,True,D262,TRAPPIST-1e,27.0,True,725.9,725.9,725.9,725.9,725.9,Guest 1051,0
1052_01,Mars,False,D522,TRAPPIST-1e,17.0,True,2127.5,2127.5,2127.5,2127.5,2127.5,Guest 1052,0
1053_01,Earth,True,B587,PSO J318.5-22,1.0,True,1117.8,1117.8,1117.8,1117.8,1117.8,Guest 1053,0
1054_01,Earth,False,B40,TRAPPIST-1e,5.0,False,3086.8,3086.8,3086.8,3086.8,3086.8,Guest 1054,0
1055_01,Earth,False,B65,55 Cancri e,22.0,False,1335.0,1335.0,1335.0,1335.0,1335.0,Guest 1055,0
1056_01,Europa,True,G204,55 Cancri e,32.0,True,312.5,312.5,312.5,312.5,312.5,Guest 1056,0
1057_01,Mars,True,E41,55 Cancri e,23.0,True,331.9,331.9,331.9,331.9,331.9,Guest 1057,0
1058_01,Earth,True,E384,55 Cancri e,24.0,False,383.4,383.4,383.4,383.4,383.4,Guest 1058,0
1059_01,Europa,False,C563,TRAPPIST-1e,12.0,False,373.4,373.4,373.4,373.4,373.4,Guest 1059,0
1060_01,Earth,False,E486,55 Cancri e,11.0,False,1236.1,1236.1,1236.1,1236.1,1236.1,Guest 1060,0
1061_01,Earth,True,C638,55 Cancri e,10.0,True,115.5,115.5,115.5,115.5,115.5,Guest 1061,0
1062_01,Earth,False,F579,TRAPPIST-1e,38.0,False,67.5,67.5,67.5,67.5,67.5,Guest 1062,0
1063_01,Mars,True,B715,PSO J318.5-22,7.0,False,217.2,217.2,217.2,217.2,217.2,Guest 1063,0
1064_01,Earth,False,G851,PSO J318.5-22,39.0,False,265.8,265.8,265.8,265.8,265.8,Guest 1064,0
1065_01,Mars,True,E22,PSO J318.5-22,20.0,True,619.2,619.2,619.2,619.2,619.2,Guest 1065,0
1066_01,Mars,False,G66,PSO J318.5-22,37.0,True,3251.9,3251.9,3251.9,3251.9,3251.9,Guest 1066,0
1067_01,Europa,True,A29,55 Cancri e,33.0,True,1456.2,1456.2,1456.2,1456.2,1456.2,Guest 1067,0
1068_01,Europa,True,D556,55 Cancri e,40.0,False,2078.2,2078.2,2078.2,2078.2,2078.2,Guest 1068,0
1069_01,Mars,True,F155,55 Cancri e,45.0,True,1122.6,1122.6,1122.6,1122.6,1122.6,Guest 1069,0
1070_01,Europa,False,G489,TRAPPIST-1e,21.0,False,637.5,637.5,637.5,637.5,637.5,Guest 1070,0
1071_01,Europa,True,F277,TRAPPIST-1e,19.0,False,165.2,165.2,165.2,165.2,165.2,Guest 1071,0
1072_01,Earth,False,B420,55 Cancri e,25.0,False,1688.1,1688.1,1688.1,1688.1,1688.1,Guest 1072,0
1073_01,Earth,True,D437,PSO J318.5-22,21.0,True,190.2,190.2,190.2,190.2,190.2,Guest 1073,0
1074_01,Earth,False,B594,55 Cancri e,38.0,False,206.2,206.2,206.2,206.2,206.2,Guest 1074,0
1075_01,Earth,True,A23,TRAPPIST-1e,29.0,True,121.5,121.5,121.5,121.5,121.5,Guest 1075,0
1076_01,Earth,True,B500,TRAPPIST-1e,30.0,True,441.6,441.6,441.6,441.6,441.6,Guest 1076,1
1077_01,Europa,False,D301,PSO J318.5-22,35.0,True,11.2,11.2,11.2,11.2,11.2,Guest 1077,0
1078_01,Europa,False,D555,TRAPPIST-1e,25.0,False,286.7,286.7,286.7,286.7,286.7,Guest 1078,0
1079_01,Mars,False,A399,TRAPPIST-1e,43.0,False,390.0,390.0,390.0,390.0,390.0,Guest 1079,0
1080_01,Mars,True,C19,PSO J318.5-22,8.0,False,2561.2,2561.2,2561.2,2561.2,2561.2,Guest 1080,0
1081_01,Europa,False,F443,PSO J318.5-22,33.0,True,1704.0,1704.0,1704.0,1704.0,1704.0,Guest 1081,0
1082_01,Europa,False,F550,55 Cancri e,36.0,True,466.2,466.2,466.2,466.2,466.2,Guest 1082,0
1083_01,Earth,True,B865,55 Cancri e,21.0,True,3081.1,3081.1,3081.1,3081.1,3081.1,Guest 1083,0
1084_01,Mars,False,D475,PSO J318.5-22,22.0,False,529.9,529.9,529.9,529.9,529.9,Guest 1084,0
1085_01,Mars,False,D280,55 Cancri e,41.0,True,425.4,425.4,425.4,425.4,425.4,Guest 1085,0
1086_01,Mars,False,A24,PSO J318.5-22,26.0,False,821.1,821.1,821.1,821.1,821.1,Guest 1086,0
1087_01,Europa,True,C161,55 Cancri e,7.0,False,190.5,190.5,190.5,190.5,190.5,Guest 1087,0
1088_01,Europa,True,F946,55 Cancri e,14.0,False,1462.9,1462.9,1462.9,1462.9,1462.9,Guest 1088,0
1089_01,Mars,False,F545,55 Cancri e,42.0,True,185.1,185.1,185.1,185.1,185.1,Guest 1089,0
1090_01,Europa,True,D911,PSO J318.5-22,20.0,False,782.5,782.5,782.5,782.5,782.5,Guest 1090,0
1091_01,Earth,True,A109,TRAPPIST-1e,46.0,True,2081.5,2081.5,2081.5,2081.5,2081.5,Guest 1091,1
1092_01,Mars,True,F159,55 Cancri e,46.0,True,49.6,49.6,49.6,49.6,49.6,Guest 1092,0
1093_01,Earth,True,A879,55 Cancri e,28.0,False,10.4,10.4,10.4,10.4,10.4,Guest 1093,0
1094_01,Earth,False,G44,TRAPPIST-1e,37.0,False,734.4,734.4,734.4,734.4,734.4,Guest 1094,0
1095_01,Europa,True,D477,PSO J318.5-22,20.0,False,2730.1,2730.1,2730.1,2730.1,2730.1,Guest 1095,0
1096_01,Mars,True,B655,TRAPPIST-1e,25.0,False,1565.6,1565.6,1565.6,1565.6,1565.6,Guest 1096,0
1097_01,Earth,False,C529,55 Cancri e,22.0,True,1045.7,1045.7,1045.7,1045.7,1045.7,Guest 1097,0
1098_01,Mars,True,C662,TRAPPIST-1e,37.0,False,331.3,331.3,331.3,331.3,331.3,Guest 1098,0
1099_01,Earth,True,E47,55 Cancri e,15.0,True,163.2,163.2,163.2,163.2,163.2,Guest 1099,0
1100_01,Earth,True,E549,55 Cancri e,28.0,False,105.4,105.4,105.4,105.4,105.4,Guest 1100,1
1101_01,Mars,False,C533,PSO J318.5-22,31.0,False,45.9,45.9,45.9,45.9,45.9,Guest 1101,0
1102_01,Mars,False,B777,PSO J318.5-22,36.0,True,1002.3,1002.3,1002.3,1002.3,1002.3,Guest 1102,0
1103_01,Earth,True,A482,55 Cancri e,5.0,False,245.2,245.2,245.2,245.2,245.2,Guest 1103,1
1104_01,Mars,False,A324,55 Cancri e,9.0,True,851.6,851.6,851.6,851.6,851.6,Guest 1104,0
1105_01,Mars,False,A454,55 Cancri e,19.0,False,987.2,987.2,987.2,987.2,987.2,Guest 1105,0
1106_01,Earth,False,E167,PSO J318.5-22,27.0,True,308.8,308.8,308.8,308.8,308.8,Guest 1106,0
1107_01,Europa,False,C778,55 Cancri e,32.0,True,937.5,937.5,937.5,937.5,937.5,Guest 1107,0
1108_01,Earth,False,F537,55 Cancri e,32.0,False,1183.2,1183.2,1183.2,1183.2,1183.2,Guest 1108,0
1109_01,Mars,False,G266,55 Cancri e,54.0,False,104.9,104.9,104.9,104.9,104.9,Guest 1109,0
1110_01,Earth,False,G694,PSO J318.5-22,38.0,False,448.4,448.4,448.4,448.4,448.4,Guest 1110,0
1111_01,Europa,False,B312,PSO J318.5-22,37.0,False,3489.5,3489.5,3489.5,3489.5,3489.5,Guest 1111,0
1112_01,Earth,False,C507,PSO J318.5-22,24.0,False,3096.4,3096.4,3096.4,3096.4,3096.4,Guest 1112,0
1113_01,Europa,True,D988,TRAPPIST-1e,39.0,True,1243.4,1243.4,1243.4,1243.4,1243.4,Guest 1113,0
1114_01,Europa,True,A932,55 Cancri e,38.0,True,445.2,445.2,445.2,445.2,445.2,Guest 1114,0
1115_01,Earth,True,F446,TRAPPIST-1e,38.0,True,1226.9,1226.9,1226.9,1226.9,1226.9,Guest 1115,1
1116_01,Earth,True,F262,PSO J318.5-22,29.0,False,76.3,76.3,76.3,76.3,76.3,Guest 1116,0
1117_01,Earth,True,F742,PSO J318.5-22,37.0,True,731.0,731.0,731.0,731.0,731.0,Guest 1117,1
1118_01,Earth,False,A970,PSO J318.5-22,48.0,False,1769.6,1769.6,1769.6,1769.6,1769.6,Guest 1118,0
1119_01,Mars,False,C862,55 Cancri e,20.0,False,3155.9,3155.9,3155.9,3155.9,3155.9,Guest 1119,0
1120_01,Earth,True,E595,55 Cancri e,4.0,True,3961.3,3961.3,3961.3,3961.3,3961.3,Guest 1120,0
1121_01,Europa,True,C755,TRAPPIST-1e,40.0,True,227.5,227.5,227.5,227.5,227.5,Guest 1121,0
1122_01,Mars,False,B997,55 Cancri e,39.0,False,282.9,282.9,282.9,282.9,282.9,Guest 1122,0
1123_01,Europa,True,A295,PSO J318.5-22,27.0,False,1051.5,1051.5,1051.5,1051.5,1051.5,Guest 1123,0
1124_01,Earth,True,D92,PSO J318.5-22,25.0,False,754.8,754.8,754.8,754.8,754.8,Guest 1124,1
1125_01,Earth,True,D750,PSO J318.5-22,63.0,True,1196.0,1196.0,1196.0,1196.0,1196.0,Guest 1125,1
1126_01,Mars,False,G922,TRAPPIST-1e,24.0,True,89.5,89.5,89.5,89.5,89.5,Guest 1126,0
1127_01,Earth,True,G578,55 Cancri e,15.0,True,1651.2,1651.2,1651.2,1651.2,1651.2,Guest 1127,0
1128_01,Earth,True,E303,55 Cancri e,24.0,True,1025.1,1025.1,1025.1,1025.1,1025.1,Guest 1128,1
1129_01,Earth,True,B387,TRAPPIST-1e,36.0,True,1073.0,1073.0,1073.0,1073.0,1073.0,Guest 1129,0
1130_01,Earth,True,F5,PSO J318.5-22,23.0,False,1220.4,1220.4,1220.4,1220.4,1220.4,Guest 1130,0
1131_01,Europa,False,E745,TRAPPIST-1e,25.0,False,368.1,368.1,368.1,368.1,368.1,Guest 1131,0
1132_01,Europa,True,E980,55 Cancri e,33.0,False,1861.3,1861.3,1861.3,1861.3,1861.3,Guest 1132,0
1133_01,Mars,True,D142,55 Cancri e,25.0,True,1357.9,1357.9,1357.9,1357.9,1357.9,Guest 1133,0
1134_01,Earth,False,D585,55 Cancri e,31.0,True,37.3,37.3,37.3,37.3,37.3,Guest 1134,0
1135_01,Mars,True,B434,PSO J318.5-22,29.0,True,195.6,195.6,195.6,195.6,195.6,Guest 1135,0
1136_01,Mars,False,A634,PSO J318.5-22,17.0,False,884.2,884.2,884.2,884.2,884.2,Guest 1136,0
1137_01,Earth,True,C969,TRAPPIST-1e,31.0,False,102.8,102.8,102.8,102.8,102.8,Guest 1137,0
1138_01,Mars,False,F823,55 Cancri e,16.0,True,53.9,53.9,53.9,53.9,53.9,Guest 1138,0
1139_01,Europa,True,B626,TRAPPIST-1e,41.0,False,2022.8,2022.8,2022.8,2022.8,2022.8,Guest 1139,0
1140_01,Mars,True,A37,PSO J318.5-22,19.0,False,2341.1,2341.1,2341.1,2341.1,2341.1,Guest 1140,0
1141_01,Mars,False,B335,55 Cancri e,27.0,False,1753.9,1753.9,1753.9,1753.9,1753.9,Guest 1141,0
1142_01,Europa,True,A327,55 Cancri e,8.0,True,33.9,33.9,33.9,33.9,33.9,Guest 1142,0
1143_01,Europa,False,E722,PSO J318.5-22,24.0,True,286.8,286.8,286.8,286.8,286.8,Guest 1143,0
1144_01,Earth,False,D137,55 Cancri e,15.0,False,1509.5,1509.5,1509.5,1509.5,1509.5,Guest 1144,0
1145_01,Mars,True,G237,TRAPPIST-1e,48.0,False,1189.8,1189.8,1189.8,1189.8,1189.8,Guest 1145,0
1146_01,Europa,False,G115,PSO J318.5-22,28.0,False,2937.0,2937.0,2937.0,2937.0,2937.0,Guest 1146,0
1147_01,Earth,False,E689,55 Cancri e,36.0,False,643.3,643.3,643.3,643.3,643.3,Guest 1147,0
1148_01,Europa,False,F2,55 Cancri e,9.0,False,750.4,750.4,750.4,750.4,750.4,Guest 1148,0
1149_01,Mars,False,C376,55 Cancri e,15.0,True,1140.3,1140.3,1140.3,1140.3,1140.3,Guest 1149,0
1150_01,Europa,False,G349,PSO J318.5-22,28.0,False,49.0,49.0,49.0,49.0,49.0,Guest 1150,0
1151_01,Earth,True,G893,TRAPPIST-1e,14.0,True,627.6,627.6,627.6,627.6,627.6,Guest 1151,1
1152_01,Earth,False,B54,PSO J318.5-22,43.0,False,1361.1,1361.1,1361.1,1361.1,1361.1,Guest 1152,0
1153_01,Earth,False,G737,TRAPPIST-1e,25.0,True,421.1,421.1,421.1,421.1,421.1,Guest 1153,0
1154_01,Mars,True,B447,PSO J318.5-22,32.0,True,1557.1,1557.1,1557.1,1557.1,1557.1,Guest 1154,0
1155_01,Europa,True,G322,55 Cancri e,33.0,True,134.8,134.8,134.8,134.8,134.8,Guest 1155,0
1156_01,Mars,False,B32,PSO J318.5-22,28.0,True,746.0,746.0,746.0,746.0,746.0,Guest 1156,0
1157_01,Mars,True,F392,TRAPPIST-1e,39.0,True,81.9,81.9,81.9,81.9,81.9,Guest 1157,0
1158_01,Europa,True,E967,55 Cancri e,22.0,True,229.3,229.3,229.3,229.3,229.3,Guest 1158,0
1159_01,Europa,True,G745,PSO J318.5-22,34.0,True,1725.8,1725.8,1725.8,1725.8,1725.8,Guest 1159,0
1160_01,Earth,False,B157,PSO J318.5-22,44.0,True,634.5,634.5,634.5,634.5,634.5,Guest 1160,0
1161_01,Earth,False,D127,55 Cancri e,32.0,False,604.1,604.1,604.1,604.1,604.1,Guest 1161,0
1162_01,Europa,True,C539,55 Cancri e,31.0,True,210.0,210.0,210.0,210.0,210.0,Guest 1162,0
1163_01,Earth,False,E643,PSO J318.5-22,26.0,False,376.7,376.7,376.7,376.7,376.7,Guest 1163,0
1164_01,Europa,False,A928,55 Cancri e,30.0,False,313.5,313.5,313.5,313.5,313.5,Guest 1164,0
1165_01,Earth,False,F946,55 Cancri e,38.0,True,871.4,871.4,871.4,871.4,871.4,Guest 1165,0
1166_01,Earth,False,B868,PSO J318.5-22,27.0,False,285.0,285.0,285.0,285.0,285.0,Guest 1166,0
1167_01,Earth,False,C128,TRAPPIST-1e,10.0,False,447.0,447.0,447.0,447.0,447.0,Guest 1167,0
1168_01,Earth,False,E444,55 Cancri e,32.0,False,253.5,253.5,253.5,253.5,253.5,Guest 1168,0
1169_01,Earth,True,B218,PSO J318.5-22,28.0,False,553.3,553.3,553.3,553.3,553.3,Guest 1169,1
1170_01,Earth,True,E613,55 Cancri e,35.0,False,175.9,175.9,175.9,175.9,175.9,Guest 1170,1
1171_01,Europa,True,F252,55 Cancri e,30.0,False,468.1,468.1,468.1,468.1,468.1,Guest 1171,0
1172_01,Europa,False,F432,55 Cancri e,48.0,False,51.9,51.9,51.9,51.9,51.9,Guest 1172,0
1173_01,Europa,True,G893,55 Cancri e,15.0,False,322.1,322.1,322.1,322.1,322.1,Guest 1173,0
1174_01,Europa,False,F263,TRAPPIST-1e,18.0,False,1347.5,1347.5,1347.5,1347.5,1347.5,Guest 1174,0
1175_01,Europa,True,C877,55 Cancri e,37.0,True,1078.1,1078.1,1078.1,1078.1,1078.1,Guest 1175,0
1176_01,Europa,False,G610,TRAPPIST-1e,18.0,True,414.1,414.1,414.1,414.1,414.1,Guest 1176,0
1177_01,Mars,False,A264,55 Cancri e,34.0,False,185.7,185.7,185.7,185.7,185.7,Guest 1177,0
1178_01,Mars,False,B681,PSO J318.5-22,29.0,False,787.8,787.8,787.8,787.8,787.8,Guest 1178,0
1179_01,Europa,False,G656,55 Cancri e,6.0,False,416.8,416.8,416.8,416.8,416.8,Guest 1179,0
1180_01,Mars,False,B390,TRAPPIST-1e,38.0,False,1179.1,1179.1,1179.1,1179.1,1179.1,Guest 1180,0
1181_01,Europa,False,D841,TRAPPIST-1e,46.0,True,544.6,544.6,544.6,544.6,544.6,Guest 1181,0
1182_01,Europa,True,D760,55 Cancri e,32.0,True,285.6,285.6,285.6,285.6,285.6,Guest 1182,0
1183_01,Mars,False,F595,TRAPPIST-1e,13.0,True,65.4,65.4,65.4,65.4,65.4,Guest 1183,0
1184_01,Mars,True,F676,PSO J318.5-22,39.0,False,1929.1,1929.1,1929.1,1929.1,1929.1,Guest 1184,0
1185_01,Earth,True,C821,55 Cancri e,17.0,True,813.9,813.9,813.9,813.9,813.9,Guest 1185,0
1186_01,Europa,True,B574,55 Cancri e,28.0,False,521.7,521.7,521.7,521.7,521.7,Guest 1186,0
1187_01,Europa,False,F729,TRAPPIST-1e,35.0,True,253.3,253.3,253.3,253.3,253.3,Guest 1187,0
1188_01,Mars,False,F489,TRAPPIST-1e,20.0,False,2434.9,2434.9,2434.9,2434.9,2434.9,Guest 1188,0
1189_01,Europa,True,E446,PSO J318.5-22,10.0,True,1049.9,1049.9,1049.9,1049.9,1049.9,Guest 1189,0
1190_01,Mars,True,G365,PSO J318.5-22,28.0,False,861.4,861.4,861.4,861.4,861.4,Guest 1190,0
1191_01,Mars,True,D373,55 Cancri e,29.0,False,181.3,181.3,181.3,181.3,181.3,Guest 1191,0
1192_01,Mars,True,C826,55 Cancri e,20.0,False,310.0,310.0,310.0,310.0,310.0,Guest 1192,0
1193_01,Earth,False,G362,TRAPPIST-1e,20.0,True,447.8,447.8,447.8,447.8,447.8,Guest 1193,0
1194_01,Earth,True,C563,55 Cancri e,38.0,True,232.5,232.5,232.5,232.5,232.5,Guest 1194,0
1195_01,Mars,False,A378,PSO J318.5-22,29.0,False,246.5,246.5,246.5,246.5,246.5,Guest 1195,0
1196_01,Europa,True,B592,PSO J318.5-22,24.0,False,474.4,474.4,474.4,474.4,474.4,Guest 1196,0
1197_01,Earth,True,C124,TRAPPIST-1e,23.0,False,1381.6,1381.6,1381.6,1381.6,1381.6,Guest 1197,1
1198_01,Europa,True,F30,PSO J318.5-22,32.0,False,1448.4,1448.4,1448.4,1448.4,1448.4,Guest 1198,0
1199_01,Mars,False,E359,PSO J318.5-22,31.0,True,1142.6,1142.6,1142.6,1142.6,1142.6,Guest 1199,0
1200_01,Mars,True,A263,PSO J318.5-22,28.0,True,544.3,544.3,544.3,544.3,544.3,Guest 1200,0
1201_01,Europa,True,E857,PSO J318.5-22,13.0,True,747.1,747.1,747.1,747.1,747.1,Guest 1201,0
1202_01,Europa,False,E777,PSO J318.5-22,25.0,False,316.5,316.5,316.5,316.5,316.5,Guest 1202,0
1203_01,Europa,False,G859,PSO J318.5-22,22.0,False,271.7,271.7,271.7,271.7,271.7,Guest 1203,0
1204_01,Europa,True,G484,PSO J318.5-22,30.0,False,1891.2,1891.2,1891.2,1891.2,1891.2,Guest 1204,0
1205_01,Earth,True,D652,TRAPPIST-1e,43.0,True,2086.8,2086.8,2086.8,2086.8,2086.8,Guest 1205,1
1206_01,Mars,True,E759,55 Cancri e,41.0,False,1567.4,1567.4,1567.4,1567.4,1567.4,Guest 1206,0
1207_01,Mars,False,G320,TRAPPIST-1e,37.0,False,304.5,304.5,304.5,304.5,304.5,Guest 1207,0
1208_01,Earth,False,G105,55 Cancri e,31.0,False,413.7,413.7,413.7,413.7,413.7,Guest 1208,0
1209_01,Mars,False,D968,PSO J318.5-22,26.0,False,4.1,4.1,4.1,4.1,4.1,Guest 1209,0
1210_01,Earth,False,D932,TRAPPIST-1e,34.0,False,2175.3,2175.3,2175.3,2175.3,2175.3,Guest 1210,0
1211_01,Mars,False,D67,55 Cancri e,24.0,False,1777.6,1777.6,1777.6,1777.6,1777.6,Guest 1211,0
1212_01,Earth,False,F174,55 Cancri e,26.0,True,153.4,153.4,153.4,153.4,153.4,Guest 1212,0
1213_01,Earth,False,G834,TRAPPIST-1e,20.0,False,471.7,471.7,471.7,471.7,471.7,Guest 1213,0
1214_01,Earth,False,G659,55 Cancri e,29.0,True,364.3,364.3,364.3,364.3,364.3,Guest 1214,0
1215_01,Europa,False,E792,PSO J318.5-22,29.0,False,57.6,57.6,57.6,57.6,57.6,Guest 1215,0
1216_01,Mars,False,F484,PSO J318.5-22,51.0,True,1027.7,1027.7,1027.7,1027.7,1027.7,Guest 1216,0
1217_01,Mars,True,A223,PSO J318.5-22,36.0,False,773.1,773.1,773.1,773.1,773.1,Guest 1217,0
1218_01,Europa,True,G179,55 Cancri e,25.0,False,8.6,8.6,8.6,8.6,8.6,Guest 1218,0
1219_01,Earth,True,F909,TRAPPIST-1e,39.0,True,517.5,517.5,517.5,517.5,517.5,Guest 1219,0
1220_01,Earth,True,D542,55 Cancri e,24.0,False,1544.3,1544.3,1544.3,1544.3,1544.3,Guest 1220,0
1221_01,Mars,True,F527,55 Cancri e,41.0,False,436.3,436.3,436.3,436.3,436.3,Guest 1221,0
1222_01,Europa,False,D609,55 Cancri e,39.0,False,23.3,23.3,23.3,23.3,23.3,Guest 1222,0
1223_01,Europa,False,F684,55 Cancri e,63.0,False,1296.1,1296.1,1296.1,1296.1,1296.1,Guest 1223,0
1224_01,Europa,True,C274,TRAPPIST-1e,17.0,True,967.5,967.5,967.5,967.5,967.5,Guest 1224,0
1225_01,Mars,False,F80,TRAPPIST-1e,29.0,False,582.2,582.2,582.2,582.2,582.2,Guest 1225,0
1226_01,Europa,False,F921,55 Cancri e,28.0,True,1133.2,1133.2,1133.2,1133.2,1133.2,Guest 1226,0
1227_01,Earth,True,F179,PSO J318.5-22,33.0,True,2277.8,2277.8,2277.8,2277.8,2277.8,Guest 1227,0
1228_01,Mars,True,F739,55 Cancri e,38.0,False,386.8,386.8,386.8,386.8,386.8,Guest 1228,0
1229_01,Mars,True,F442,TRAPPIST-1e,18.0,False,3290.2,3290.2,3290.2,3290.2,3290.2,Guest 1229,0
1230_01,Earth,True,F328,TRAPPIST-1e,21.0,True,1172.6,1172.6,1172.6,1172.6,1172.6,Guest 1230,0
1231_01,Earth,True,B922,PSO J318.5-22,33.0,False,111.6,111.6,111.6,111.6,111.6,Guest 1231,0
1232_01,Europa,False,C726,PSO J318.5-22,41.0,False,1459.4,1459.4,1459.4,1459.4,1459.4,Guest 1232,0
1233_01,Europa,False,F776,TRAPPIST-1e,17.0,False,1459.3,1459.3,1459.3,1459.3,1459.3,Guest 1233,0
1234_01,Earth,True,D292,TRAPPIST-1e,12.0,False,203.9,203.9,203.9,203.9,203.9,Guest 1234,0
1235_01,Earth,False,F716,PSO J318.5-22,43.0,True,649.3,649.3,649.3,649.3,649.3,Guest 1235,0
1236_01,Earth,False,B362,PSO J318.5-22,39.0,False,232.3,232.3,232.3,232.3,232.3,Guest 1236,0
1237_01,Earth,True,E755,PSO J318.5-22,42.0,False,398.2,398.2,398.2,398.2,398.2,Guest 1237,0
1238_01,Europa,False,A869,55 Cancri e,18.0,False,830.2,830.2,830.2,830.2,830.2,Guest 1238,0
1239_01,Earth,False,A86,TRAPPIST-1e,27.0,True,486.2,486.2,486.2,486.2,486.2,Guest 1239,0
1240_01,Europa,True,E807,55 Cancri e,32.0,False,1123.3,1123.3,1123.3,1123.3,1123.3,Guest 1240,0
1241_01,Europa,False,D351,TRAPPIST-1e,35.0,False,169.1,169.1,169.1,169.1,169.1,Guest 1241,0
1242_01,Earth,False,G37,55 Cancri e,28.0,True,66.3,66.3,66.3,66.3,66.3,Guest 1242,0
1243_01,Earth,True,B698,55 Cancri e,29.0,True,91.1,91.1,91.1,91.1,91.1,Guest 1243,1
1244_01,Earth,True,E812,TRAPPIST-1e,41.0,False,37.4,37.4,37.4,37.4,37.4,Guest 1244,0
1245_01,Europa,False,A237,PSO J318.5-22,25.0,True,631.0,631.0,631.0,631.0,631.0,Guest 1245,0
1246_01,Europa,True,D678,TRAPPIST-1e,23.0,False,1223.9,1223.9,1223.9,1223.9,1223.9,Guest 1246,0
1247_01,Europa,False,G649,55 Cancri e,25.0,True,1696.7,1696.7,1696.7,1696.7,1696.7,Guest 1247,0
1248_01,Earth,True,B557,55 Cancri e,24.0,True,962.9,962.9,962.9,962.9,962.9,Guest 1248,0
1249_01,Europa,False,E891,TRAPPIST-1e,31.0,False,930.5,930.5,930.5,930.5,930.5,Guest 1249,0
1250_01,Europa,False,E737,TRAPPIST-1e,27.0,False,372.0,372.0,372.0,372.0,372.0,Guest 1250,0
1251_01,Mars,False,D547,PSO J318.5-22,25.0,True,1040.3,1040.3,1040.3,1040.3,1040.3,Guest 1251,0
1252_01,Earth,True,G973,TRAPPIST-1e,46.0,True,55.0,55.0,55.0,55.0,55.0,Guest 1252,1
1253_01,Earth,False,B28,55 Cancri e,33.0,False,2273.7,2273.7,2273.7,2273.7,2273.7,Guest 1253,0
1254_01,Europa,False,D644,TRAPPIST-1e,26.0,False,1060.5,1060.5,1060.5,1060.5,1060.5,Guest 1254,0
1255_01,Mars,False,E673,55 Cancri e,44.0,True,1773.5,1773.5,1773.5,1773.5,1773.5,Guest 1255,0
1256_01,Earth,True,F675,55 Cancri e,23.0,True,460.3,460.3,460.3,460.3,460.3,Guest 1256,0
1257_01,Europa,False,E782,PSO J318.5-22,30.0,True,411.8,411.8,411.8,411.8,411.8,Guest 1257,0
1258_01,Mars,True,B497,PSO J318.5-22,29.0,False,77.5,77.5,77.5,77.5,77.5,Guest 1258,0
1259_01,Mars,False,B139,TRAPPIST-1e,23.0,False,241.8,241.8,241.8,241.8,241.8,Guest 1259,0
1260_01,Earth,True,D638,55 Cancri e,25.0,True,318.3,318.3,318.3,318.3,318.3,Guest 1260,1
1261_01,Mars,False,C81,PSO J318.5-22,31.0,True,1549.8,1549.8,1549.8,1549.8,1549.8,Guest 1261,0
1262_01,Mars,False,G849,55 Cancri e,13.0,False,831.6,831.6,831.6,831.6,831.6,Guest 1262,0
1263_01,Earth,False,G715,TRAPPIST-1e,25.0,False,36.3,36.3,36.3,36.3,36.3,Guest 1263,0
1264_01,Europa,False,E112,55 Cancri e,32.0,True,1742.0,1742.0,1742.0,1742.0,1742.0,Guest 1264,0
1265_01,Mars,True,A708,TRAPPIST-1e,33.0,True,262.5,262.5,262.5,262.5,262.5,Guest 1265,0
1266_01,Earth,True,G213,55 Cancri e,33.0,False,44.7,44.7,44.7,44.7,44.7,Guest 1266,1
1267_01,Earth,True,B791,TRAPPIST-1e,57.0,False,511.8,511.8,511.8,511.8,511.8,Guest 1267,0
1268_01,Earth,False,G41,55 Cancri e,37.0,True,143.1,143.1,143.1,143.1,143.1,Guest 1268,0
1269_01,Europa,True,D21,PSO J318.5-22,28.0,True,133.5,133.5,133.5,133.5,133.5,Guest 1269,0
1270_01,Europa,False,G382,TRAPPIST-1e,28.0,False,430.1,430.1,430.1,430.1,430.1,Guest 1270,0
1271_01,Europa,False,A425,PSO J318.5-22,30.0,True,1630.2,1630.2,1630.2,1630.2,1630.2,Guest 1271,0
1272_01,Mars,True,C403,PSO J318.5-22,35.0,False,379.4,379.4,379.4,379.4,379.4,Guest 1272,0
1273_01,Europa,True,G5,PSO J318.5-22,26.0,False,749.8,749.8,749.8,749.8,749.8,Guest 1273,0
1274_01,Earth,True,A0,PSO J318.5-22,47.0,True,1000.0,1000.0,1000.0,1000.0,1000.0,Guest 1274,0
1275_01,Mars,True,B466,TRAPPIST-1e,17.0,True,400.8,400.8,400.8,400.8,400.8,Guest 1275,0
1276_01,Mars,False,E683,PSO J318.5-22,37.0,False,930.7,930.7,930.7,930.7,930.7,Guest 1276,0
1277_01,Mars,True,B960,PSO J318.5-22,35.0,True,434.7,434.7,434.7,434.7,434.7,Guest 1277,0
1278_01,Mars,True,F790,55 Cancri e,16.0,True,106.0,106.0,106.0,106.0,106.0,Guest 1278,0
1279_01,Europa,False,C327,55 Cancri e,37.0,True,327.8,327.8,327.8,327.8,327.8,Guest 1279,0
1280_01,Europa,False,E467,55 Cancri e,36.0,False,23.4,23.4,23.4,23.4,23.4,Guest 1280,0
1281_01,Europa,True,B735,PSO J318.5-22,22.0,False,885.2,885.2,885.2,885.2,885.2,Guest 1281,0
1282_01,Earth,True,F337,TRAPPIST-1e,56.0,False,234.5,234.5,234.5,234.5,234.5,Guest 1282,0
1283_01,Europa,True,G601,55 Cancri e,38.0,True,1613.0,1613.0,1613.0,1613.0,1613.0,Guest 1283,0
1284_01,Europa,True,F399,TRAPPIST-1e,26.0,True,1629.1,1629.1,1629.1,1629.1,1629.1,Guest 1284,0
1285_01,Europa,False,G731,55 Cancri e,24.0,True,425.4,425.4,425.4,425.4,425.4,Guest 1285,0
1286_01,Mars,True,E366,55 Cancri e,21.0,False,806.4,806.4,806.4,806.4,806.4,Guest 1286,0
1287_01,Earth,False,C110,55 Cancri e,33.0,False,1473.0,1473.0,1473.0,1473.0,1473.0,Guest 1287,0
1288_01,Europa,True,C452,55 Cancri e,30.0,True,245.1,245.1,245.1,245.1,245.1,Guest 1288,0
1289_01,Earth,False,D445,PSO J318.5-22,13.0,False,292.3,292.3,292.3,292.3,292.3,Guest 1289,0
1290_01,Mars,True,B560,TRAPPIST-1e,18.0,True,294.4,294.4,294.4,294.4,294.4,Guest 1290,0
1291_01,Mars,True,F297,PSO J318.5-22,21.0,False,1486.6,1486.6,1486.6,1486.6,1486.6,Guest 1291,0
1292_01,Europa,True,D327,TRAPPIST-1e,25.0,False,1082.1,1082.1,1082.1,1082.1,1082.1,Guest 1292,0
1293_01,Earth,False,G790,PSO J318.5-22,25.0,False,1073.8,1073.8,1073.8,1073.8,1073.8,Guest 1293,0
1294_01,Europa,True,D768,TRAPPIST-1e,22.0,True,758.1,758.1,758.1,758.1,758.1,Guest 1294,0
1295_01,Earth,False,B38,PSO J318.5-22,37.0,True,66.2,66.2,66.2,66.2,66.2,Guest 1295,0
1296_01,Mars,False,E495,TRAPPIST-1e,40.0,True,255.4,255.4,255.4,255.4,255.4,Guest 1296,0
1297_01,Earth,False,B772,55 Cancri e,30.0,False,3916.2,3916.2,3916.2,3916.2,3916.2,Guest 1297,0
1298_01,Earth,True,C58,TRAPPIST-1e,4.0,True,2469.1,2469.1,2469.1,2469.1,2469.1,Guest 1298,0
1299_01,Earth,False,C457,55 Cancri e,28.0,True,584.6,584.6,584.6,584.6,584.6,Guest 1299,0
1300_01,Europa,True,G189,TRAPPIST-1e,36.0,False,275.7,275.7,275.7,275.7,275.7,Guest 1300,0
1301_01,Mars,True,D543,TRAPPIST-1e,29.0,False,1023.5,1023.5,1023.5,1023.5,1023.5,Guest 1301,0
1302_01,Europa,True,G402,TRAPPIST-1e,33.0,False,47.3,47.3,47.3,47.3,47.3,Guest 1302,0
1303_01,Earth,False,C633,55 Cancri e,31.0,True,583.1,583.1,583.1,583.1,583.1,Guest 1303,0
1304_01,Earth,False,G632,TRAPPIST-1e,13.0,True,391.2,391.2,391.2,391.2,391.2,Guest 1304,0
1305_01,Europa,True,A61,55 Cancri e,1.0,True,70.7,70.7,70.7,70.7,70.7,Guest 1305,0
1306_01,Europa,True,E375,PSO J318.5-22,37.0,True,529.1,529.1,529.1,529.1,529.1,Guest 1306,0
1307_01,Mars,False,B57,TRAPPIST-1e,24.0,False,508.5,508.5,508.5,508.5,508.5,Guest 1307,0
1308_01,Earth,False,D954,TRAPPIST-1e,34.0,False,689.0,689.0,689.0,689.0,689.0,Guest 1308,0
1309_01,Europa,False,D47,PSO J318.5-22,26.0,False,1358.7,1358.7,1358.7,1358.7,1358.7,Guest 1309,0
1310_01,Mars,True,G193,TRAPPIST-1e,28.0,False,768.2,768.2,768.2,768.2,768.2,Guest 1310,0
1311_01,Earth,False,F120,TRAPPIST-1e,45.0,False,1396.3,1396.3,1396.3,1396.3,1396.3,Guest 1311,0
1312_01,Europa,False,E130,PSO J318.5-22,16.0,True,234.0,234.0,234.0,234.0,234.0,Guest 1312,0
1313_01,Mars,True,A551,PSO J318.5-22,29.0,True,860.6,860.6,860.6,860.6,860.6,Guest 1313,0
1314_01,Mars,True,G243,55 Cancri e,17.0,False,85.4,85.4,85.4,85.4,85.4,Guest 1314,0
1315_01,Mars,False,A722,55 Cancri e,30.0,False,951.3,951.3,951.3,951.3,951.3,Guest 1315,0
1316_01,Earth,True,A975,55 Cancri e,35.0,False,633.8,633.8,633.8,633.8,633.8,Guest 1316,1
1317_01,Mars,False,A828,PSO J318.5-22,37.0,False,197.3,197.3,197.3,197.3,197.3,Guest 1317,0
1318_01,Earth,False,E305,PSO J318.5-22,31.0,True,365.8,365.8,365.8,365.8,365.8,Guest 1318,0
1319_01,Mars,False,A250,TRAPPIST-1e,14.0,False,1495.1,1495.1,1495.1,1495.1,1495.1,Guest 1319,0
1320_01,Earth,False,A150,TRAPPIST-1e,32.0,True,626.2,626.2,626.2,626.2,626.2,Guest 1320,0
1321_01,Europa,False,G717,PSO J318.5-22,40.0,True,615.4,615.4,615.4,615.4,615.4,Guest 1321,0
1322_01,Earth,True,E95,TRAPPIST-1e,41.0,False,84.0,84.0,84.0,84.0,84.0,Guest 1322,0
1323_01,Mars,True,D989,55 Cancri e,54.0,True,732.0,732.0,732.0,732.0,732.0,Guest 1323,0
1324_01,Earth,True,G814,55 Cancri e,36.0,True,71.0,71.0,71.0,71.0,71.0,Guest 1324,0
1325_01,Earth,False,F723,55 Cancri e,18.0,False,620.9,620.9,620.9,620.9,620.9,Guest 1325,0
1326_01,Earth,True,A947,PSO J318.5-22,24.0,True,250.6,250.6,250.6,250.6,250.6,Guest 1326,0
1327_01,Europa,True,C8,TRAPPIST-1e,31.0,False,306.6,306.6,306.6,306.6,306.6,Guest 1327,0
1328_01,Earth,False,F140,PSO J318.5-22,41.0,False,486.4,486.4,486.4,486.4,486.4,Guest 1328,0
1329_01,Europa,False,F498,55 Cancri e,17.0,True,804.5,804.5,804.5,804.5,804.5,Guest 1329,0
1330_01,Mars,True,G663,55 Cancri e,40.0,True,541.2,541.2,541.2,541.2,541.2,Guest 1330,0
1331_01,Mars,False,E106,PSO J318.5-22,37.0,True,500.5,500.5,500.5,500.5,500.5,Guest 1331,0
1332_01,Earth,True,B535,PSO J318.5-22,20.0,False,1299.5,1299.5,1299.5,1299.5,1299.5,Guest 1332,0
1333_01,Mars,False,C61,55 Cancri e,36.0,True,438.8,438.8,438.8,438.8,438.8,Guest 1333,0
1334_01,Europa,False,F387,55 Cancri e,21.0,True,680.0,680.0,680.0,680.0,680.0,Guest 1334,0
1335_01,Europa,False,A140,TRAPPIST-1e,29.0,True,469.9,469.9,469.9,469.9,469.9,Guest 1335,0
1336_01,Europa,False,D787,TRAPPIST-1e,26.0,False,353.9,353.9,353.9,353.9,353.9,Guest 1336,0
1337_01,Mars,True,C763,PSO J318.5-22,32.0,True,155.4,155.4,155.4,155.4,155.4,Guest 1337,0
1338_01,Earth,False,C821,TRAPPIST-1e,16.0,True,619.4,619.4,619.4,619.4,619.4,Guest 1338,0
1339_01,Earth,False,A402,55 Cancri e,36.0,False,467.5,467.5,467.5,467.5,467.5,Guest 1339,0
1340_01,Mars,True,A160,TRAPPIST-1e,5.0,False,174.5,174.5,174.5,174.5,174.5,Guest 1340,0
1341_01,Mars,False,A754,55 Cancri e,25.0,True,93.0,93.0,93.0,93.0,93.0,Guest 1341,0
1342_01,Mars,True,B427,PSO J318.5-22,23.0,True,1630.1,1630.1,1630.1,1630.1,1630.1,Guest 1342,0
1343_01,Mars,True,G126,TRAPPIST-1e,47.0,False,0.9,0.9,0.9,0.9,0.9,Guest 1343,0
1344_01,Earth,True,C18,PSO J318.5-22,36.0,False,1258.4,1258.4,1258.4,1258.4,1258.4,Guest 1344,0
1345_01,Mars,True,E294,PSO J318.5-22,24.0,False,110.5,110.5,110.5,110.5,110.5,Guest 1345,0
1346_01,Earth,True,A615,TRAPPIST-1e,19.0,False,1122.5,1122.5,1122.5,1122.5,1122.5,Guest 1346,1
1347_01,Europa,False,D489,TRAPPIST-1e,30.0,True,1044.6,1044.6,1044.6,1044.6,1044.6,Guest 1347,0
1348_01,Europa,False,F401,TRAPPIST-1e,22.0,False,679.8,679.8,679.8,679.8,679.8,Guest 1348,0
1349_01,Europa,True,A12,55 Cancri e,55.0,False,1154.9,1154.9,1154.9,1154.9,1154.9,Guest 1349,0
1350_01,Mars,True,A540,PSO J318.5-22,1.0,True,2009.7,2009.7,2009.7,2009.7,2009.7,Guest 1350,0
1351_01,Europa,True,G998,55 Cancri e,30.0,False,636.8,636.8,636.8,636.8,636.8,Guest 1351,0
1352_01,Europa,True,F181,TRAPPIST-1e,2.0,False,769.9,769.9,769.9,769.9,769.9,Guest 1352,0
1353_01,Mars,False,G780,55 Cancri e,41.0,True,398.5,398.5,398.5,398.5,398.5,Guest 1353,0
1354_01,Earth,False,G83,TRAPPIST-1e,20.0,True,280.1,280.1,280.1,280.1,280.1,Guest 1354,0
1355_01,Europa,False,G757,55 Cancri e,48.0,False,885.0,885.0,885.0,885.0,885.0,Guest 1355,0
1356_01,Mars,False,G425,PSO J318.5-22,23.0,False,214.5,214.5,214.5,214.5,214.5,Guest 1356,0
1357_01,Mars,True,C725,TRAPPIST-1e,42.0,True,1570.6,1570.6,1570.6,1570.6,1570.6,Guest 1357,0
1358_01,Europa,False,F642,55 Cancri e,32.0,False,508.0,508.0,508.0,508.0,508.0,Guest 1358,0
1359_01,Europa,False,C340,TRAPPIST-1e,43.0,True,2309.1,2309.1,2309.1,2309.1,2309.1,Guest 1359,0
1360_01,Europa,True,C839,PSO J318.5-22,30.0,True,342.0,342.0,342.0,342.0,342.0,Guest 1360,0
1361_01,Earth,False,E458,TRAPPIST-1e,1.0,True,2024.3,2024.3,2024.3,2024.3,2024.3,Guest 1361,0
1362_01,Earth,True,A985,55 Cancri e,21.0,False,411.3,411.3,411.3,411.3,411.3,Guest 1362,0
1363_01,Mars,True,F774,55 Cancri e,12.0,True,1506.1,1506.1,1506.1,1506.1,1506.1,Guest 1363,0
1364_01,Mars,False,D18,PSO J318.5-22,40.0,False,1857.7,1857.7,1857.7,1857.7,1857.7,Guest 1364,0
1365_01,Earth,False,B758,TRAPPIST-1e,36.0,True,25.6,25.6,25.6,25.6,25.6,Guest 1365,0
1366_01,Mars,False,D583,PSO J318.5-22,30.0,True,301.2,301.2,301.2,301.2,301.2,Guest 1366,0
1367_01,Mars,True,B905,PSO J318.5-22,35.0,True,66.0,66.0,66.0,66.0,66.0,Guest 1367,0
1368_01,Europa,False,A596,TRAPPIST-1e,32.0,True,816.5,816.5,816.5,816.5,816.5,Guest 1368,0
1369_01,Europa,True,B616,TRAPPIST-1e,23.0,True,504.4,504.4,504.4,504.4,504.4,Guest 1369,0
1370_01,Earth,False,A609,TRAPPIST-1e,52.0,False,1514.4,1514.4,1514.4,1514.4,1514.4,Guest 1370,0
1371_01,Mars,False,A222,55 Cancri e,32.0,False,2424.3,2424.3,2424.3,2424.3,2424.3,Guest 1371,0
1372_01,Earth,False,G483,55 Cancri e,27.0,True,765.7,765.7,765.7,765.7,765.7,Guest 1372,0
1373_01,Earth,True,G874,TRAPPIST-1e,13.0,False,1071.3,1071.3,1071.3,1071.3,1071.3,Guest 1373,0
1374_01,Europa,True,G159,PSO J318.5-22,22.0,True,259.8,259.8,259.8,259.8,259.8,Guest 1374,0
1375_01,Mars,False,C387,55 Cancri e,30.0,True,202.2,202.2,202.2,202.2,202.2,Guest 1375,0
1376_01,Mars,False,C780,TRAPPIST-1e,28.0,False,28.5,28.5,28.5,28.5,28.5,Guest 1376,0
1377_01,Europa,False,A879,TRAPPIST-1e,24.0,True,1591.7,1591.7,1591.7,1591.7,1591.7,Guest 1377,0
1378_01,Mars,True,D175,55 Cancri e,29.0,True,799.9,799.9,799.9,799.9,799.9,Guest 1378,0
1379_01,Europa,False,D266,TRAPPIST-1e,17.0,True,32.6,32.6,32.6,32.6,32.6,Guest 1379,0
1380_01,Europa,False,B745,55 Cancri e,30.0,False,1584.5,1584.5,1584.5,1584.5,1584.5,Guest 1380,0
1381_01,Europa,False,A755,PSO J318.5-22,12.0,False,1816.1,1816.1,1816.1,1816.1,1816.1,Guest 1381,0
1382_01,Earth,True,C277,TRAPPIST-1e,20.0,False,524.2,524.2,524.2,524.2,524.2,Guest 1382,0
1383_01,Mars,True,A127,TRAPPIST-1e,21.0,False,645.0,645.0,645.0,645.0,645.0,Guest 1383,0
1384_01,Earth,True,C83,PSO J318.5-22,39.0,False,1336.5,1336.5,1336.5,1336.5,1336.5,Guest 1384,0
1385_01,Europa,False,C920,PSO J318.5-22,35.0,True,1709.3,1709.3,1709.3,1709.3,1709.3,Guest 1385,0
1386_01,Mars,True,D957,PSO J318.5-22,30.0,True,682.8,682.8,682.8,682.8,682.8,Guest 1386,0
1387_01,Earth,False,D14,55 Cancri e,16.0,False,1142.2,1142.2,1142.2,1142.2,1142.2,Guest 1387,0
1388_01,Earth,True,G385,TRAPPIST-1e,25.0,False,585.9,585.9,585.9,585.9,585.9,Guest 1388,1
1389_01,Earth,True,A285,55 Cancri e,39.0,True,786.1,786.1,786.1,786.1,786.1,Guest 1389,0
1390_01,Earth,True,A427,PSO J318.5-22,44.0,False,273.6,273.6,273.6,273.6,273.6,Guest 1390,0
1391_01,Earth,True,B538,55 Cancri e,13.0,False,66.2,66.2,66.2,66.2,66.2,Guest 1391,0
1392_01,Mars,False,G480,TRAPPIST-1e,25.0,True,598.9,598.9,598.9,598.9,598.9,Guest 1392,0
1393_01,Earth,True,B567,PSO J318.5-22,31.0,True,2414.7,2414.7,2414.7,2414.7,2414.7,Guest 1393,0
1394_01,Europa,True,F528,55 Cancri e,34.0,False,1620.9,1620.9,1620.9,1620.9,1620.9,Guest 1394,0
1395_01,Mars,True,D537,TRAPPIST-1e,30.0,True,336.9,336.9,336.9,336.9,336.9,Guest 1395,0
1396_01,Mars,True,A902,TRAPPIST-1e,37.0,False,48.8,48.8,48.8,48.8,48.8,Guest 1396,0
1397_01,Mars,False,C279,55 Cancri e,13.0,True,2066.5,2066.5,2066.5,2066.5,2066.5,Guest 1397,0
1398_01,Mars,False,F192,55 Cancri e,47.0,False,199.7,199.7,199.7,199.7,199.7,Guest 1398,0
1399_01,Europa,False,D856,PSO J318.5-22,17.0,True,1828.9,1828.9,1828.9,1828.9,1828.9,Guest 1399,0
1400_01,Earth,False,G491,TRAPPIST-1e,30.0,False,381.2,381.2,381.2,381.2,381.2,Guest 1400,0
1401_01,Mars,False,E91,55 Cancri e,36.0,False,46.0,46.0,46.0,46.0,46.0,Guest 1401,0
1402_01,Mars,False,F728,TRAPPIST-1e,43.0,True,61.1,61.1,61.1,61.1,61.1,Guest 1402,0
1403_01,Europa,False,G564,PSO J318.5-22,40.0,False,74.9,74.9,74.9,74.9,74.9,Guest 1403,0
1404_01,Europa,False,A715,TRAPPIST-1e,40.0,False,925.4,925.4,925.4,925.4,925.4,Guest 1404,0
1405_01,Europa,True,E264,TRAPPIST-1e,44.0,True,431.1,431.1,431.1,431.1,431.1,Guest 1405,0
1406_01,Mars,False,E885,55 Cancri e,28.0,False,322.0,322.0,322.0,322.0,322.0,Guest 1406,0
1407_01,Earth,True,F179,TRAPPIST-1e,38.0,True,1159.7,1159.7,1159.7,1159.7,1159.7,Guest 1407,1
1408_01,Europa,False,A807,55 Cancri e,47.0,True,2244.3,2244.3,2244.3,2244.3,2244.3,Guest 1408,0
1409_01,Europa,True,D300,55 Cancri e,21.0,True,347.0,347.0,347.0,347.0,347.0,Guest 1409,0
1410_01,Mars,False,D863,TRAPPIST-1e,14.0,False,139.4,139.4,139.4,139.4,139.4,Guest 1410,0
1411_01,Mars,True,D829,55 Cancri e,18.0,True,1172.2,1172.2,1172.2,1172.2,1172.2,Guest 1411,0
1412_01,Earth,True,C795,PSO J318.5-22,46.0,True,761.8,761.8,761.8,761.8,761.8,Guest 1412,0
1413_01,Mars,True,G704,PSO J318.5-22,44.0,False,120.3,120.3,120.3,120.3,120.3,Guest 1413,0
1414_01,Mars,True,G782,PSO J318.5-22,26.0,False,389.0,389.0,389.0,389.0,389.0,Guest 1414,0
1415_01,Europa,False,A796,TRAPPIST-1e,32.0,True,152.9,152.9,152.9,152.9,152.9,Guest 1415,0
1416_01,Mars,False,A725,PSO J318.5-22,35.0,False,110.8,110.8,110.8,110.8,110.8,Guest 1416,0
1417_01,Earth,True,F94,55 Cancri e,42.0,False,89.7,89.7,89.7,89.7,89.7,Guest 1417,1
1418_01,Earth,True,B375,PSO J318.5-22,8.0,False,704.5,704.5,704.5,704.5,704.5,Guest 1418,0
1419_01,Mars,True,C875,TRAPPIST-1e,23.0,False,108.9,108.9,108.9,108.9,108.9,Guest 1419,0
1420_01,Mars,False,F22,55 Cancri e,27.0,True,2304.7,2304.7,2304.7,2304.7,2304.7,Guest 1420,0
1421_01,Europa,False,A175,TRAPPIST-1e,33.0,True,552.1,552.1,552.1,552.1,552.1,Guest 1421,0
1422_01,Europa,True,E827,TRAPPIST-1e,31.0,True,1264.8,1264.8,1264.8,1264.8,1264.8,Guest 1422,0
1423_01,Mars,False,E874,TRAPPIST-1e,26.0,True,2030.5,2030.5,2030.5,2030.5,2030.5,Guest 1423,0
1424_01,Earth,True,F777,55 Cancri e,33.0,False,671.6,671.6,671.6,671.6,671.6,Guest 1424,0
1425_01,Europa,True,D676,PSO J318.5-22,1.0,True,959.8,959.8,959.8,959.8,959.8,Guest 1425,0
1426_01,Mars,False,E562,TRAPPIST-1e,65.0,False,1271.2,1271.2,1271.2,1271.2,1271.2,Guest 1426,0
1427_01,Europa,True,F259,TRAPPIST-1e,39.0,True,885.2,885.2,885.2,885.2,885.2,Guest 1427,0
1428_01,Europa,False,E365,PSO J318.5-22,40.0,True,582.4,582.4,582.4,582.4,582.4,Guest 1428,0
1429_01,Earth,True,B259,TRAPPIST-1e,22.0,False,336.3,336.3,336.3,336.3,336.3,Guest 1429,0
1430_01,Mars,True,D436,PSO J318.5-22,34.0,True,83.2,83.2,83.2,83.2,83.2,Guest 1430,0
1431_01,Mars,False,D600,TRAPPIST-1e,53.0,False,160.8,160.8,160.8,160.8,160.8,Guest 1431,0
1432_01,Earth,True,E486,PSO J318.5-22,51.0,True,273.4,273.4,273.4,273.4,273.4,Guest 1432,0
1433_01,Europa,True,D999,PSO J318.5-22,31.0,False,1294.4,1294.4,1294.4,1294.4,1294.4,Guest 1433,0
1434_01,Mars,False,G839,PSO J318.5-22,16.0,True,682.5,682.5,682.5,682.5,682.5,Guest 1434,0
1435_01,Europa,True,G574,55 Cancri e,32.0,False,132.6,132.6,132.6,132.6,132.6,Guest 1435,0
1436_01,Mars,False,B133,PSO J318.5-22,26.0,False,328.5,328.5,328.5,328.5,328.5,Guest 1436,0
1437_01,Mars,False,G269,55 Cancri e,40.0,False,172.2,172.2,172.2,172.2,172.2,Guest 1437,0
1438_01,Europa,True,F118,TRAPPIST-1e,15.0,True,156.0,156.0,156.0,156.0,156.0,Guest 1438,0
1439_01,Earth,True,C192,55 Cancri e,28.0,True,27.9,27.9,27.9,27.9,27.9,Guest 1439,0
1440_01,Mars,False,A368,TRAPPIST-1e,33.0,False,655.0,655.0,655.0,655.0,655.0,Guest 1440,0
1441_01,Earth,True,E148,55 Cancri e,24.0,True,163.6,163.6,163.6,163.6,163.6,Guest 1441,0
1442_01,Earth,False,G196,55 Cancri e,42.0,False,2514.5,2514.5,2514.5,2514.5,2514.5,Guest 1442,0
1443_01,Europa,False,D988,55 Cancri e,17.0,False,1708.3,1708.3,1708.3,1708.3,1708.3,Guest 1443,0
1444_01,Europa,False,F475,TRAPPIST-1e,16.0,False,1436.4,1436.4,1436.4,1436.4,1436.4,Guest 1444,0
1445_01,Europa,False,D131,TRAPPIST-1e,26.0,False,137.2,137.2,137.2,137.2,137.2,Guest 1445,0
1446_01,Europa,False,B861,PSO J318.5-22,39.0,False,520.7,520.7,520.7,520.7,520.7,Guest 1446,0
1447_01,Mars,False,A471,TRAPPIST-1e,26.0,False,469.3,469.3,469.3,469.3,469.3,Guest 1447,0
1448_01,Earth,False,C942,TRAPPIST-1e,23.0,False,160.9,160.9,160.9,160.9,160.9,Guest 1448,0
1449_01,Mars,True,A660,PSO J318.5-22,39.0,True,1015.2,1015.2,1015.2,1015.2,1015.2,Guest 1449,0
1450_01,Earth,False,C654,PSO J318.5-22,32.0,True,913.1,913.1,913.1,913.1,913.1,Guest 1450,1
1451_01,Europa,True,B813,PSO J318.5-22,24.0,False,471.3,471.3,471.3,471.3,471.3,Guest 1451,0
1452_01,Earth,False,C74,55 Cancri e,31.0,True,1414.5,1414.5,1414.5,1414.5,1414.5,Guest 1452,0
1453_01,Mars,True,C533,55 Cancri e,27.0,False,338.4,338.4,338.4,338.4,338.4,Guest 1453,0
1454_01,Europa,False,G816,PSO J318.5-22,37.0,True,807.7,807.7,807.7,807.7,807.7,Guest 1454,0
1455_01,Earth,False,B25,55 Cancri e,31.0,False,431.8,431.8,431.8,431.8,431.8,Guest 1455,0
1456_01,Europa,True,A690,TRAPPIST-1e,21.0,True,8.8,8.8,8.8,8.8,8.8,Guest 1456,0
1457_01,Europa,False,G517,PSO J318.5-22,24.0,True,1149.0,1149.0,1149.0,1149.0,1149.0,Guest 1457,0
1458_01,Earth,True,E212,PSO J318.5-22,25.0,False,166.7,166.7,166.7,166.7,166.7,Guest 1458,0
1459_01,Mars,False,G206,PSO J318.5-22,34.0,False,2094.7,2094.7,2094.7,2094.7,2094.7,Guest 1459,0
1460_01,Earth,False,F985,TRAPPIST-1e,34.0,False,220.9,220.9,220.9,220.9,220.9,Guest 1460,0
1461_01,Europa,False,C902,PSO J318.5-22,20.0,True,441.0,441.0,441.0,441.0,441.0,Guest 1461,0
1462_01,Earth,True,C907,TRAPPIST-1e,28.0,False,263.2,263.2,263.2,263.2,263.2,Guest 1462,0
1463_01,Mars,False,B77,TRAPPIST-1e,33.0,True,206.8,206.8,206.8,206.8,206.8,Guest 1463,0
1464_01,Mars,False,F688,TRAPPIST-1e,42.0,True,733.5,733.5,733.5,733.5,733.5,Guest 1464,0
1465_01,Mars,True,F517,PSO J318.5-22,33.0,False,743.9,743.9,743.9,743.9,743.9,Guest 1465,0
1466_01,Europa,False,G69,TRAPPIST-1e,52.0,False,1.1,1.1,1.1,1.1,1.1,Guest 1466,0
1467_01,Europa,False,B789,PSO J318.5-22,30.0,True,57.7,57.7,57.7,57.7,57.7,Guest 1467,0
1468_01,Earth,False,G115,55 Cancri e,38.0,False,3814.1,3814.1,3814.1,3814.1,3814.1,Guest 1468,0
1469_01,Europa,False,E787,55 Cancri e,26.0,False,617.7,617.7,617.7,617.7,617.7,Guest 1469,0
1470_01,Earth,True,E155,TRAPPIST-1e,18.0,True,1077.5,1077.5,1077.5,1077.5,1077.5,Guest 1470,1
1471_01,Earth,False,F936,TRAPPIST-1e,31.0,False,198.5,198.5,198.5,198.5,198.5,Guest 1471,0
1472_01,Mars,True,G716,PSO J318.5-22,35.0,True,257.9,257.9,257.9,257.9,257.9,Guest 1472,0
1473_01,Europa,True,E484,TRAPPIST-1e,34.0,False,31.4,31.4,31.4,31.4,31.4,Guest 1473,0
1474_01,Mars,False,C408,TRAPPIST-1e,31.0,False,1007.0,1007.0,1007.0,1007.0,1007.0,Guest 1474,0
1475_01,Mars,False,F563,55 Cancri e,26.0,False,232.5,232.5,232.5,232.5,232.5,Guest 1475,0
1476_01,Europa,True,F61,TRAPPIST-1e,20.0,True,1382.7,1382.7,1382.7,1382.7,1382.7,Guest 1476,0
1477_01,Mars,True,B877,55 Cancri e,26.0,False,382.9,382.9,382.9,382.9,382.9,Guest 1477,0
1478_01,Mars,False,D784,55 Cancri e,35.0,True,761.0,761.0,761.0,761.0,761.0,Guest 1478,0
1479_01,Europa,True,G838,PSO J318.5-22,41.0,False,1620.7,1620.7,1620.7,1620.7,1620.7,Guest 1479,0
1480_01,Earth,True,F910,TRAPPIST-1e,1.0,True,129.2,129.2,129.2,129.2,129.2,Guest 1480,0
1481_01,Europa,True,B651,PSO J318.5-22,37.0,True,685.0,685.0,685.0,685.0,685.0,Guest 1481,0
1482_01,Mars,True,F601,TRAPPIST-1e,42.0,True,2904.2,2904.2,2904.2,2904.2,2904.2,Guest 1482,0
1483_01,Mars,False,F764,TRAPPIST-1e,44.0,True,968.9,968.9,968.9,968.9,968.9,Guest 1483,0
1484_01,Europa,True,E373,55 Cancri e,34.0,False,2000.2,2000.2,2000.2,2000.2,2000.2,Guest 1484,0
1485_01,Europa,True,A889,55 Cancri e,37.0,True,665.2,665.2,665.2,665.2,665.2,Guest 1485,0
1486_01,Europa,True,F236,TRAPPIST-1e,25.0,True,328.6,328.6,328.6,328.6,328.6,Guest 1486,0
1487_01,Europa,True,E616,55 Cancri e,29.0,False,17.6,17.6,17.6,17.6,17.6,Guest 1487,0
1488_01,Earth,True,E536,TRAPPIST-1e,36.0,False,244.4,244.4,244.4,244.4,244.4,Guest 1488,0
1489_01,Mars,True,E815,55 Cancri e,17.0,True,554.6,554.6,554.6,554.6,554.6,Guest 1489,0
1490_01,Europa,True,F911,55 Cancri e,21.0,False,132.9,132.9,132.9,132.9,132.9,Guest 1490,0
1491_01,Earth,True,F331,TRAPPIST-1e,32.0,True,267.4,267.4,267.4,267.4,267.4,Guest 1491,1
1492_01,Earth,False,E496,TRAPPIST-1e,14.0,False,500.8,500.8,500.8,500.8,500.8,Guest 1492,0
1493_01,Europa,True,F381,PSO J318.5-22,30.0,True,373.6,373.6,373.6,373.6,373.6,Guest 1493,0
1494_01,Europa,False,B317,55 Cancri e,13.0,False,180.8,180.8,180.8,180.8,180.8,Guest 1494,0
1495_01,Earth,False,A934,PSO J318.5-22,32.0,False,170.0,170.0,170.0,170.0,170.0,Guest 1495,0
1496_01,Earth,True,B646,TRAPPIST-1e,30.0,False,464.7,464.7,464.7,464.7,464.7,Guest 1496,0
1497_01,Mars,True,G758,55 Cancri e,23.0,False,167.8,167.8,167.8,167.8,167.8,Guest 1497,0
1498_01,Europa,True,B170,PSO J318.5-22,19.0,True,43.3,43.3,43.3,43.3,43.3,Guest 1498,0
1499_01,Mars,True,D852,PSO J318.5-22,24.0,True,1986.4,1986.4,1986.4,1986.4,1986.4,Guest 1499,0
1500_01,Earth,True,E806,TRAPPIST-1e,4.0,False,442.1,442.1,442.1,442.1,442.1,Guest 1500,1
1501_01,Mars,True,C228,55 Cancri e,25.0,False,525.7,525.7,525.7,525.7,525.7,Guest 1501,0
1502_01,Mars,False,E242,PSO J318.5-22,31.0,True,149.4,149.4,149.4,149.4,149.4,Guest 1502,0
1503_01,Mars,False,E547,PSO J318.5-22,44.0,False,3427.5,3427.5,3427.5,3427.5,3427.5,Guest 1503,0
1504_01,Mars,True,D613,55 Cancri e,24.0,False,805.0,805.0,805.0,805.0,805.0,Guest 1504,0
1505_01,Earth,True,B337,PSO J318.5-22,28.0,False,135.8,135.8,135.8,135.8,135.8,Guest 1505,1
1506_01,Mars,False,G907,55 Cancri e,46.0,False,132.3,132.3,132.3,132.3,132.3,Guest 1506,0
1507_01,Mars,False,B820,PSO J318.5-22,50.0,False,997.4,997.4,997.4,997.4,997.4,Guest 1507,0
1508_01,Earth,True,E423,TRAPPIST-1e,24.0,True,14.4,14.4,14.4,14.4,14.4,Guest 1508,0
1509_01,Mars,True,A87,55 Cancri e,42.0,True,1462.5,1462.5,1462.5,1462.5,1462.5,Guest 1509,0
1510_01,Earth,True,B236,55 Cancri e,43.0,True,1625.4,1625.4,1625.4,1625.4,1625.4,Guest 1510,0
1511_01,Earth,False,D261,PSO J318.5-22,36.0,True,787.0,787.0,787.0,787.0,787.0,Guest 1511,0
1512_01,Earth,True,B630,TRAPPIST-1e,18.0,False,1988.7,1988.7,1988.7,1988.7,1988.7,Guest 1512,0
1513_01,Europa,True,E578,TRAPPIST-1e,19.0,False,232.1,232.1,232.1,232.1,232.1,Guest 1513,0
1514_01,Earth,False,C978,TRAPPIST-1e,36.0,False,2.9,2.9,2.9,2.9,2.9,Guest 1514,0
1515_01,Europa,True,D566,PSO J318.5-22,57.0,False,640.5,640.5,640.5,640.5,640.5,Guest 1515,0
1516_01,Earth,True,B397,TRAPPIST-1e,28.0,True,671.8,671.8,671.8,671.8,671.8,Guest 1516,1
1517_01,Europa,True,F516,PSO J318.5-22,48.0,False,384.8,384.8,384.8,384.8,384.8,Guest 1517,0
1518_01,Earth,False,G779,PSO J318.5-22,52.0,False,850.1,850.1,850.1,850.1,850.1,Guest 1518,0
1519_01,Mars,True,F717,TRAPPIST-1e,15.0,False,895.8,895.8,895.8,895.8,895.8,Guest 1519,0
1520_01,Mars,False,A856,55 Cancri e,23.0,False,178.6,178.6,178.6,178.6,178.6,Guest 1520,0
1521_01,Earth,True,A388,55 Cancri e,47.0,True,257.1,257.1,257.1,257.1,257.1,Guest 1521,0
1522_01,Mars,True,D584,55 Cancri e,41.0,False,24.6,24.6,24.6,24.6,24.6,Guest 1522,0
1523_01,Mars,True,E787,PSO J318.5-22,36.0,True,915.6,915.6,915.6,915.6,915.6,Guest 1523,0
1524_01,Mars,True,E91,55 Cancri e,30.0,True,374.7,374.7,374.7,374.7,374.7,Guest 1524,0
1525_01,Europa,False,B471,55 Cancri e,37.0,True,391.1,391.1,391.1,391.1,391.1,Guest 1525,0
1526_01,Earth,False,B666,PSO J318.5-22,23.0,False,244.2,244.2,244.2,244.2,244.2,Guest 1526,0
1527_01,Mars,True,F820,PSO J318.5-22,59.0,True,1104.2,1104.2,1104.2,1104.2,1104.2,Guest 1527,0
1528_01,Earth,False,B974,TRAPPIST-1e,17.0,False,68.6,68.6,68.6,68.6,68.6,Guest 1528,0
1529_01,Earth,True,A86,55 Cancri e,9.0,False,1730.4,1730.4,1730.4,1730.4,1730.4,Guest 1529,0
1530_01,Earth,True,D963,TRAPPIST-1e,31.0,False,1022.0,1022.0,1022.0,1022.0,1022.0,Guest 1530,0
1531_01,Europa,True,D40,55 Cancri e,46.0,True,323.4,323.4,323.4,323.4,323.4,Guest 1531,0
1532_01,Europa,True,E755,PSO J318.5-22,24.0,False,218.4,218.4,218.4,218.4,218.4,Guest 1532,0
1533_01,Europa,True,F68,TRAPPIST-1e,29.0,False,220.1,220.1,220.1,220.1,220.1,Guest 1533,0
1534_01,Earth,True,C96,55 Cancri e,18.0,False,88.2,88.2,88.2,88.2,88.2,Guest 1534,0
1535_01,Earth,False,D360,55 Cancri e,29.0,True,3864.9,3864.9,3864.9,3864.9,3864.9,Guest 1535,1
1536_01,Mars,False,C826,PSO J318.5-22,18.0,True,930.1,930.1,930.1,930.1,930.1,Guest 1536,0
1537_01,Mars,True,G320,TRAPPIST-1e,18.0,True,2932.9,2932.9,2932.9,2932.9,2932.9,Guest 1537,0
1538_01,Europa,False,C6,PSO J318.5-22,13.0,True,176.6,176.6,176.6,176.6,176.6,Guest 1538,0
1539_01,Europa,True,G502,PSO J318.5-22,23.0,True,789.8,789.8,789.8,789.8,789.8,Guest 1539,0
1540_01,Mars,False,A388,55 Cancri e,51.0,False,526.9,526.9,526.9,526.9,526.9,Guest 1540,0
1541_01,Earth,True,D113,PSO J318.5-22,29.0,True,250.6,250.6,250.6,250.6,250.6,Guest 1541,0
1542_01,Europa,False,C4,55 Cancri e,32.0,True,1151.8,1151.8,1151.8,1151.8,1151.8,Guest 1542,0
1543_01,Mars,False,D741,TRAPPIST-1e,56.0,False,1180.9,1180.9,1180.9,1180.9,1180.9,Guest 1543,0
1544_01,Europa,False,F329,55 Cancri e,22.0,True,491.6,491.6,491.6,491.6,491.6,Guest 1544,0
1545_01,Mars,False,E312,TRAPPIST-1e,18.0,False,16.1,16.1,16.1,16.1,16.1,Guest 1545,0
1546_01,Earth,True,G455,PSO J318.5-22,36.0,False,2461.7,2461.7,2461.7,2461.7,2461.7,Guest 1546,0
1547_01,Earth,False,E103,55 Cancri e,16.0,True,96.4,96.4,96.4,96.4,96.4,Guest 1547,0
1548_01,Europa,False,B726,TRAPPIST-1e,34.0,True,856.7,856.7,856.7,856.7,856.7,Guest 1548,0
1549_01,Mars,False,B589,55 Cancri e,43.0,True,482.8,482.8,482.8,482.8,482.8,Guest 1549,0
1550_01,Earth,True,E220,55 Cancri e,17.0,False,515.4,515.4,515.4,515.4,515.4,Guest 1550,0
1551_01,Mars,False,G622,TRAPPIST-1e,24.0,False,174.3,174.3,174.3,174.3,174.3,Guest 1551,0
1552_01,Earth,False,B429,PSO J318.5-22,49.0,True,426.3,426.3,426.3,426.3,426.3,Guest 1552,0
1553_01,Europa,False,C371,TRAPPIST-1e,18.0,False,247.1,247.1,247.1,247.1,247.1,Guest 1553,0
1554_01,Mars,True,B482,55 Cancri e,22.0,False,441.0,441.0,441.0,441.0,441.0,Guest 1554,0
1555_01,Earth,False,D852,PSO J318.5-22,33.0,False,853.4,853.4,853.4,853.4,853.4,Guest 1555,0
1556_01,Mars,True,B25,TRAPPIST-1e,26.0,False,375.2,375.2,375.2,375.2,375.2,Guest 1556,0
1557_01,Europa,True,E27,PSO J318.5-22,20.0,True,1206.4,1206.4,1206.4,1206.4,1206.4,Guest 1557,0
1558_01,Europa,False,A329,55 Cancri e,48.0,False,378.3,378.3,378.3,378.3,378.3,Guest 1558,0
1559_01,Europa,False,G253,TRAPPIST-1e,23.0,False,2275.0,2275.0,2275.0,2275.0,2275.0,Guest 1559,0
1560_01,Earth,True,B457,TRAPPIST-1e,34.0,False,329.3,329.3,329.3,329.3,329.3,Guest 1560,0
1561_01,Mars,False,E736,55 Cancri e,25.0,False,802.4,802.4,802.4,802.4,802.4,Guest 1561,0
1562_01,Europa,False,B483,55 Cancri e,27.0,False,26.3,26.3,26.3,26.3,26.3,Guest 1562,0
1563_01,Europa,True,C357,PSO J318.5-22,14.0,True,1715.0,1715.0,1715.0,1715.0,1715.0,Guest 1563,0
1564_01,Mars,False,G635,55 Cancri e,40.0,False,33.9,33.9,33.9,33.9,33.9,Guest 1564,0
1565_01,Europa,True,A721,55 Cancri e,25.0,False,1968.8,1968.8,1968.8,1968.8,1968.8,Guest 1565,0
1566_01,Earth,False,F945,TRAPPIST-1e,44.0,True,91.1,91.1,91.1,91.1,91.1,Guest 1566,0
1567_01,Mars,False,C651,55 Cancri e,16.0,True,1280.6,1280.6,1280.6,1280.6,1280.6,Guest 1567,0
1568_01,Europa,True,D917,55 Cancri e,24.0,True,120.5,120.5,120.5,120.5,120.5,Guest 1568,0
1569_01,Earth,True,D39,55 Cancri e,35.0,False,64.9,64.9,64.9,64.9,64.9,Guest 1569,0
1570_01,Europa,False,A777,PSO J318.5-22,31.0,False,833.0,833.0,833.0,833.0,833.0,Guest 1570,0
1571_01,Earth,False,B133,TRAPPIST-1e,22.0,True,1382.4,1382.4,1382.4,1382.4,1382.4,Guest 1571,0
1572_01,Earth,False,F246,PSO J318.5-22,28.0,True,818.7,818.7,818.7,818.7,818.7,Guest 1572,0
1573_01,Earth,False,E982,PSO J318.5-22,15.0,False,554.3,554.3,554.3,554.3,554.3,Guest 1573,0
1574_01,Europa,True,B949,TRAPPIST-1e,30.0,False,138.7,138.7,138.7,138.7,138.7,Guest 1574,0
1575_01,Europa,True,A355,PSO J318.5-22,1.0,True,23.7,23.7,23.7,23.7,23.7,Guest 1575,0
1576_01,Earth,False,E815,TRAPPIST-1e,32.0,True,1433.1,1433.1,1433.1,1433.1,1433.1,Guest 1576,0
1577_01,Europa,True,B467,PSO J318.5-22,45.0,False,1063.6,1063.6,1063.6,1063.6,1063.6,Guest 1577,0
1578_01,Earth,True,C169,TRAPPIST-1e,40.0,False,340.3,340.3,340.3,340.3,340.3,Guest 1578,0
1579_01,Europa,False,F93,TRAPPIST-1e,40.0,True,241.7,241.7,241.7,241.7,241.7,Guest 1579,0
1580_01,Earth,True,A372,PSO J318.5-22,25.0,True,72.1,72.1,72.1,72.1,72.1,Guest 1580,0
1581_01,Earth,False,G297,55 Cancri e,35.0,False,1387.0,1387.0,1387.0,1387.0,1387.0,Guest 1581,0
1582_01,Europa,True,F569,PSO J318.5-22,25.0,False,310.7,310.7,310.7,310.7,310.7,Guest 1582,0
1583_01,Europa,True,D635,PSO J318.5-22,29.0,True,665.0,665.0,665.0,665.0,665.0,Guest 1583,0
1584_01,Earth,True,F976,55 Cancri e,29.0,False,1046.1,1046.1,1046.1,1046.1,1046.1,Guest 1584,0
1585_01,Mars,True,G450,TRAPPIST-1e,1.0,True,449.2,449.2,449.2,449.2,449.2,Guest 1585,0
1586_01,Europa,False,F752,55 Cancri e,40.0,True,39.9,39.9,39.9,39.9,39.9,Guest 1586,0
1587_01,Mars,True,G753,TRAPPIST-1e,35.0,False,1531.3,1531.3,1531.3,1531.3,1531.3,Guest 1587,0
1588_01,Mars,False,C356,PSO J318.5-22,39.0,False,132.5,132.5,132.5,132.5,132.5,Guest 1588,0
1589_01,Europa,True,C68,TRAPPIST-1e,19.0,False,17.9,17.9,17.9,17.9,17.9,Guest 1589,0
1590_01,Earth,True,G622,PSO J318.5-22,38.0,False,3666.0,3666.0,3666.0,3666.0,3666.0,Guest 1590,0
1591_01,Mars,True,B866,PSO J318.5-22,35.0,True,331.4,331.4,331.4,331.4,331.4,Guest 1591,0
1592_01,Mars,True,C408,55 Cancri e,4.0,False,95.9,95.9,95.9,95.9,95.9,Guest 1592,0
1593_01,Europa,True,F171,TRAPPIST-1e,9.0,True,621.3,621.3,621.3,621.3,621.3,Guest 1593,0
1594_01,Mars,False,E127,55 Cancri e,30.0,False,139.6,139.6,139.6,139.6,139.6,Guest 1594,0
1595_01,Europa,False,C285,TRAPPIST-1e,22.0,False,436.5,436.5,436.5,436.5,436.5,Guest 1595,0
1596_01,Mars,True,C994,TRAPPIST-1e,30.0,True,149.3,149.3,149.3,149.3,149.3,Guest 1596,0
1597_01,Mars,True,E873,55 Cancri e,22.0,False,542.0,542.0,542.0,542.0,542.0,Guest 1597,0
1598_01,Europa,True,A938,PSO J318.5-22,47.0,False,21.9,21.9,21.9,21.9,21.9,Guest 1598,0
1599_01,Europa,False,B220,PSO J318.5-22,8.0,True,2673.6,2673.6,2673.6,2673.6,2673.6,Guest 1599,0
1600_01,Europa,False,C372,TRAPPIST-1e,14.0,True,618.4,618.4,618.4,618.4,618.4,Guest 1600,0
1601_01,Mars,True,G672,PSO J318.5-22,18.0,True,322.8,322.8,322.8,322.8,322.8,Guest 1601,0
1602_01,Europa,False,E168,55 Cancri e,14.0,True,279.2,279.2,279.2,279.2,279.2,Guest 1602,0
1603_01,Mars,True,A92,55 Cancri e,23.0,False,143.6,143.6,143.6,143.6,143.6,Guest 1603,0
1604_01,Earth,False,D94,TRAPPIST-1e,29.0,False,147.6,147.6,147.6,147.6,147.6,Guest 1604,0
1605_01,Europa,True,B472,PSO J318.5-22,14.0,True,1639.0,1639.0,1639.0,1639.0,1639.0,Guest 1605,0
1606_01,Europa,False,F588,55 Cancri e,34.0,False,300.0,300.0,300.0,300.0,300.0,Guest 1606,0
1607_01,Mars,True,D292,TRAPPIST-1e,45.0,False,1013.5,1013.5,1013.5,1013.5,1013.5,Guest 1607,0
1608_01,Mars,True,A771,55 Cancri e,42.0,False,924.1,924.1,924.1,924.1,924.1,Guest 1608,0
1609_01,Mars,True,G529,PSO J318.5-22,53.0,False,218.7,218.7,218.7,218.7,218.7,Guest 1609,0
1610_01,Europa,True,G365,TRAPPIST-1e,43.0,False,694.3,694.3,694.3,694.3,694.3,Guest 1610,0
1611_01,Europa,False,E221,TRAPPIST-1e,29.0,True,34.5,34.5,34.5,34.5,34.5,Guest 1611,0
1612_01,Europa,False,G723,55 Cancri e,50.0,True,2260.8,2260.8,2260.8,2260.8,2260.8,Guest 1612,0
1613_01,Earth,True,B393,TRAPPIST-1e,38.0,True,633.3,633.3,633.3,633.3,633.3,Guest 1613,1
1614_01,Europa,False,G860,PSO J318.5-22,51.0,False,125.7,125.7,125.7,125.7,125.7,Guest 1614,0
1615_01,Mars,True,G967,TRAPPIST-1e,28.0,False,457.9,457.9,457.9,457.9,457.9,Guest 1615,0
1616_01,Earth,True,C668,PSO J318.5-22,6.0,False,558.0,558.0,558.0,558.0,558.0,Guest 1616,1
1617_01,Earth,False,F763,TRAPPIST-1e,16.0,True,753.5,753.5,753.5,753.5,753.5,Guest 1617,0
1618_01,Mars,False,E434,PSO J318.5-22,32.0,False,1537.8,1537.8,1537.8,1537.8,1537.8,Guest 1618,0
1619_01,Earth,True,E805,PSO J318.5-22,36.0,False,1249.2,1249.2,1249.2,1249.2,1249.2,Guest 1619,0
1620_01,Europa,True,F306,55 Cancri e,27.0,False,542.0,542.0,542.0,542.0,542.0,Guest 1620,0
1621_01,Mars,False,E151,PSO J318.5-22,41.0,True,615.6,615.6,615.6,615.6,615.6,Guest 1621,0
1622_01,Europa,True,F679,PSO J318.5-22,17.0,False,288.8,288.8,288.8,288.8,288.8,Guest 1622,0
1623_01,Europa,True,A676,55 Cancri e,22.0,False,98.4,98.4,98.4,98.4,98.4,Guest 1623,0
1624_01,Mars,True,A330,55 Cancri e,41.0,False,829.9,829.9,829.9,829.9,829.9,Guest 1624,0
1625_01,Mars,True,A683,PSO J318.5-22,30.0,False,376.7,376.7,376.7,376.7,376.7,Guest 1625,0
1626_01,Europa,True,D920,PSO J318.5-22,31.0,False,1489.9,1489.9,1489.9,1489.9,1489.9,Guest 1626,0
1627_01,Mars,True,D301,55 Cancri e,46.0,True,398.7,398.7,398.7,398.7,398.7,Guest 1627,0
1628_01,Mars,True,E731,PSO J318.5-22,43.0,False,1151.1,1151.1,1151.1,1151.1,1151.1,Guest 1628,0
1629_01,Europa,True,C477,55 Cancri e,21.0,True,815.9,815.9,815.9,815.9,815.9,Guest 1629,0
1630_01,Mars,True,C347,55 Cancri e,32.0,False,2922.0,2922.0,2922.0,2922.0,2922.0,Guest 1630,0
1631_01,Earth,True,F970,55 Cancri e,10.0,True,185.1,185.1,185.1,185.1,185.1,Guest 1631,1
1632_01,Europa,False,B657,TRAPPIST-1e,30.0,True,523.8,523.8,523.8,523.8,523.8,Guest 1632,0
1633_01,Earth,True,D36,55 Cancri e,34.0,False,592.6,592.6,592.6,592.6,592.6,Guest 1633,0
1634_01,Mars,True,C740,55 Cancri e,10.0,False,1197.7,1197.7,1197.7,1197.7,1197.7,Guest 1634,0
1635_01,Mars,False,C825,PSO J318.5-22,48.0,True,1142.9,1142.9,1142.9,1142.9,1142.9,Guest 1635,0
1636_01,Mars,False,E488,55 Cancri e,53.0,False,1562.0,1562.0,1562.0,1562.0,1562.0,Guest 1636,0
1637_01,Earth,True,D81,TRAPPIST-1e,36.0,False,13.3,13.3,13.3,13.3,13.3,Guest 1637,0
1638_01,Mars,False,E770,55 Cancri e,41.0,True,720.9,720.9,720.9,720.9,720.9,Guest 1638,0
1639_01,Earth,False,G411,TRAPPIST-1e,47.0,True,576.1,576.1,576.1,576.1,576.1,Guest 1639,0
1640_01,Mars,False,G811,PSO J318.5-22,28.0,True,250.0,250.0,250.0,250.0,250.0,Guest 1640,0
1641_01,Europa,False,B403,TRAPPIST-1e,42.0,True,24.0,24.0,24.0,24.0,24.0,Guest 1641,0
1642_01,Earth,True,C440,PSO J318.5-22,34.0,True,967.7,967.7,967.7,967.7,967.7,Guest 1642,0
1643_01,Earth,True,D730,55 Cancri e,12.0,False,1645.1,1645.1,1645.1,1645.1,1645.1,Guest 1643,1
1644_01,Earth,False,G267,55 Cancri e,20.0,False,1825.8,1825.8,1825.8,1825.8,1825.8,Guest 1644,0
1645_01,Europa,True,G881,TRAPPIST-1e,23.0,True,92.7,92.7,92.7,92.7,92.7,Guest 1645,0
1646_01,Europa,True,G258,PSO J318.5-22,42.0,True,225.2,225.2,225.2,225.2,225.2,Guest 1646,0
1647_01,Earth,True,E868,55 Cancri e,31.0,False,2461.5,2461.5,2461.5,2461.5,2461.5,Guest 1647,1
1648_01,Mars,False,A779,55 Cancri e,41.0,True,1816.7,1816.7,1816.7,1816.7,1816.7,Guest 1648,0
1649_01,Mars,True,G289,PSO J318.5-22,25.0,False,215.3,215.3,215.3,215.3,215.3,Guest 1649,0
1650_01,Europa,False,C726,55 Cancri e,15.0,False,571.9,571.9,571.9,571.9,571.9,Guest 1650,0
1651_01,Mars,False,F593,TRAPPIST-1e,54.0,True,818.9,818.9,818.9,818.9,818.9,Guest 1651,0
1652_01,Europa,True,E361,55 Cancri e,61.0,False,145.1,145.1,145.1,145.1,145.1,Guest 1652,0
1653_01,Mars,True,C547,PSO J318.5-22,34.0,False,339.3,339.3,339.3,339.3,339.3,Guest 1653,1
1654_01,Earth,True,G163,PSO J318.5-22,28.0,False,911.8,911.8,911.8,911.8,911.8,Guest 1654,0
1655_01,Mars,False,C15,PSO J318.5-22,44.0,True,1304.1,1304.1,1304.1,1304.1,1304.1,Guest 1655,0
1656_01,Earth,False,D971,PSO J318.5-22,17.0,False,3280.9,3280.9,3280.9,3280.9,3280.9,Guest 1656,0
1657_01,Mars,True,E701,TRAPPIST-1e,28.0,True,687.6,687.6,687.6,687.6,687.6,Guest 1657,0
1658_01,Earth,True,G770,TRAPPIST-1e,13.0,False,1430.5,1430.5,1430.5,1430.5,1430.5,Guest 1658,1
1659_01,Mars,True,C349,TRAPPIST-1e,36.0,True,420.3,420.3,420.3,420.3,420.3,Guest 1659,0
1660_01,Earth,False,D13,TRAPPIST-1e,33.0,False,262.8,262.8,262.8,262.8,262.8,Guest 1660,0
1661_01,Mars,True,A30,55 Cancri e,25.0,True,93.7,93.7,93.7,93.7,93.7,Guest 1661,0
1662_01,Europa,True,F306,TRAPPIST-1e,23.0,False,1370.4,1370.4,1370.4,1370.4,1370.4,Guest 1662,0
1663_01,Europa,True,E250,TRAPPIST-1e,12.0,False,312.1,312.1,312.1,312.1,312.1,Guest 1663,0
1664_01,Mars,True,D498,55 Cancri e,20.0,False,174.6,174.6,174.6,174.6,174.6,Guest 1664,0
1665_01,Mars,True,E274,PSO J318.5-22,44.0,True,158.9,158.9,158.9,158.9,158.9,Guest 1665,0
1666_01,Earth,False,G912,PSO J318.5-22,26.0,True,151.8,151.8,151.8,151.8,151.8,Guest 1666,0
1667_01,Earth,True,G378,PSO J318.5-22,45.0,False,181.1,181.1,181.1,181.1,181.1,Guest 1667,1
1668_01,Mars,False,E333,55 Cancri e,20.0,True,255.6,255.6,255.6,255.6,255.6,Guest 1668,0
1669_01,Europa,True,D361,PSO J318.5-22,29.0,False,1464.6,1464.6,1464.6,1464.6,1464.6,Guest 1669,0
1670_01,Earth,False,C240,TRAPPIST-1e,25.0,False,719.0,719.0,719.0,719.0,719.0,Guest 1670,0
1671_01,Earth,True,D122,55 Cancri e,27.0,False,464.8,464.8,464.8,464.8,464.8,Guest 1671,0
1672_01,Earth,True,G648,TRAPPIST-1e,39.0,False,19.1,19.1,19.1,19.1,19.1,Guest 1672,1
1673_01,Europa,False,E331,55 Cancri e,6.0,False,2882.6,2882.6,2882.6,2882.6,2882.6,Guest 1673,0
1674_01,Europa,True,B401,55 Cancri e,39.0,False,1912.6,1912.6,1912.6,1912.6,1912.6,Guest 1674,0
1675_01,Earth,False,G908,PSO J318.5-22,38.0,True,2103.2,2103.2,2103.2,2103.2,2103.2,Guest 1675,0
1676_01,Europa,False,G762,PSO J318.5-22,30.0,True,1261.5,1261.5,1261.5,1261.5,1261.5,Guest 1676,0
1677_01,Earth,False,D927,55 Cancri e,31.0,True,487.3,487.3,487.3,487.3,487.3,Guest 1677,0
1678_01,Earth,True,E641,TRAPPIST-1e,27.0,True,85.4,85.4,85.4,85.4,85.4,Guest 1678,1
1679_01,Mars,True,C776,TRAPPIST-1e,38.0,False,784.4,784.4,784.4,784.4,784.4,Guest 1679,0
1680_01,Mars,True,D753,55 Cancri e,31.0,True,105.7,105.7,105.7,105.7,105.7,Guest 1680,0
1681_01,Mars,True,C451,TRAPPIST-1e,20.0,True,482.0,482.0,482.0,482.0,482.0,Guest 1681,0
1682_01,Earth,False,F875,TRAPPIST-1e,32.0,True,357.2,357.2,357.2,357.2,357.2,Guest 1682,0
1683_01,Europa,True,C345,55 Cancri e,41.0,True,267.2,267.2,267.2,267.2,267.2,Guest 1683,0
1684_01,Mars,False,E306,55 Cancri e,34.0,True,146.5,146.5,146.5,146.5,146.5,Guest 1684,0
1685_01,Europa,True,E556,55 Cancri e,30.0,False,838.8,838.8,838.8,838.8,838.8,Guest 1685,0
1686_01,Mars,False,A594,TRAPPIST-1e,32.0,False,229.9,229.9,229.9,229.9,229.9,Guest 1686,0
1687_01,Europa,True,C629,55 Cancri e,24.0,False,14.1,14.1,14.1,14.1,14.1,Guest 1687,0
1688_01,Earth,False,B598,55 Cancri e,25.0,False,154.0,154.0,154.0,154.0,154.0,Guest 1688,0
1689_01,Mars,False,G70,55 Cancri e,8.0,True,335.1,335.1,335.1,335.1,335.1,Guest 1689,0
1690_01,Mars,False,D823,PSO J318.5-22,28.0,True,643.4,643.4,643.4,643.4,643.4,Guest 1690,0
1691_01,Europa,False,C762,55 Cancri e,41.0,False,339.3,339.3,339.3,339.3,339.3,Guest 1691,0
1692_01,Mars,False,D940,55 Cancri e,26.0,True,9.0,9.0,9.0,9.0,9.0,Guest 1692,0
1693_01,Europa,True,A288,TRAPPIST-1e,20.0,True,872.3,872.3,872.3,872.3,872.3,Guest 1693,0
1694_01,Mars,False,G253,TRAPPIST-1e,40.0,False,111.4,111.4,111.4,111.4,111.4,Guest 1694,0
1695_01,Europa,True,B768,55 Cancri e,32.0,False,234.2,234.2,234.2,234.2,234.2,Guest 1695,0
1696_01,Earth,False,D127,55 Cancri e,32.0,True,385.9,385.9,385.9,385.9,385.9,Guest 1696,0
1697_01,Earth,True,B361,PSO J318.5-22,35.0,False,1614.2,1614.2,1614.2,1614.2,1614.2,Guest 1697,0
1698_01,Europa,False,A973,TRAPPIST-1e,38.0,True,82.0,82.0,82.0,82.0,82.0,Guest 1698,0
1699_01,Earth,False,G361,55 Cancri e,30.0,True,83.7,83.7,83.7,83.7,83.7,Guest 1699,0
1700_01,Earth,False,D514,PSO J318.5-22,20.0,False,467.6,467.6,467.6,467.6,467.6,Guest 1700,0
1701_01,Mars,True,C434,TRAPPIST-1e,50.0,False,2270.6,2270.6,2270.6,2270.6,2270.6,Guest 1701,0
1702_01,Europa,True,B755,PSO J318.5-22,31.0,True,123.4,123.4,123.4,123.4,123.4,Guest 1702,0
1703_01,Earth,True,B687,TRAPPIST-1e,21.0,False,1280.6,1280.6,1280.6,1280.6,1280.6,Guest 1703,1
1704_01,Earth,True,B372,PSO J318.5-22,32.0,True,839.9,839.9,839.9,839.9,839.9,Guest 1704,1
1705_01,Europa,True,E729,PSO J318.5-22,44.0,True,142.0,142.0,142.0,142.0,142.0,Guest 1705,0
1706_01,Earth,False,A557,55 Cancri e,14.0,False,1090.1,1090.1,1090.1,1090.1,1090.1,Guest 1706,0
1707_01,Europa,False,C380,TRAPPIST-1e,45.0,True,1446.6,1446.6,1446.6,1446.6,1446.6,Guest 1707,0
1708_01,Earth,True,F373,55 Cancri e,28.0,False,330.7,330.7,330.7,330.7,330.7,Guest 1708,0
1709_01,Earth,True,B462,TRAPPIST-1e,53.0,True,347.2,347.2,347.2,347.2,347.2,Guest 1709,0
1710_01,Europa,False,C453,TRAPPIST-1e,38.0,False,1159.7,1159.7,1159.7,1159.7,1159.7,Guest 1710,0
1711_01,Mars,False,E9,55 Cancri e,29.0,False,3056.7,3056.7,3056.7,3056.7,3056.7,Guest 1711,0
1712_01,Earth,True,B15,TRAPPIST-1e,44.0,False,367.2,367.2,367.2,367.2,367.2,Guest 1712,1
1713_01,Mars,False,F196,55 Cancri e,45.0,False,768.0,768.0,768.0,768.0,768.0,Guest 1713,0
1714_01,Mars,True,G684,55 Cancri e,26.0,True,524.7,524.7,524.7,524.7,524.7,Guest 1714,0
1715_01,Earth,True,A969,PSO J318.5-22,33.0,True,258.1,258.1,258.1,258.1,258.1,Guest 1715,0
1716_01,Europa,True,B7,PSO J318.5-22,24.0,True,1098.9,1098.9,1098.9,1098.9,1098.9,Guest 1716,0
1717_01,Mars,True,A4,PSO J318.5-22,41.0,False,640.3,640.3,640.3,640.3,640.3,Guest 1717,0
1718_01,Europa,True,D530,PSO J318.5-22,14.0,False,439.3,439.3,439.3,439.3,439.3,Guest 1718,0
1719_01,Europa,False,F838,TRAPPIST-1e,28.0,True,293.2,293.2,293.2,293.2,293.2,Guest 1719,0
1720_01,Earth,True,C864,PSO J318.5-22,6.0,False,1086.8,1086.8,1086.8,1086.8,1086.8,Guest 1720,0
1721_01,Europa,False,D138,PSO J318.5-22,37.0,False,2273.4,2273.4,2273.4,2273.4,2273.4,Guest 1721,0
1722_01,Mars,True,E312,55 Cancri e,4.0,True,782.9,782.9,782.9,782.9,782.9,Guest 1722,0
1723_01,Europa,False,F657,55 Cancri e,18.0,True,968.2,968.2,968.2,968.2,968.2,Guest 1723,0
1724_01,Mars,False,A832,TRAPPIST-1e,33.0,True,521.1,521.1,521.1,521.1,521.1,Guest 1724,0
1725_01,Earth,False,E862,PSO J318.5-22,26.0,False,297.3,297.3,297.3,297.3,297.3,Guest 1725,0
1726_01,Europa,True,B342,55 Cancri e,25.0,True,576.6,576.6,576.6,576.6,576.6,Guest 1726,0
1727_01,Earth,False,A675,PSO J318.5-22,19.0,False,1092.1,1092.1,1092.1,1092.1,1092.1,Guest 1727,0
1728_01,Mars,True,D600,TRAPPIST-1e,25.0,True,2391.6,2391.6,2391.6,2391.6,2391.6,Guest 1728,0
1729_01,Mars,False,A220,55 Cancri e,10.0,False,1148.0,1148.0,1148.0,1148.0,1148.0,Guest 1729,0
1730_01,Earth,False,B750,55 Cancri e,34.0,True,521.8,521.8,521.8,521.8,521.8,Guest 1730,0
1731_01,Europa,True,E142,TRAPPIST-1e,39.0,True,1142.1,1142.1,1142.1,1142.1,1142.1,Guest 1731,0
1732_01,Earth,False,D692,55 Cancri e,39.0,True,2001.3,2001.3,2001.3,2001.3,2001.3,Guest 1732,0
1733_01,Mars,False,B395,55 Cancri e,30.0,True,618.1,618.1,618.1,618.1,618.1,Guest 1733,0
1734_01,Earth,True,A776,TRAPPIST-1e,44.0,False,1929.4,1929.4,1929.4,1929.4,1929.4,Guest 1734,0
1735_01,Europa,True,D792,PSO J318.5-22,35.0,True,1149.7,1149.7,1149.7,1149.7,1149.7,Guest 1735,0
1736_01,Mars,True,G148,55 Cancri e,41.0,True,215.8,215.8,215.8,215.8,215.8,Guest 1736,0
1737_01,Earth,True,B548,TRAPPIST-1e,35.0,False,356.2,356.2,356.2,356.2,356.2,Guest 1737,0
1738_01,Earth,False,F891,TRAPPIST-1e,30.0,False,1306.1,1306.1,1306.1,1306.1,1306.1,Guest 1738,0
1739_01,Europa,False,G653,PSO J318.5-22,21.0,True,1302.8,1302.8,1302.8,1302.8,1302.8,Guest 1739,0
1740_01,Earth,True,E440,TRAPPIST-1e,1.0,False,1.0,1.0,1.0,1.0,1.0,Guest 1740,0
1741_01,Europa,False,A189,PSO J318.5-22,37.0,False,65.8,65.8,65.8,65.8,65.8,Guest 1741,0
1742_01,Earth,True,E170,PSO J318.5-22,29.0,True,1317.7,1317.7,1317.7,1317.7,1317.7,Guest 1742,1
1743_01,Mars,False,B545,TRAPPIST-1e,53.0,True,960.3,960.3,960.3,960.3,960.3,Guest 1743,0
1744_01,Earth,False,C787,55 Cancri e,7.0,False,1811.3,1811.3,1811.3,1811.3,1811.3,Guest 1744,0
1745_01,Mars,True,D811,PSO J318.5-22,40.0,True,2012.4,2012.4,2012.4,2012.4,2012.4,Guest 1745,0
1746_01,Earth,True,F822,TRAPPIST-1e,19.0,False,155.5,155.5,155.5,155.5,155.5,Guest 1746,1
1747_01,Earth,True,E629,PSO J318.5-22,30.0,False,269.7,269.7,269.7,269.7,269.7,Guest 1747,1
1748_01,Europa,True,A960,55 Cancri e,20.0,False,302.9,302.9,302.9,302.9,302.9,Guest 1748,0
1749_01,Europa,True,E553,TRAPPIST-1e,34.0,True,268.6,268.6,268.6,268.6,268.6,Guest 1749,0
1750_01,Mars,False,F535,TRAPPIST-1e,30.0,True,241.7,241.7,241.7,241.7,241.7,Guest 1750,0
1751_01,Europa,True,A946,TRAPPIST-1e,40.0,True,32.7,32.7,32.7,32.7,32.7,Guest 1751,0
1752_01,Earth,False,B798,TRAPPIST-1e,32.0,False,1921.4,1921.4,1921.4,1921.4,1921.4,Guest 1752,0
1753_01,Mars,False,C817,TRAPPIST-1e,36.0,False,1024.2,1024.2,1024.2,1024.2,1024.2,Guest 1753,0
1754_01,Europa,True,A377,PSO J318.5-22,45.0,False,1390.4,1390.4,1390.4,1390.4,1390.4,Guest 1754,0
1755_01,Europa,False,E556,PSO J318.5-22,36.0,True,50.9,50.9,50.9,50.9,50.9,Guest 1755,0
1756_01,Earth,True,D105,PSO J318.5-22,29.0,True,724.2,724.2,724.2,724.2,724.2,Guest 1756,1
1757_01,Mars,True,B819,PSO J318.5-22,44.0,False,196.2,196.2,196.2,196.2,196.2,Guest 1757,0
1758_01,Earth,True,G275,TRAPPIST-1e,29.0,True,1114.0,1114.0,1114.0,1114.0,1114.0,Guest 1758,0
1759_01,Mars,False,D650,TRAPPIST-1e,35.0,False,1643.2,1643.2,1643.2,1643.2,1643.2,Guest 1759,0
1760_01,Europa,False,E32,TRAPPIST-1e,26.0,True,80.1,80.1,80.1,80.1,80.1,Guest 1760,0
1761_01,Mars,False,E349,55 Cancri e,22.0,True,203.8,203.8,203.8,203.8,203.8,Guest 1761,0
1762_01,Europa,True,A139,TRAPPIST-1e,1.0,True,1828.9,1828.9,1828.9,1828.9,1828.9,Guest 1762,0
1763_01,Earth,True,D381,TRAPPIST-1e,38.0,True,663.9,663.9,663.9,663.9,663.9,Guest 1763,1
1764_01,Mars,True,A631,TRAPPIST-1e,17.0,True,547.3,547.3,547.3,547.3,547.3,Guest 1764,0
1765_01,Europa,True,D529,55 Cancri e,38.0,False,1441.7,1441.7,1441.7,1441.7,1441.7,Guest 1765,0
1766_01,Earth,True,B52,55 Cancri e,51.0,True,370.5,370.5,370.5,370.5,370.5,Guest 1766,0
1767_01,Europa,True,D510,PSO J318.5-22,15.0,True,663.8,663.8,663.8,663.8,663.8,Guest 1767,0
1768_01,Earth,False,G19,PSO J318.5-22,40.0,False,612.0,612.0,612.0,612.0,612.0,Guest 1768,0
1769_01,Mars,False,F441,55 Cancri e,29.0,True,671.5,671.5,671.5,671.5,671.5,Guest 1769,0
1770_01,Earth,False,C788,55 Cancri e,35.0,True,349.8,349.8,349.8,349.8,349.8,Guest 1770,0
1771_01,Europa,True,D573,55 Cancri e,16.0,True,163.7,163.7,163.7,163.7,163.7,Guest 1771,0
1772_01,Earth,True,C375,PSO J318.5-22,30.0,True,1168.7,1168.7,1168.7,1168.7,1168.7,Guest 1772,0
1773_01,Europa,False,C645,TRAPPIST-1e,32.0,True,717.6,717.6,717.6,717.6,717.6,Guest 1773,0
1774_01,Earth,False,B570,PSO J318.5-22,46.0,True,145.2,145.2,145.2,145.2,145.2,Guest 1774,0
1775_01,Earth,False,A390,55 Cancri e,55.0,True,2578.5,2578.5,2578.5,2578.5,2578.5,Guest 1775,0
1776_01,Earth,False,B391,TRAPPIST-1e,34.0,True,536.2,536.2,536.2,536.2,536.2,Guest 1776,0
1777_01,Europa,False,B675,PSO J318.5-22,26.0,False,1500.4,1500.4,1500.4,1500.4,1500.4,Guest 1777,0
1778_01,Mars,True,C636,TRAPPIST-1e,55.0,True,150.1,150.1,150.1,150.1,150.1,Guest 1778,0
1779_01,Earth,False,A649,55 Cancri e,29.0,True,213.2,213.2,213.2,213.2,213.2,Guest 1779,0
1780_01,Earth,False,D132,55 Cancri e,29.0,True,644.5,644.5,644.5,644.5,644.5,Guest 1780,0
1781_01,Earth,False,C938,55 Cancri e,31.0,True,231.4,231.4,231.4,231.4,231.4,Guest 1781,0
1782_01,Earth,True,F870,PSO J318.5-22,35.0,False,423.3,423.3,423.3,423.3,423.3,Guest 1782,0
1783_01,Europa,True,D160,PSO J318.5-22,38.0,True,540.5,540.5,540.5,540.5,540.5,Guest 1783,0
1784_01,Europa,False,B765,TRAPPIST-1e,24.0,True,151.2,151.2,151.2,151.2,151.2,Guest 1784,0
1785_01,Mars,True,E364,PSO J318.5-22,29.0,False,359.4,359.4,359.4,359.4,359.4,Guest 1785,0
1786_01,Mars,True,A814,TRAPPIST-1e,52.0,False,606.2,606.2,606.2,606.2,606.2,Guest 1786,0
1787_01,Mars,False,E505,PSO J318.5-22,48.0,True,2695.0,2695.0,2695.0,2695.0,2695.0,Guest 1787,0
1788_01,Earth,True,B636,55 Cancri e,35.0,False,150.8,150.8,150.8,150.8,150.8,Guest 1788,0
1789_01,Earth,False,F610,TRAPPIST-1e,33.0,True,2210.2,2210.2,2210.2,2210.2,2210.2,Guest 1789,0
1790_01,Earth,False,G643,55 Cancri e,28.0,False,324.7,324.7,324.7,324.7,324.7,Guest 1790,0
1791_01,Mars,True,B623,TRAPPIST-1e,42.0,False,411.6,411.6,411.6,411.6,411.6,Guest 1791,0
1792_01,Europa,False,C648,55 Cancri e,24.0,True,594.5,594.5,594.5,594.5,594.5,Guest 1792,0
1793_01,Mars,True,F480,55 Cancri e,32.0,True,1541.5,1541.5,1541.5,1541.5,1541.5,Guest 1793,0
1794_01,Europa,False,F517,55 Cancri e,25.0,True,1644.5,1644.5,1644.5,1644.5,1644.5,Guest 1794,0
1795_01,Earth,False,E142,PSO J318.5-22,23.0,False,652.2,652.2,652.2,652.2,652.2,Guest 1795,0
1796_01,Mars,False,E625,TRAPPIST-1e,31.0,False,1328.6,1328.6,1328.6,1328.6,1328.6,Guest 1796,0
1797_01,Europa,True,C383,PSO J318.5-22,30.0,True,309.4,309.4,309.4,309.4,309.4,Guest 1797,0
1798_01,Mars,True,D55,55 Cancri e,24.0,False,216.8,216.8,216.8,216.8,216.8,Guest 1798,0
1799_01,Earth,True,C777,PSO J318.5-22,29.0,False,186.1,186.1,186.1,186.1,186.1,Guest 1799,1
1800_01,Earth,True,F666,TRAPPIST-1e,31.0,False,460.3,460.3,460.3,460.3,460.3,Guest 1800,0
1801_01,Europa,True,E371,55 Cancri e,25.0,False,2287.8,2287.8,2287.8,2287.8,2287.8,Guest 1801,0
1802_01,Earth,True,G666,PSO J318.5-22,23.0,False,1871.1,1871.1,1871.1,1871.1,1871.1,Guest 1802,0
1803_01,Earth,False,D994,TRAPPIST-1e,29.0,True,177.4,177.4,177.4,177.4,177.4,Guest 1803,0
1804_01,Mars,False,A145,TRAPPIST-1e,38.0,False,1562.4,1562.4,1562.4,1562.4,1562.4,Guest 1804,0
1805_01,Europa,True,D742,55 Cancri e,43.0,True,80.2,80.2,80.2,80.2,80.2,Guest 1805,0
1806_01,Europa,False,B997,PSO J318.5-22,32.0,True,581.0,581.0,581.0,581.0,581.0,Guest 1806,0
1807_01,Europa,False,G111,55 Cancri e,27.0,True,1126.1,1126.1,1126.1,1126.1,1126.1,Guest 1807,0
1808_01,Europa,True,B225,TRAPPIST-1e,30.0,False,117.3,117.3,117.3,117.3,117.3,Guest 1808,0
1809_01,Europa,True,F325,TRAPPIST-1e,52.0,False,855.5,855.5,855.5,855.5,855.5,Guest 1809,0
1810_01,Mars,True,C963,PSO J318.5-22,41.0,True,685.4,685.4,685.4,685.4,685.4,Guest 1810,0
1811_01,Mars,True,G7,55 Cancri e,19.0,False,312.3,312.3,312.3,312.3,312.3,Guest 1811,0
1812_01,Mars,False,F536,55 Cancri e,30.0,True,193.7,193.7,193.7,193.7,193.7,Guest 1812,0
1813_01,Earth,False,C247,TRAPPIST-1e,24.0,True,48.8,48.8,48.8,48.8,48.8,Guest 1813,0
1814_01,Earth,True,D150,55 Cancri e,26.0,False,952.2,952.2,952.2,952.2,952.2,Guest 1814,0
1815_01,Earth,True,F9,TRAPPIST-1e,11.0,False,384.6,384.6,384.6,384.6,384.6,Guest 1815,0
1816_01,Europa,False,B400,PSO J318.5-22,31.0,False,1615.8,1615.8,1615.8,1615.8,1615.8,Guest 1816,0
1817_01,Earth,True,C310,PSO J318.5-22,15.0,False,2694.0,2694.0,2694.0,2694.0,2694.0,Guest 1817,0
1818_01,Earth,False,G360,TRAPPIST-1e,23.0,False,78.5,78.5,78.5,78.5,78.5,Guest 1818,0
1819_01,Earth,True,B798,PSO J318.5-22,48.0,True,2575.6,2575.6,2575.6,2575.6,2575.6,Guest 1819,0
1820_01,Earth,True,D426,TRAPPIST-1e,42.0,True,853.7,853.7,853.7,853.7,853.7,Guest 1820,1
1821_01,Mars,True,E383,55 Cancri e,20.0,True,553.9,553.9,553.9,553.9,553.9,Guest 1821,0
1822_01,Europa,False,F536,55 Cancri e,18.0,True,421.7,421.7,421.7,421.7,421.7,Guest 1822,0
1823_01,Europa,False,B491,TRAPPIST-1e,20.0,False,151.9,151.9,151.9,151.9,151.9,Guest 1823,0
1824_01,Europa,True,A716,55 Cancri e,9.0,True,297.6,297.6,297.6,297.6,297.6,Guest 1824,0
1825_01,Europa,False,G609,55 Cancri e,19.0,False,1059.0,1059.0,1059.0,1059.0,1059.0,Guest 1825,0
1826_01,Europa,True,E427,TRAPPIST-1e,27.0,True,634.1,634.1,634.1,634.1,634.1,Guest 1826,0
1827_01,Earth,False,E994,PSO J318.5-22,18.0,True,1771.8,1771.8,1771.8,1771.8,1771.8,Guest 1827,0
1828_01,Mars,True,B962,PSO J318.5-22,39.0,True,173.8,173.8,173.8,173.8,173.8,Guest 1828,0
1829_01,Mars,True,F655,PSO J318.5-22,30.0,False,27.4,27.4,27.4,27.4,27.4,Guest 1829,0
1830_01,Earth,True,G818,TRAPPIST-1e,24.0,True,1456.4,1456.4,1456.4,1456.4,1456.4,Guest 1830,0
1831_01,Europa,False,F170,TRAPPIST-1e,50.0,True,22.8,22.8,22.8,22.8,22.8,Guest 1831,0
1832_01,Earth,True,A939,55 Cancri e,38.0,False,76.3,76.3,76.3,76.3,76.3,Guest 1832,1
1833_01,Earth,True,G877,TRAPPIST-1e,31.0,True,1361.6,1361.6,1361.6,1361.6,1361.6,Guest 1833,1
1834_01,Europa,True,B522,TRAPPIST-1e,51.0,True,842.7,842.7,842.7,842.7,842.7,Guest 1834,0
1835_01,Earth,False,A242,55 Cancri e,45.0,True,73.0,73.0,73.0,73.0,73.0,Guest 1835,0
1836_01,Europa,False,C549,TRAPPIST-1e,22.0,True,457.4,457.4,457.4,457.4,457.4,Guest 1836,0
1837_01,Europa,True,E741,55 Cancri e,34.0,True,58.2,58.2,58.2,58.2,58.2,Guest 1837,0
1838_01,Earth,True,G529,55 Cancri e,25.0,True,41.9,41.9,41.9,41.9,41.9,Guest 1838,1
1839_01,Europa,True,C563,TRAPPIST-1e,14.0,True,179.8,179.8,179.8,179.8,179.8,Guest 1839,0
1840_01,Europa,False,B395,55 Cancri e,52.0,True,1380.7,1380.7,1380.7,1380.7,1380.7,Guest 1840,0
1841_01,Europa,True,A632,PSO J318.5-22,47.0,False,392.7,392.7,392.7,392.7,392.7,Guest 1841,0
1842_01,Mars,False,E799,55 Cancri e,16.0,True,13.5,13.5,13.5,13.5,13.5,Guest 1842,0
1843_01,Europa,True,F825,PSO J318.5-22,36.0,True,303.8,303.8,303.8,303.8,303.8,Guest 1843,0
1844_01,Earth,False,G210,TRAPPIST-1e,11.0,False,733.8,733.8,733.8,733.8,733.8,Guest 1844,0
1845_01,Mars,False,B844,PSO J318.5-22,43.0,True,1650.8,1650.8,1650.8,1650.8,1650.8,Guest 1845,0
1846_01,Mars,False,F644,PSO J318.5-22,30.0,True,257.2,257.2,257.2,257.2,257.2,Guest 1846,0
1847_01,Mars,False,G336,55 Cancri e,27.0,True,519.3,519.3,519.3,519.3,519.3,Guest 1847,0
1848_01,Earth,False,G861,PSO J318.5-22,45.0,True,691.9,691.9,691.9,691.9,691.9,Guest 1848,0
1849_01,Europa,True,G216,PSO J318.5-22,30.0,True,2579.2,2579.2,2579.2,2579.2,2579.2,Guest 1849,0
1850_01,Mars,False,F139,55 Cancri e,27.0,False,327.1,327.1,327.1,327.1,327.1,Guest 1850,0
1851_01,Europa,True,E756,PSO J318.5-22,41.0,True,1973.8,1973.8,1973.8,1973.8,1973.8,Guest 1851,0
1852_01,Earth,False,C980,55 Cancri e,27.0,True,1307.1,1307.1,1307.1,1307.1,1307.1,Guest 1852,0
1853_01,Earth,True,B314,TRAPPIST-1e,40.0,True,644.8,644.8,644.8,644.8,644.8,Guest 1853,1
1854_01,Europa,False,F509,TRAPPIST-1e,30.0,False,387.9,387.9,387.9,387.9,387.9,Guest 1854,0
1855_01,Europa,False,D343,PSO J318.5-22,40.0,False,2187.2,2187.2,2187.2,2187.2,2187.2,Guest 1855,0
1856_01,Mars,True,F619,PSO J318.5-22,37.0,True,1668.8,1668.8,1668.8,1668.8,1668.8,Guest 1856,0
1857_01,Mars,False,E863,PSO J318.5-22,39.0,False,1219.9,1219.9,1219.9,1219.9,1219.9,Guest 1857,0
1858_01,Europa,True,G880,55 Cancri e,19.0,True,602.0,602.0,602.0,602.0,602.0,Guest 1858,0
1859_01,Europa,False,G673,PSO J318.5-22,52.0,False,412.6,412.6,412.6,412.6,412.6,Guest 1859,0
1860_01,Europa,True,C695,PSO J318.5-22,28.0,False,143.9,143.9,143.9,143.9,143.9,Guest 1860,0
1861_01,Europa,True,A336,55 Cancri e,50.0,True,1930.8,1930.8,1930.8,1930.8,1930.8,Guest 1861,0
1862_01,Earth,True,B417,55 Cancri e,23.0,True,1012.8,1012.8,1012.8,1012.8,1012.8,Guest 1862,0
1863_01,Europa,False,F45,55 Cancri e,27.0,False,180.1,180.1,180.1,180.1,180.1,Guest 1863,0
1864_01,Earth,True,E162,55 Cancri e,27.0,True,258.3,258.3,258.3,258.3,258.3,Guest 1864,1
1865_01,Europa,False,G207,55 Cancri e,44.0,False,17.7,17.7,17.7,17.7,17.7,Guest 1865,0
1866_01,Europa,False,G624,55 Cancri e,25.0,True,134.7,134.7,134.7,134.7,134.7,Guest 1866,0
1867_01,Mars,False,C626,TRAPPIST-1e,35.0,True,2473.4,2473.4,2473.4,2473.4,2473.4,Guest 1867,0
1868_01,Mars,False,C32,55 Cancri e,12.0,False,168.1,168.1,168.1,168.1,168.1,Guest 1868,0
1869_01,Earth,False,C252,55 Cancri e,25.0,False,368.7,368.7,368.7,368.7,368.7,Guest 1869,0
1870_01,Earth,True,C704,PSO J318.5-22,33.0,True,453.0,453.0,453.0,453.0,453.0,Guest 1870,1
1871_01,Earth,True,A848,TRAPPIST-1e,29.0,True,188.1,188.1,188.1,188.1,188.1,Guest 1871,0
1872_01,Earth,False,A687,TRAPPIST-1e,9.0,True,394.1,394.1,394.1,394.1,394.1,Guest 1872,0
1873_01,Mars,False,D535,55 Cancri e,36.0,True,385.5,385.5,385.5,385.5,385.5,Guest 1873,0
1874_01,Europa,True,F28,TRAPPIST-1e,19.0,False,39.6,39.6,39.6,39.6,39.6,Guest 1874,0
1875_01,Europa,False,E478,PSO J318.5-22,53.0,False,127.6,127.6,127.6,127.6,127.6,Guest 1875,0
1876_01,Mars,False,G998,TRAPPIST-1e,28.0,False,498.0,498.0,498.0,498.0,498.0,Guest 1876,0
1877_01,Europa,True,D162,55 Cancri e,56.0,False,860.4,860.4,860.4,860.4,860.4,Guest 1877,0
1878_01,Earth,False,E235,PSO J318.5-22,38.0,True,866.6,866.6,866.6,866.6,866.6,Guest 1878,0
1879_01,Mars,True,A810,TRAPPIST-1e,36.0,False,2060.8,2060.8,2060.8,2060.8,2060.8,Guest 1879,0
1880_01,Mars,False,E789,55 Cancri e,25.0,False,87.0,87.0,87.0,87.0,87.0,Guest 1880,0
1881_01,Earth,True,G812,TRAPPIST-1e,29.0,True,168.5,168.5,168.5,168.5,168.5,Guest 1881,1
1882_01,Mars,True,D434,55 Cancri e,35.0,False,2110.3,2110.3,2110.3,2110.3,2110.3,Guest 1882,0
1883_01,Mars,False,A24,PSO J318.5-22,8.0,True,566.8,566.8,566.8,566.8,566.8,Guest 1883,0
1884_01,Mars,False,F785,55 Cancri e,42.0,False,501.9,501.9,501.9,501.9,501.9,Guest 1884,0
1885_01,Europa,True,E917,TRAPPIST-1e,17.0,True,978.7,978.7,978.7,978.7,978.7,Guest 1885,0
1886_01,Europa,True,E545,TRAPPIST-1e,27.0,True,1839.5,1839.5,1839.5,1839.5,1839.5,Guest 1886,0
1887_01,Mars,False,F391,TRAPPIST-1e,1.0,False,1689.2,1689.2,1689.2,1689.2,1689.2,Guest 1887,0
1888_01,Europa,True,G142,PSO J318.5-22,35.0,False,639.2,639.2,639.2,639.2,639.2,Guest 1888,0
1889_01,Earth,False,A281,55 Cancri e,39.0,False,781.5,781.5,781.5,781.5,781.5,Guest 1889,0
1890_01,Earth,False,D524,TRAPPIST-1e,34.0,False,253.5,253.5,253.5,253.5,253.5,Guest 1890,0
1891_01,Mars,False,D770,55 Cancri e,34.0,True,1040.3,1040.3,1040.3,1040.3,1040.3,Guest 1891,0
1892_01,Earth,True,G103,PSO J318.5-22,26.0,True,166.8,166.8,166.8,166.8,166.8,Guest 1892,1
1893_01,Earth,True,C474,TRAPPIST-1e,32.0,False,92.0,92.0,92.0,92.0,92.0,Guest 1893,0
1894_01,Mars,True,A19,55 Cancri e,44.0,False,64.5,64.5,64.5,64.5,64.5,Guest 1894,0
1895_01,Europa,False,A548,PSO J318.5-22,25.0,False,811.9,811.9,811.9,811.9,811.9,Guest 1895,0
1896_01,Europa,False,E498,55 Cancri e,36.0,True,551.1,551.1,551.1,551.1,551.1,Guest 1896,0
1897_01,Europa,True,G483,PSO J318.5-22,39.0,True,164.8,164.8,164.8,164.8,164.8,Guest 1897,0
1898_01,Mars,True,F250,PSO J318.5-22,28.0,False,1696.6,1696.6,1696.6,1696.6,1696.6,Guest 1898,0
1899_01,Europa,False,D138,TRAPPIST-1e,33.0,False,763.4,763.4,763.4,763.4,763.4,Guest 1899,0
1900_01,Europa,False,F881,TRAPPIST-1e,33.0,True,46.1,46.1,46.1,46.1,46.1,Guest 1900,0
1901_01,Europa,True,E943,PSO J318.5-22,24.0,False,304.6,304.6,304.6,304.6,304.6,Guest 1901,0
1902_01,Mars,False,E549,55 Cancri e,58.0,False,1749.9,1749.9,1749.9,1749.9,1749.9,Guest 1902,0
1903_01,Earth,False,G952,PSO J318.5-22,25.0,False,2756.6,2756.6,2756.6,2756.6,2756.6,Guest 1903,0
1904_01,Earth,True,E397,55 Cancri e,50.0,False,23.9,23.9,23.9,23.9,23.9,Guest 1904,0
1905_01,Mars,True,E380,55 Cancri e,43.0,False,842.6,842.6,842.6,842.6,842.6,Guest 1905,0
1906_01,Europa,False,E365,55 Cancri e,7.0,False,1794.9,1794.9,1794.9,1794.9,1794.9,Guest 1906,0
1907_01,Mars,False,F83,55 Cancri e,33.0,False,2857.0,2857.0,2857.0,2857.0,2857.0,Guest 1907,0
1908_01,Earth,False,E338,TRAPPIST-1e,42.0,True,183.3,183.3,183.3,183.3,183.3,Guest 1908,0
1909_01,Mars,True,E422,TRAPPIST-1e,40.0,True,87.0,87.0,87.0,87.0,87.0,Guest 1909,0
1910_01,Europa,False,D704,PSO J318.5-22,20.0,True,195.5,195.5,195.5,195.5,195.5,Guest 1910,0
1911_01,Europa,True,F305,55 Cancri e,33.0,True,733.4,733.4,733.4,733.4,733.4,Guest 1911,0
1912_01,Earth,False,F387,PSO J318.5-22,16.0,False,512.2,512.2,512.2,512.2,512.2,Guest 1912,0
1913_01,Earth,True,G756,55 Cancri e,18.0,False,459.7,459.7,459.7,459.7,459.7,Guest 1913,0
1914_01,Mars,False,C494,55 Cancri e,27.0,False,761.8,761.8,761.8,761.8,761.8,Guest 1914,0
1915_01,Mars,True,G611,55 Cancri e,32.0,True,32.6,32.6,32.6,32.6,32.6,Guest 1915,0
1916_01,Europa,True,D420,TRAPPIST-1e,49.0,False,832.3,832.3,832.3,832.3,832.3,Guest 1916,0
1917_01,Mars,True,C192,55 Cancri e,34.0,True,917.8,917.8,917.8,917.8,917.8,Guest 1917,0
1918_01,Mars,False,A403,PSO J318.5-22,43.0,False,442.0,442.0,442.0,442.0,442.0,Guest 1918,0
1919_01,Earth,False,G554,55 Cancri e,16.0,True,605.7,605.7,605.7,605.7,605.7,Guest 1919,0
1920_01,Earth,True,B861,TRAPPIST-1e,17.0,False,362.6,362.6,362.6,362.6,362.6,Guest 1920,1
1921_01,Mars,False,A374,TRAPPIST-1e,25.0,True,21.2,21.2,21.2,21.2,21.2,Guest 1921,0
1922_01,Mars,True,E127,TRAPPIST-1e,51.0,False,325.7,325.7,325.7,325.7,325.7,Guest 1922,0
1923_01,Earth,False,B27,55 Cancri e,15.0,True,183.8,183.8,183.8,183.8,183.8,Guest 1923,0
1924_01,Mars,True,B979,TRAPPIST-1e,12.0,True,602.3,602.3,602.3,602.3,602.3,Guest 1924,0
1925_01,Earth,False,C623,55 Cancri e,29.0,True,129.1,129.1,129.1,129.1,129.1,Guest 1925,0
1926_01,Earth,True,G827,55 Cancri e,44.0,False,991.1,991.1,991.1,991.1,991.1,Guest 1926,0
1927_01,Mars,True,B811,TRAPPIST-1e,11.0,True,1534.5,1534.5,1534.5,1534.5,1534.5,Guest 1927,0
1928_01,Earth,False,D559,55 Cancri e,27.0,False,184.9,184.9,184.9,184.9,184.9,Guest 1928,0
1929_01,Europa,False,E207,PSO J318.5-22,14.0,True,872.9,872.9,872.9,872.9,872.9,Guest 1929,0
1930_01,Earth,False,C484,PSO J318.5-22,47.0,False,1029.4,1029.4,1029.4,1029.4,1029.4,Guest 1930,0
1931_01,Europa,False,D89,TRAPPIST-1e,38.0,True,645.9,645.9,645.9,645.9,645.9,Guest 1931,0
1932_01,Mars,True,D555,PSO J318.5-22,33.0,True,628.9,628.9,628.9,628.9,628.9,Guest 1932,0
1933_01,Europa,True,E927,TRAPPIST-1e,30.0,True,736.5,736.5,736.5,736.5,736.5,Guest 1933,0
1934_01,Mars,False,G420,TRAPPIST-1e,27.0,False,110.8,110.8,110.8,110.8,110.8,Guest 1934,0
1935_01,Europa,True,B486,PSO J318.5-22,32.0,False,31.1,31.1,31.1,31.1,31.1,Guest 1935,0
1936_01,Mars,True,B270,55 Cancri e,23.0,False,813.4,813.4,813.4,813.4,813.4,Guest 1936,0
1937_01,Europa,True,F826,55 Cancri e,20.0,False,1121.9,1121.9,1121.9,1121.9,1121.9,Guest 1937,0
1938_01,Earth,False,G892,PSO J318.5-22,17.0,False,694.2,694.2,694.2,694.2,694.2,Guest 1938,0
1939_01,Europa,True,A567,PSO J318.5-22,30.0,False,1052.4,1052.4,1052.4,1052.4,1052.4,Guest 1939,0
1940_01,Mars,True,C433,TRAPPIST-1e,21.0,True,757.9,757.9,757.9,757.9,757.9,Guest 1940,0
1941_01,Europa,True,B142,TRAPPIST-1e,40.0,False,728.2,728.2,728.2,728.2,728.2,Guest 1941,0
1942_01,Earth,False,F615,PSO J318.5-22,6.0,True,246.4,246.4,246.4,246.4,246.4,Guest 1942,0
1943_01,Mars,False,A180,55 Cancri e,37.0,True,45.5,45.5,45.5,45.5,45.5,Guest 1943,0
1944_01,Europa,False,F281,55 Cancri e,36.0,False,51.3,51.3,51.3,51.3,51.3,Guest 1944,0
1945_01,Earth,False,E338,55 Cancri e,44.0,False,417.4,417.4,417.4,417.4,417.4,Guest 1945,0
1946_01,Europa,True,E256,TRAPPIST-1e,27.0,False,221.1,221.1,221.1,221.1,221.1,Guest 1946,0
1947_01,Europa,False,A690,55 Cancri e,13.0,False,714.6,714.6,714.6,714.6,714.6,Guest 1947,0
1948_01,Mars,True,D611,55 Cancri e,19.0,True,404.9,404.9,404.9,404.9,404.9,Guest 1948,0
1949_01,Europa,True,D860,TRAPPIST-1e,43.0,False,271.7,271.7,271.7,271.7,271.7,Guest 1949,0
1950_01,Mars,True,G771,TRAPPIST-1e,27.0,True,2858.8,2858.8,2858.8,2858.8,2858.8,Guest 1950,0
1951_01,Mars,True,D808,55 Cancri e,25.0,True,357.3,357.3,357.3,357.3,357.3,Guest 1951,0
1952_01,Europa,False,D245,TRAPPIST-1e,23.0,False,1004.3,1004.3,1004.3,1004.3,1004.3,Guest 1952,0
1953_01,Europa,False,F583,55 Cancri e,29.0,True,948.6,948.6,948.6,948.6,948.6,Guest 1953,0
1954_01,Earth,True,F855,55 Cancri e,27.0,True,2417.8,2417.8,2417.8,2417.8,2417.8,Guest 1954,0
1955_01,Mars,False,D598,PSO J318.5-22,12.0,False,409.4,409.4,409.4,409.4,409.4,Guest 1955,0
1956_01,Europa,False,B260,55 Cancri e,23.0,True,38.6,38.6,38.6,38.6,38.6,Guest 1956,0
1957_01,Mars,False,B723,PSO J318.5-22,42.0,True,11.4,11.4,11.4,11.4,11.4,Guest 1957,0
1958_01,Earth,True,A356,TRAPPIST-1e,47.0,False,3631.4,3631.4,3631.4,3631.4,3631.4,Guest 1958,0
1959_01,Europa,True,C629,PSO J318.5-22,29.0,True,1218.3,1218.3,1218.3,1218.3,1218.3,Guest 1959,0
1960_01,Europa,False,G833,55 Cancri e,24.0,True,2966.1,2966.1,2966.1,2966.1,2966.1,Guest 1960,0
1961_01,Mars,False,F531,PSO J318.5-22,46.0,False,502.9,502.9,502.9,502.9,502.9,Guest 1961,0
1962_01,Mars,False,C460,PSO J318.5-22,28.0,True,7486.1,7486.1,7486.1,7486.1,7486.1,Guest 1962,0
1963_01,Mars,False,A471,PSO J318.5-22,16.0,False,1298.7,1298.7,1298.7,1298.7,1298.7,Guest 1963,0
1964_01,Mars,True,B640,PSO J318.5-22,29.0,False,132.8,132.8,132.8,132.8,132.8,Guest 1964,0
1965_01,Earth,False,G914,TRAPPIST-1e,38.0,True,573.6,573.6,573.6,573.6,573.6,Guest 1965,0
1966_01,Europa,True,E494,55 Cancri e,48.0,True,96.2,96.2,96.2,96.2,96.2,Guest 1966,0
1967_01,Mars,False,A639,55 Cancri e,24.0,False,261.2,261.2,261.2,261.2,261.2,Guest 1967,0
1968_01,Earth,False,E684,PSO J318.5-22,36.0,True,885.0,885.0,885.0,885.0,885.0,Guest 1968,0
1969_01,Earth,False,A789,PSO J318.5-22,26.0,False,1532.6,1532.6,1532.6,1532.6,1532.6,Guest 1969,0
1970_01,Europa,True,A96,TRAPPIST-1e,43.0,False,723.0,723.0,723.0,723.0,723.0,Guest 1970,0
1971_01,Europa,True,C557,55 Cancri e,33.0,False,502.9,502.9,502.9,502.9,502.9,Guest 1971,0
1972_01,Mars,True,A116,PSO J318.5-22,33.0,False,443.1,443.1,443.1,443.1,443.1,Guest 1972,0
1973_01,Mars,False,B28,55 Cancri e,19.0,False,88.6,88.6,88.6,88.6,88.6,Guest 1973,0
1974_01,Mars,True,B153,55 Cancri e,26.0,True,532.0,532.0,532.0,532.0,532.0,Guest 1974,0
1975_01,Europa,True,B982,TRAPPIST-1e,26.0,False,649.2,649.2,649.2,649.2,649.2,Guest 1975,0
1976_01,Mars,False,B600,PSO J318.5-22,1.0,False,1797.8,1797.8,1797.8,1797.8,1797.8,Guest 1976,0
1977_01,Europa,True,D783,TRAPPIST-1e,40.0,True,122.8,122.8,122.8,122.8,122.8,Guest 1977,0
1978_01,Earth,True,E581,PSO J318.5-22,30.0,True,30.4,30.4,30.4,30.4,30.4,Guest 1978,0
1979_01,Mars,True,C629,TRAPPIST-1e,28.0,False,370.4,370.4,370.4,370.4,370.4,Guest 1979,0
1980_01,Earth,True,D350,55 Cancri e,26.0,True,84.1,84.1,84.1,84.1,84.1,Guest 1980,1
1981_01,Mars,True,F663,PSO J318.5-22,30.0,True,89.4,89.4,89.4,89.4,89.4,Guest 1981,0
1982_01,Mars,False,F276,TRAPPIST-1e,33.0,False,1394.1,1394.1,1394.1,1394.1,1394.1,Guest 1982,0
1983_01,Earth,True,A546,PSO J318.5-22,15.0,False,476.2,476.2,476.2,476.2,476.2,Guest 1983,0
1984_01,Earth,False,C519,TRAPPIST-1e,32.0,False,2009.9,2009.9,2009.9,2009.9,2009.9,Guest 1984,1
1985_01,Mars,True,A533,55 Cancri e,31.0,False,1980.1,1980.1,1980.1,1980.1,1980.1,Guest 1985,0
1986_01,Europa,False,E124,TRAPPIST-1e,30.0,True,707.7,707.7,707.7,707.7,707.7,Guest 1986,0
1987_01,Earth,False,F512,PSO J318.5-22,13.0,False,3029.3,3029.3,3029.3,3029.3,3029.3,Guest 1987,0
1988_01,Europa,True,F276,PSO J318.5-22,28.0,False,946.9,946.9,946.9,946.9,946.9,Guest 1988,0
1989_01,Mars,False,F20,TRAPPIST-1e,15.0,True,2040.5,2040.5,2040.5,2040.5,2040.5,Guest 1989,0
1990_01,Europa,True,B758,PSO J318.5-22,34.0,True,1342.9,1342.9,1342.9,1342.9,1342.9,Guest 1990,0
1991_01,Earth,True,D124,TRAPPIST-1e,45.0,True,806.3,806.3,806.3,806.3,806.3,Guest 1991,0
1992_01,Europa,True,D949,55 Cancri e,40.0,True,180.9,180.9,180.9,180.9,180.9,Guest 1992,0
1993_01,Mars,False,A507,55 Cancri e,26.0,False,1310.1,1310.1,1310.1,1310.1,1310.1,Guest 1993,0
1994_01,Europa,False,C365,55 Cancri e,24.0,False,1550.3,1550.3,1550.3,1550.3,1550.3,Guest 1994,0
1995_01,Europa,True,C32,55 Cancri e,23.0,False,1067.4,1067.4,1067.4,1067.4,1067.4,Guest 1995,0
1996_01,Earth,False,E13,TRAPPIST-1e,34.0,False,647.9,647.9,647.9,647.9,647.9,Guest 1996,0
1997_01,Earth,True,A681,55 Cancri e,22.0,False,365.7,365.7,365.7,365.7,365.7,Guest 1997,0
1998_01,Europa,True,F695,PSO J318.5-22,24.0,True,160.1,160.1,160.1,160.1,160.1,Guest 1998,0
1999_01,Mars,True,F355,PSO J318.5-22,1.0,True,2038.6,2038.6,2038.6,2038.6,2038.6,Guest 1999,0
2000_01,Earth,False,F854,PSO J318.5-22,20.0,True,644.0,644.0,644.0,644.0,644.0,Guest 2000,0
2001_01,Mars,False,B294,PSO J318.5-22,21.0,True,4071.9,4071.9,4071.9,4071.9,4071.9,Guest 2001,0
2002_01,Europa,True,F524,PSO J318.5-22,24.0,True,1541.3,1541.3,1541.3,1541.3,1541.3,Guest 2002,0
2003_01,Earth,True,D142,TRAPPIST-1e,44.0,True,99.1,99.1,99.1,99.1,99.1,Guest 2003,1
2004_01,Europa,False,D353,55 Cancri e,14.0,True,199.9,199.9,199.9,199.9,199.9,Guest 2004,0
2005_01,Earth,True,E724,PSO J318.5-22,15.0,True,76.5,76.5,76.5,76.5,76.5,Guest 2005,0
2006_01,Mars,False,F434,PSO J318.5-22,37.0,False,222.0,222.0,222.0,222.0,222.0,Guest 2006,0
2007_01,Mars,True,D270,TRAPPIST-1e,19.0,False,675.6,675.6,675.6,675.6,675.6,Guest 2007,0
2008_01,Mars,False,D504,TRAPPIST-1e,28.0,False,893.3,893.3,893.3,893.3,893.3,Guest 2008,0
2009_01,Mars,True,F839,PSO J318.5-22,32.0,False,282.7,282.7,282.7,282.7,282.7,Guest 2009,1
2010_01,Earth,False,G584,PSO J318.5-22,30.0,False,749.7,749.7,749.7,749.7,749.7,Guest 2010,0
2011_01,Earth,True,A267,PSO J318.5-22,21.0,True,912.6,912.6,912.6,912.6,912.6,Guest 2011,0
2012_01,Mars,True,F891,TRAPPIST-1e,41.0,False,597.5,597.5,597.5,597.5,597.5,Guest 2012,0
2013_01,Europa,True,A110,TRAPPIST-1e,48.0,False,1478.3,1478.3,1478.3,1478.3,1478.3,Guest 2013,0
2014_01,Earth,False,B752,PSO J318.5-22,18.0,False,3287.9,3287.9,3287.9,3287.9,3287.9,Guest 2014,0
2015_01,Mars,False,D445,TRAPPIST-1e,27.0,False,995.3,995.3,995.3,995.3,995.3,Guest 2015,0
2016_01,Earth,True,F528,TRAPPIST-1e,41.0,False,199.6,199.6,199.6,199.6,199.6,Guest 2016,0
2017_01,Mars,False,B257,TRAPPIST-1e,28.0,True,367.7,367.7,367.7,367.7,367.7,Guest 2017,0
2018_01,Earth,False,G260,PSO J318.5-22,18.0,False,293.9,293.9,293.9,293.9,293.9,Guest 2018,0
2019_01,Earth,False,C154,TRAPPIST-1e,25.0,False,189.5,189.5,189.5,189.5,189.5,Guest 2019,0
2020_01,Europa,False,C545,PSO J318.5-22,40.0,False,1372.4,1372.4,1372.4,1372.4,1372.4,Guest 2020,0
2021_01,Europa,False,B722,PSO J318.5-22,18.0,False,1065.1,1065.1,1065.1,1065.1,1065.1,Guest 2021,0
2022_01,Europa,False,B8,PSO J318.5-22,33.0,False,1002.3,1002.3,1002.3,1002.3,1002.3,Guest 2022,0
2023_01,Europa,True,E282,55 Cancri e,35.0,True,43.6,43.6,43.6,43.6,43.6,Guest 2023,0
2024_01,Earth,False,D488,PSO J318.5-22,22.0,False,895.8,895.8,895.8,895.8,895.8,Guest 2024,0
2025_01,Europa,False,B969,TRAPPIST-1e,37.0,False,445.1,445.1,445.1,445.1,445.1,Guest 2025,0
2026_01,Earth,True,E503,PSO J318.5-22,38.0,True,354.9,354.9,354.9,354.9,354.9,Guest 2026,0
2027_01,Earth,True,D548,55 Cancri e,42.0,True,35.8,35.8,35.8,35.8,35.8,Guest 2027,0
2028_01,Earth,False,E536,55 Cancri e,41.0,False,49.6,49.6,49.6,49.6,49.6,Guest 2028,0
2029_01,Europa,False,G167,TRAPPIST-1e,13.0,True,72.7,72.7,72.7,72.7,72.7,Guest 2029,0
2030_01,Earth,True,F527,TRAPPIST-1e,41.0,True,277.3,277.3,277.3,277.3,277.3,Guest 2030,0
2031_01,Europa,True,E160,PSO J318.5-22,37.0,False,202.7,202.7,202.7,202.7,202.7,Guest 2031,0
2032_01,Earth,True,A796,55 Cancri e,41.0,True,465.8,465.8,465.8,465.8,465.8,Guest 2032,1
2033_01,Europa,False,A780,PSO J318.5-22,20.0,True,1134.9,1134.9,1134.9,1134.9,1134.9,Guest 2033,0
2034_01,Mars,True,D767,PSO J318.5-22,41.0,False,76.6,76.6,76.6,76.6,76.6,Guest 2034,0
2035_01,Earth,True,E221,TRAPPIST-1e,34.0,False,581.0,581.0,581.0,581.0,581.0,Guest 2035,0
2036_01,Mars,False,D432,55 Cancri e,17.0,True,1610.1,1610.1,1610.1,1610.1,1610.1,Guest 2036,0
2037_01,Earth,True,A90,PSO J318.5-22,45.0,False,616.5,616.5,616.5,616.5,616.5,Guest 2037,0
2038_01,Mars,False,G580,PSO J318.5-22,21.0,False,1685.6,1685.6,1685.6,1685.6,1685.6,Guest 2038,0
2039_01,Europa,True,D201,55 Cancri e,18.0,True,974.2,974.2,974.2,974.2,974.2,Guest 2039,0
2040_01,Earth,False,G822,TRAPPIST-1e,35.0,True,282.7,282.7,282.7,282.7,282.7,Guest 2040,0
2041_01,Europa,False,G542,TRAPPIST-1e,23.0,False,235.3,235.3,235.3,235.3,235.3,Guest 2041,0
2042_01,Mars,True,E221,55 Cancri e,34.0,False,1439.4,1439.4,1439.4,1439.4,1439.4,Guest 2042,0
2043_01,Mars,True,E575,PSO J318.5-22,27.0,True,2625.6,2625.6,2625.6,2625.6,2625.6,Guest 2043,0
2044_01,Earth,True,A404,55 Cancri e,33.0,True,3389.1,3389.1,3389.1,3389.1,3389.1,Guest 2044,0
2045_01,Europa,True,B665,PSO J318.5-22,40.0,False,3474.7,3474.7,3474.7,3474.7,3474.7,Guest 2045,0
2046_01,Mars,False,A888,55 Cancri e,30.0,False,1081.5,1081.5,1081.5,1081.5,1081.5,Guest 2046,0
2047_01,Europa,False,E21,55 Cancri e,40.0,False,848.6,848.6,848.6,848.6,848.6,Guest 2047,0
2048_01,Mars,True,G265,PSO J318.5-22,40.0,False,2450.6,2450.6,2450.6,2450.6,2450.6,Guest 2048,0
2049_01,Europa,True,A869,55 Cancri e,20.0,True,485.1,485.1,485.1,485.1,485.1,Guest 2049,0
2050_01,Europa,False,G123,55 Cancri e,40.0,False,127.0,127.0,127.0,127.0,127.0,Guest 2050,0
2051_01,Europa,False,E567,55 Cancri e,37.0,True,792.9,792.9,792.9,792.9,792.9,Guest 2051,0
2052_01,Earth,True,D956,55 Cancri e,32.0,False,588.9,588.9,588.9,588.9,588.9,Guest 2052,0
2053_01,Mars,True,A218,PSO J318.5-22,43.0,False,213.6,213.6,213.6,213.6,213.6,Guest 2053,0
2054_01,Europa,True,F901,PSO J318.5-22,49.0,False,450.4,450.4,450.4,450.4,450.4,Guest 2054,0
2055_01,Mars,True,B264,55 Cancri e,39.0,True,395.9,395.9,395.9,395.9,395.9,Guest 2055,0
2056_01,Earth,False,C573,55 Cancri e,13.0,True,10.9,10.9,10.9,10.9,10.9,Guest 2056,0
2057_01,Mars,False,A668,PSO J318.5-22,35.0,False,2152.5,2152.5,2152.5,2152.5,2152.5,Guest 2057,0
2058_01,Europa,True,E79,55 Cancri e,29.0,False,669.3,669.3,669.3,669.3,669.3,Guest 2058,0
2059_01,Mars,True,G854,55 Cancri e,27.0,False,165.1,165.1,165.1,165.1,165.1,Guest 2059,0
2060_01,Mars,True,A828,TRAPPIST-1e,34.0,True,854.7,854.7,854.7,854.7,854.7,Guest 2060,0
2061_01,Europa,False,A25,PSO J318.5-22,26.0,True,2496.1,2496.1,2496.1,2496.1,2496.1,Guest 2061,0
2062_01,Mars,True,A482,TRAPPIST-1e,49.0,True,107.3,107.3,107.3,107.3,107.3,Guest 2062,0
2063_01,Earth,False,D925,55 Cancri e,33.0,False,194.5,194.5,194.5,194.5,194.5,Guest 2063,0
2064_01,Europa,False,E352,PSO J318.5-22,30.0,False,1432.3,1432.3,1432.3,1432.3,1432.3,Guest 2064,0
2065_01,Mars,False,B441,TRAPPIST-1e,39.0,True,1914.6,1914.6,1914.6,1914.6,1914.6,Guest 2065,0
2066_01,Europa,True,G321,PSO J318.5-22,39.0,False,3938.1,3938.1,3938.1,3938.1,3938.1,Guest 2066,0
2067_01,Europa,True,B70,TRAPPIST-1e,44.0,False,215.8,215.8,215.8,215.8,215.8,Guest 2067,0
2068_01,Earth,True,A97,PSO J318.5-22,38.0,False,135.3,135.3,135.3,135.3,135.3,Guest 2068,1
2069_01,Europa,False,C668,55 Cancri e,30.0,False,472.6,472.6,472.6,472.6,472.6,Guest 2069,0
2070_01,Earth,True,D270,PSO J318.5-22,32.0,False,1304.4,1304.4,1304.4,1304.4,1304.4,Guest 2070,0
2071_01,Earth,False,F952,TRAPPIST-1e,5.0,True,2050.1,2050.1,2050.1,2050.1,2050.1,Guest 2071,0
2072_01,Europa,True,A901,55 Cancri e,13.0,True,1108.3,1108.3,1108.3,1108.3,1108.3,Guest 2072,0
2073_01,Earth,False,A727,TRAPPIST-1e,42.0,False,1175.7,1175.7,1175.7,1175.7,1175.7,Guest 2073,0
2074_01,Earth,True,F498,55 Cancri e,26.0,False,1018.4,1018.4,1018.4,1018.4,1018.4,Guest 2074,1
2075_01,Europa,False,E763,55 Cancri e,51.0,True,114.5,114.5,114.5,114.5,114.5,Guest 2075,0
2076_01,Earth,True,G12,TRAPPIST-1e,51.0,True,657.0,657.0,657.0,657.0,657.0,Guest 2076,0
2077_01,Mars,True,D947,55 Cancri e,16.0,False,1741.5,1741.5,1741.5,1741.5,1741.5,Guest 2077,0
2078_01,Europa,False,F975,PSO J318.5-22,34.0,False,1.5,1.5,1.5,1.5,1.5,Guest 2078,0
2079_01,Mars,False,E593,55 Cancri e,64.0,False,1352.6,1352.6,1352.6,1352.6,1352.6,Guest 2079,0
2080_01,Earth,True,E567,55 Cancri e,21.0,False,1370.9,1370.9,1370.9,1370.9,1370.9,Guest 2080,0
2081_01,Europa,True,D745,TRAPPIST-1e,35.0,False,120.8,120.8,120.8,120.8,120.8,Guest 2081,0
2082_01,Earth,True,E1,55 Cancri e,28.0,False,896.7,896.7,896.7,896.7,896.7,Guest 2082,0
2083_01,Earth,False,B696,PSO J318.5-22,27.0,True,786.1,786.1,786.1,786.1,786.1,Guest 2083,0
2084_01,Earth,False,B376,TRAPPIST-1e,27.0,True,67.9,67.9,67.9,67.9,67.9,Guest 2084,1
2085_01,Europa,True,G4,PSO J318.5-22,30.0,False,735.6,735.6,735.6,735.6,735.6,Guest 2085,0
2086_01,Earth,True,B435,PSO J318.5-22,39.0,True,89.9,89.9,89.9,89.9,89.9,Guest 2086,0
2087_01,Mars,False,E925,TRAPPIST-1e,21.0,True,33.8,33.8,33.8,33.8,33.8,Guest 2087,0
2088_01,Mars,False,D589,TRAPPIST-1e,36.0,True,326.7,326.7,326.7,326.7,326.7,Guest 2088,0
2089_01,Mars,True,G263,PSO J318.5-22,22.0,True,805.4,805.4,805.4,805.4,805.4,Guest 2089,0
2090_01,Mars,False,C502,PSO J318.5-22,36.0,True,32.0,32.0,32.0,32.0,32.0,Guest 2090,0
2091_01,Earth,False,B826,55 Cancri e,34.0,True,708.4,708.4,708.4,708.4,708.4,Guest 2091,0
2092_01,Earth,True,F146,55 Cancri e,21.0,False,694.9,694.9,694.9,694.9,694.9,Guest 2092,0
2093_01,Mars,True,A959,55 Cancri e,32.0,False,1400.7,1400.7,1400.7,1400.7,1400.7,Guest 2093,0
2094_01,Earth,True,E156,TRAPPIST-1e,22.0,True,3221.2,3221.2,3221.2,3221.2,3221.2,Guest 2094,0
2095_01,Europa,False,C131,PSO J318.5-22,20.0,True,308.0,308.0,308.0,308.0,308.0,Guest 2095,0
2096_01,Europa,False,C27,55 Cancri e,44.0,True,1975.1,1975.1,1975.1,1975.1,1975.1,Guest 2096,0
2097_01,Mars,False,C888,PSO J318.5-22,9.0,True,945.0,945.0,945.0,945.0,945.0,Guest 2097,0
2098_01,Europa,False,G618,PSO J318.5-22,37.0,False,555.4,555.4,555.4,555.4,555.4,Guest 2098,0
2099_01,Mars,True,G649,TRAPPIST-1e,38.0,False,280.6,280.6,280.6,280.6,280.6,Guest 2099,0
2100_01,Mars,False,C401,55 Cancri e,23.0,True,398.7,398.7,398.7,398.7,398.7,Guest 2100,0
2101_01,Mars,True,B104,PSO J318.5-22,43.0,True,167.8,167.8,167.8,167.8,167.8,Guest 2101,0
2102_01,Earth,False,B369,55 Cancri e,41.0,False,94.5,94.5,94.5,94.5,94.5,Guest 2102,0
2103_01,Earth,True,F166,PSO J318.5-22,15.0,True,904.7,904.7,904.7,904.7,904.7,Guest 2103,0
2104_01,Mars,False,E573,TRAPPIST-1e,36.0,True,1788.0,1788.0,1788.0,1788.0,1788.0,Guest 2104,0
2105_01,Earth,False,E659,TRAPPIST-1e,36.0,False,2129.8,2129.8,2129.8,2129.8,2129.8,Guest 2105,0
2106_01,Mars,False,E534,PSO J318.5-22,22.0,True,150.2,150.2,150.2,150.2,150.2,Guest 2106,0
2107_01,Earth,False,C379,TRAPPIST-1e,37.0,False,1205.5,1205.5,1205.5,1205.5,1205.5,Guest 2107,0
2108_01,Mars,False,B261,55 Cancri e,39.0,False,634.1,634.1,634.1,634.1,634.1,Guest 2108,0
2109_01,Europa,True,G680,PSO J318.5-22,22.0,True,110.9,110.9,110.9,110.9,110.9,Guest 2109,0
2110_01,Europa,True,E180,TRAPPIST-1e,7.0,False,1080.7,1080.7,1080.7,1080.7,1080.7,Guest 2110,0
2111_01,Mars,True,G930,PSO J318.5-22,35.0,False,574.8,574.8,574.8,574.8,574.8,Guest 2111,0
2112_01,Mars,True,D500,55 Cancri e,22.0,True,671.5,671.5,671.5,671.5,671.5,Guest 2112,0
2113_01,Europa,True,C535,TRAPPIST-1e,10.0,False,93.2,93.2,93.2,93.2,93.2,Guest 2113,0
2114_01,Mars,True,D852,TRAPPIST-1e,26.0,True,690.7,690.7,690.7,690.7,690.7,Guest 2114,0
2115_01,Europa,False,B118,55 Cancri e,2.0,True,955.4,955.4,955.4,955.4,955.4,Guest 2115,0
2116_01,Earth,False,G918,TRAPPIST-1e,26.0,True,468.0,468.0,468.0,468.0,468.0,Guest 2116,0
2117_01,Europa,False,B894,PSO J318.5-22,48.0,True,378.1,378.1,378.1,378.1,378.1,Guest 2117,0
2118_01,Mars,False,D375,TRAPPIST-1e,1.0,False,455.7,455.7,455.7,455.7,455.7,Guest 2118,0
2119_01,Earth,False,D169,PSO J318.5-22,36.0,True,3.7,3.7,3.7,3.7,3.7,Guest 2119,1
2120_01,Europa,False,B797,TRAPPIST-1e,19.0,False,1255.1,1255.1,1255.1,1255.1,1255.1,Guest 2120,0
2121_01,Mars,True,A44,TRAPPIST-1e,25.0,False,237.0,237.0,237.0,237.0,237.0,Guest 2121,0
2122_01,Europa,True,E751,55 Cancri e,20.0,True,5214.6,5214.6,5214.6,5214.6,5214.6,Guest 2122,0
2123_01,Europa,True,F726,55 Cancri e,38.0,True,2942.1,2942.1,2942.1,2942.1,2942.1,Guest 2123,0
2124_01,Earth,False,G134,TRAPPIST-1e,30.0,True,2224.6,2224.6,2224.6,2224.6,2224.6,Guest 2124,0
2125_01,Europa,False,G1,55 Cancri e,21.0,False,176.5,176.5,176.5,176.5,176.5,Guest 2125,0
2126_01,Europa,True,F115,PSO J318.5-22,15.0,True,772.9,772.9,772.9,772.9,772.9,Guest 2126,1
2127_01,Mars,False,C708,55 Cancri e,25.0,True,236.6,236.6,236.6,236.6,236.6,Guest 2127,0
2128_01,Europa,True,E433,PSO J318.5-22,44.0,True,186.8,186.8,186.8,186.8,186.8,Guest 2128,0
2129_01,Europa,True,D970,TRAPPIST-1e,16.0,False,1913.9,1913.9,1913.9,1913.9,1913.9,Guest 2129,0
2130_01,Mars,False,C132,55 Cancri e,35.0,False,404.6,404.6,404.6,404.6,404.6,Guest 2130,0
2131_01,Europa,True,D960,PSO J318.5-22,34.0,False,1677.6,1677.6,1677.6,1677.6,1677.6,Guest 2131,0
2132_01,Mars,True,D965,55 Cancri e,7.0,False,721.7,721.7,721.7,721.7,721.7,Guest 2132,0
2133_01,Europa,False,G308,55 Cancri e,43.0,False,674.1,674.1,674.1,674.1,674.1,Guest 2133,0
2134_01,Europa,True,G61,PSO J318.5-22,30.0,False,1798.5,1798.5,1798.5,1798.5,1798.5,Guest 2134,0
2135_01,Mars,False,G833,PSO J318.5-22,56.0,True,142.9,142.9,142.9,142.9,142.9,Guest 2135,0
2136_01,Earth,False,A650,55 Cancri e,50.0,True,393.8,393.8,393.8,393.8,393.8,Guest 2136,0
2137_01,Europa,True,A714,55 Cancri e,27.0,True,35.6,35.6,35.6,35.6,35.6,Guest 2137,0
2138_01,Mars,False,E181,TRAPPIST-1e,28.0,True,949.9,949.9,949.9,949.9,949.9,Guest 2138,0
2139_01,Mars,True,F53,TRAPPIST-1e,18.0,False,2663.3,2663.3,2663.3,2663.3,2663.3,Guest 2139,0
2140_01,Europa,False,B277,PSO J318.5-22,14.0,False,220.9,220.9,220.9,220.9,220.9,Guest 2140,0
2141_01,Europa,False,E871,55 Cancri e,40.0,False,1702.4,1702.4,1702.4,1702.4,1702.4,Guest 2141,0
2142_01,Mars,True,G14,TRAPPIST-1e,27.0,True,445.2,445.2,445.2,445.2,445.2,Guest 2142,0
2143_01,Mars,False,F812,55 Cancri e,26.0,True,734.8,734.8,734.8,734.8,734.8,Guest 2143,0
2144_01,Europa,False,C192,55 Cancri e,28.0,True,1172.5,1172.5,1172.5,1172.5,1172.5,Guest 2144,0
2145_01,Mars,True,B305,PSO J318.5-22,38.0,True,224.0,224.0,224.0,224.0,224.0,Guest 2145,0
2146_01,Mars,False,G567,PSO J318.5-22,41.0,True,437.0,437.0,437.0,437.0,437.0,Guest 2146,0
2147_01,Earth,True,F891,PSO J318.5-22,30.0,False,142.0,142.0,142.0,142.0,142.0,Guest 2147,1
2148_01,Mars,True,B551,TRAPPIST-1e,28.0,False,966.5,966.5,966.5,966.5,966.5,Guest 2148,0
2149_01,Europa,False,F559,TRAPPIST-1e,31.0,False,1465.3,1465.3,1465.3,1465.3,1465.3,Guest 2149,0
2150_01,Earth,True,G762,55 Cancri e,54.0,False,1341.1,1341.1,1341.1,1341.1,1341.1,Guest 2150,1
2151_01,Europa,True,A702,PSO J318.5-22,6.0,True,491.8,491.8,491.8,491.8,491.8,Guest 2151,0
2152_01,Europa,False,G848,PSO J318.5-22,17.0,False,573.0,573.0,573.0,573.0,573.0,Guest 2152,0
2153_01,Europa,False,C311,55 Cancri e,36.0,True,1949.8,1949.8,1949.8,1949.8,1949.8,Guest 2153,0
2154_01,Earth,True,D953,PSO J318.5-22,32.0,False,546.2,546.2,546.2,546.2,546.2,Guest 2154,0
2155_01,Europa,False,B968,55 Cancri e,45.0,False,487.7,487.7,487.7,487.7,487.7,Guest 2155,0
2156_01,Europa,True,C722,TRAPPIST-1e,46.0,False,179.6,179.6,179.6,179.6,179.6,Guest 2156,0
2157_01,Europa,False,A54,55 Cancri e,53.0,True,318.3,318.3,318.3,318.3,318.3,Guest 2157,0
2158_01,Mars,False,E385,55 Cancri e,21.0,False,21.9,21.9,21.9,21.9,21.9,Guest 2158,0
2159_01,Mars,False,A793,PSO J318.5-22,37.0,False,866.3,866.3,866.3,866.3,866.3,Guest 2159,0
2160_01,Europa,True,G221,PSO J318.5-22,27.0,True,1414.6,1414.6,1414.6,1414.6,1414.6,Guest 2160,0
2161_01,Europa,False,C484,55 Cancri e,42.0,False,2159.5,2159.5,2159.5,2159.5,2159.5,Guest 2161,0
2162_01,Europa,True,A325,55 Cancri e,32.0,True,710.9,710.9,710.9,710.9,710.9,Guest 2162,0
2163_01,Earth,True,B162,PSO J318.5-22,41.0,False,34.5,34.5,34.5,34.5,34.5,Guest 2163,0
2164_01,Earth,True,F568,TRAPPIST-1e,22.0,True,573.2,573.2,573.2,573.2,573.2,Guest 2164,1
2165_01,Earth,True,D363,55 Cancri e,32.0,True,471.6,471.6,471.6,471.6,471.6,Guest 2165,0
2166_01,Europa,False,G820,55 Cancri e,24.0,True,711.4,711.4,711.4,711.4,711.4,Guest 2166,0
2167_01,Mars,True,A88,55 Cancri e,27.0,True,30.5,30.5,30.5,30.5,30.5,Guest 2167,0
2168_01,Mars,False,B897,PSO J318.5-22,25.0,False,192.0,192.0,192.0,192.0,192.0,Guest 2168,0
2169_01,Mars,False,F377,PSO J318.5-22,18.0,False,818.8,818.8,818.8,818.8,818.8,Guest 2169,0
2170_01,Earth,True,D729,PSO J318.5-22,43.0,False,1504.3,1504.3,1504.3,1504.3,1504.3,Guest 2170,0
2171_01,Europa,True,B217,PSO J318.5-22,34.0,False,333.5,333.5,333.5,333.5,333.5,Guest 2171,0
2172_01,Mars,False,F82,PSO J318.5-22,43.0,True,23.0,23.0,23.0,23.0,23.0,Guest 2172,0
2173_01,Earth,True,G49,PSO J318.5-22,19.0,False,1313.1,1313.1,1313.1,1313.1,1313.1,Guest 2173,1
2174_01,Earth,True,D264,55 Cancri e,7.0,False,1153.0,1153.0,1153.0,1153.0,1153.0,Guest 2174,0
2175_01,Earth,True,D217,TRAPPIST-1e,23.0,True,444.3,444.3,444.3,444.3,444.3,Guest 2175,0
2176_01,Mars,False,B632,55 Cancri e,28.0,True,795.8,795.8,795.8,795.8,795.8,Guest 2176,0
2177_01,Europa,True,E617,PSO J318.5-22,40.0,False,2087.7,2087.7,2087.7,2087.7,2087.7,Guest 2177,0
2178_01,Earth,True,A902,TRAPPIST-1e,43.0,False,386.2,386.2,386.2,386.2,386.2,Guest 2178,1
2179_01,Mars,False,G617,TRAPPIST-1e,45.0,True,503.6,503.6,503.6,503.6,503.6,Guest 2179,0
2180_01,Mars,False,B558,55 Cancri e,48.0,False,72.3,72.3,72.3,72.3,72.3,Guest 2180,0
2181_01,Mars,False,E263,55 Cancri e,39.0,False,96.9,96.9,96.9,96.9,96.9,Guest 2181,0
2182_01,Earth,False,D33,TRAPPIST-1e,32.0,True,261.3,261.3,261.3,261.3,261.3,Guest 2182,0
2183_01,Europa,True,A618,55 Cancri e,21.0,False,61.3,61.3,61.3,61.3,61.3,Guest 2183,0
2184_01,Mars,False,D167,TRAPPIST-1e,38.0,False,1020.5,1020.5,1020.5,1020.5,1020.5,Guest 2184,0
2185_01,Earth,False,G996,TRAPPIST-1e,24.0,True,211.2,211.2,211.2,211.2,211.2,Guest 2185,0
2186_01,Europa,True,G680,TRAPPIST-1e,21.0,False,1298.1,1298.1,1298.1,1298.1,1298.1,Guest 2186,0
2187_01,Mars,False,D33,PSO J318.5-22,37.0,True,422.2,422.2,422.2,422.2,422.2,Guest 2187,0
2188_01,Europa,True,F436,TRAPPIST-1e,33.0,False,45.6,45.6,45.6,45.6,45.6,Guest 2188,0
2189_01,Europa,True,B93,55 Cancri e,40.0,True,165.8,165.8,165.8,165.8,165.8,Guest 2189,1
2190_01,Earth,False,C0,55 Cancri e,22.0,True,1108.3,1108.3,1108.3,1108.3,1108.3,Guest 2190,0
2191_01,Europa,True,D395,PSO J318.5-22,44.0,True,490.5,490.5,490.5,490.5,490.5,Guest 2191,0
2192_01,Mars,False,B926,PSO J318.5-22,35.0,False,73.7,73.7,73.7,73.7,73.7,Guest 2192,0
2193_01,Mars,False,F130,TRAPPIST-1e,28.0,True,12.7,12.7,12.7,12.7,12.7,Guest 2193,0
2194_01,Earth,True,F989,PSO J318.5-22,21.0,True,34.3,34.3,34.3,34.3,34.3,Guest 2194,0
2195_01,Europa,True,G447,TRAPPIST-1e,18.0,False,398.7,398.7,398.7,398.7,398.7,Guest 2195,0
2196_01,Mars,True,G303,55 Cancri e,14.0,False,1472.6,1472.6,1472.6,1472.6,1472.6,Guest 2196,0
2197_01,Earth,True,E930,TRAPPIST-1e,47.0,True,2135.3,2135.3,2135.3,2135.3,2135.3,Guest 2197,0
2198_01,Europa,True,B313,55 Cancri e,14.0,False,139.4,139.4,139.4,139.4,139.4,Guest 2198,0
2199_01,Mars,False,A151,55 Cancri e,38.0,False,1579.8,1579.8,1579.8,1579.8,1579.8,Guest 2199,0
2200_01,Earth,False,E915,PSO J318.5-22,27.0,False,446.8,446.8,446.8,446.8,446.8,Guest 2200,0
2201_01,Mars,True,C921,PSO J318.5-22,24.0,True,73.7,73.7,73.7,73.7,73.7,Guest 2201,0
2202_01,Europa,True,D779,PSO J318.5-22,25.0,True,293.3,293.3,293.3,293.3,293.3,Guest 2202,0
2203_01,Europa,True,F767,PSO J318.5-22,29.0,True,908.9,908.9,908.9,908.9,908.9,Guest 2203,0
2204_01,Mars,True,C463,55 Cancri e,41.0,False,623.1,623.1,623.1,623.1,623.1,Guest 2204,0
2205_01,Earth,False,B850,55 Cancri e,37.0,False,153.8,153.8,153.8,153.8,153.8,Guest 2205,0
2206_01,Earth,True,D406,TRAPPIST-1e,30.0,False,1800.5,1800.5,1800.5,1800.5,1800.5,Guest 2206,1
2207_01,Earth,True,F479,55 Cancri e,14.0,False,260.5,260.5,260.5,260.5,260.5,Guest 2207,0
2208_01,Europa,False,F159,55 Cancri e,9.0,False,2434.4,2434.4,2434.4,2434.4,2434.4,Guest 2208,0
2209_01,Europa,False,E531,TRAPPIST-1e,52.0,False,317.1,317.1,317.1,317.1,317.1,Guest 2209,0
2210_01,Earth,True,E714,TRAPPIST-1e,18.0,False,3786.9,3786.9,3786.9,3786.9,3786.9,Guest 2210,1
2211_01,Earth,True,C260,TRAPPIST-1e,12.0,False,52.3,52.3,52.3,52.3,52.3,Guest 2211,0
2212_01,Europa,False,F136,TRAPPIST-1e,44.0,False,34.9,34.9,34.9,34.9,34.9,Guest 2212,0
2213_01,Europa,True,E75,TRAPPIST-1e,13.0,False,722.3,722.3,722.3,722.3,722.3,Guest 2213,0
2214_01,Earth,False,D472,55 Cancri e,39.0,True,704.5,704.5,704.5,704.5,704.5,Guest 2214,0
2215_01,Earth,False,C107,55 Cancri e,41.0,True,913.0,913.0,913.0,913.0,913.0,Guest 2215,0
2216_01,Earth,True,F421,TRAPPIST-1e,33.0,True,520.7,520.7,520.7,520.7,520.7,Guest 2216,0
2217_01,Mars,True,C609,55 Cancri e,42.0,False,2913.5,2913.5,2913.5,2913.5,2913.5,Guest 2217,0
2218_01,Europa,False,D59,PSO J318.5-22,14.0,False,845.3,845.3,845.3,845.3,845.3,Guest 2218,0
2219_01,Mars,False,A790,PSO J318.5-22,16.0,False,2272.5,2272.5,2272.5,2272.5,2272.5,Guest 2219,0
2220_01,Mars,True,D94,PSO J318.5-22,28.0,True,637.8,637.8,637.8,637.8,637.8,Guest 2220,0
2221_01,Earth,True,D119,PSO J318.5-22,30.0,False,1168.0,1168.0,1168.0,1168.0,1168.0,Guest 2221,1
2222_01,Earth,False,C654,TRAPPIST-1e,29.0,True,128.9,128.9,128.9,128.9,128.9,Guest 2222,0
2223_01,Europa,False,G941,55 Cancri e,36.0,True,680.4,680.4,680.4,680.4,680.4,Guest 2223,0
2224_01,Mars,True,G115,PSO J318.5-22,22.0,True,104.6,104.6,104.6,104.6,104.6,Guest 2224,0
2225_01,Earth,True,C700,PSO J318.5-22,5.0,False,143.6,143.6,143.6,143.6,143.6,Guest 2225,1
2226_01,Earth,True,B470,PSO J318.5-22,35.0,True,896.8,896.8,896.8,896.8,896.8,Guest 2226,0
2227_01,Europa,True,A203,55 Cancri e,28.0,True,1307.5,1307.5,1307.5,1307.5,1307.5,Guest 2227,0
2228_01,Mars,False,B568,TRAPPIST-1e,40.0,True,251.5,251.5,251.5,251.5,251.5,Guest 2228,0
2229_01,Europa,False,D429,TRAPPIST-1e,55.0,False,269.6,269.6,269.6,269.6,269.6,Guest 2229,0
2230_01,Europa,True,A381,PSO J318.5-22,31.0,True,557.3,557.3,557.3,557.3,557.3,Guest 2230,0
2231_01,Earth,True,C867,55 Cancri e,37.0,False,984.8,984.8,984.8,984.8,984.8,Guest 2231,0
2232_01,Europa,True,E559,PSO J318.5-22,20.0,False,375.3,375.3,375.3,375.3,375.3,Guest 2232,0
2233_01,Mars,True,F808,TRAPPIST-1e,41.0,True,11.2,11.2,11.2,11.2,11.2,Guest 2233,0
2234_01,Earth,False,D42,TRAPPIST-1e,34.0,True,856.4,856.4,856.4,856.4,856.4,Guest 2234,0
2235_01,Europa,False,D943,PSO J318.5-22,33.0,True,804.5,804.5,804.5,804.5,804.5,Guest 2235,0
2236_01,Mars,True,C226,55 Cancri e,41.0,True,219.7,219.7,219.7,219.7,219.7,Guest 2236,0
2237_01,Earth,True,F512,55 Cancri e,17.0,True,163.2,163.2,163.2,163.2,163.2,Guest 2237,1
2238_01,Europa,True,A66,PSO J318.5-22,37.0,False,649.2,649.2,649.2,649.2,649.2,Guest 2238,0
2239_01,Earth,True,D210,PSO J318.5-22,36.0,True,1044.3,1044.3,1044.3,1044.3,1044.3,Guest 2239,1
2240_01,Mars,False,B478,TRAPPIST-1e,49.0,False,231.1,231.1,231.1,231.1,231.1,Guest 2240,0
2241_01,Earth,True,C750,55 Cancri e,9.0,False,355.3,355.3,355.3,355.3,355.3,Guest 2241,0
2242_01,Europa,False,F772,55 Cancri e,29.0,False,356.2,356.2,356.2,356.2,356.2,Guest 2242,0
2243_01,Europa,False,C470,TRAPPIST-1e,56.0,True,588.7,588.7,588.7,588.7,588.7,Guest 2243,0
2244_01,Earth,True,C247,PSO J318.5-22,25.0,True,248.0,248.0,248.0,248.0,248.0,Guest 2244,0
2245_01,Earth,True,C606,TRAPPIST-1e,25.0,True,2592.3,2592.3,2592.3,2592.3,2592.3,Guest 2245,0
2246_01,Europa,True,F370,TRAPPIST-1e,51.0,False,438.6,438.6,438.6,438.6,438.6,Guest 2246,0
2247_01,Earth,True,D163,55 Cancri e,60.0,True,1947.2,1947.2,1947.2,1947.2,1947.2,Guest 2247,0
2248_01,Mars,False,C761,TRAPPIST-1e,32.0,True,1205.9,1205.9,1205.9,1205.9,1205.9,Guest 2248,0
2249_01,Mars,False,G787,55 Cancri e,22.0,False,649.8,649.8,649.8,649.8,649.8,Guest 2249,0
2250_01,Europa,True,A170,TRAPPIST-1e,23.0,True,206.8,206.8,206.8,206.8,206.8,Guest 2250,0
2251_01,Europa,False,B38,TRAPPIST-1e,26.0,False,766.9,766.9,766.9,766.9,766.9,Guest 2251,0
2252_01,Europa,False,G741,TRAPPIST-1e,20.0,True,1052.4,1052.4,1052.4,1052.4,1052.4,Guest 2252,0
2253_01,Earth,False,D805,PSO J318.5-22,21.0,False,2345.7,2345.7,2345.7,2345.7,2345.7,Guest 2253,0
2254_01,Europa,False,F71,TRAPPIST-1e,32.0,False,112.7,112.7,112.7,112.7,112.7,Guest 2254,0
2255_01,Mars,True,E394,TRAPPIST-1e,31.0,True,1343.8,1343.8,1343.8,1343.8,1343.8,Guest 2255,0
2256_01,Earth,False,F693,TRAPPIST-1e,36.0,False,281.8,281.8,281.8,281.8,281.8,Guest 2256,0
2257_01,Earth,True,B333,TRAPPIST-1e,31.0,False,261.5,261.5,261.5,261.5,261.5,Guest 2257,0
2258_01,Europa,False,C788,TRAPPIST-1e,16.0,False,161.4,161.4,161.4,161.4,161.4,Guest 2258,0
2259_01,Europa,True,G40,PSO J318.5-22,39.0,True,1040.4,1040.4,1040.4,1040.4,1040.4,Guest 2259,0
2260_01,Earth,True,C561,55 Cancri e,33.0,False,119.9,119.9,119.9,119.9,119.9,Guest 2260,0
2261_01,Earth,True,F214,TRAPPIST-1e,23.0,False,172.6,172.6,172.6,172.6,172.6,Guest 2261,1
2262_01,Earth,True,D713,TRAPPIST-1e,27.0,True,116.6,116.6,116.6,116.6,116.6,Guest 2262,0
2263_01,Europa,False,D16,PSO J318.5-22,34.0,True,3691.2,3691.2,3691.2,3691.2,3691.2,Guest 2263,0
2264_01,Earth,False,A705,TRAPPIST-1e,31.0,False,2925.0,2925.0,2925.0,2925.0,2925.0,Guest 2264,0
2265_01,Mars,False,D456,PSO J318.5-22,29.0,True,357.6,357.6,357.6,357.6,357.6,Guest 2265,0
2266_01,Mars,False,D696,TRAPPIST-1e,39.0,True,1254.8,1254.8,1254.8,1254.8,1254.8,Guest 2266,0
2267_01,Mars,True,D114,55 Cancri e,43.0,False,371.2,371.2,371.2,371.2,371.2,Guest 2267,0
2268_01,Mars,True,A833,TRAPPIST-1e,27.0,False,2155.3,2155.3,2155.3,2155.3,2155.3,Guest 2268,0
2269_01,Earth,False,A655,PSO J318.5-22,30.0,False,1906.6,1906.6,1906.6,1906.6,1906.6,Guest 2269,0
2270_01,Europa,False,A35,TRAPPIST-1e,17.0,False,1004.3,1004.3,1004.3,1004.3,1004.3,Guest 2270,0
2271_01,Europa,True,A869,PSO J318.5-22,28.0,False,1869.3,1869.3,1869.3,1869.3,1869.3,Guest 2271,0
2272_01,Earth,False,B167,PSO J318.5-22,36.0,True,2061.2,2061.2,2061.2,2061.2,2061.2,Guest 2272,0
2273_01,Mars,True,D383,55 Cancri e,40.0,False,162.0,162.0,162.0,162.0,162.0,Guest 2273,0
2274_01,Earth,False,A351,55 Cancri e,32.0,False,519.4,519.4,519.4,519.4,519.4,Guest 2274,0
2275_01,Mars,False,C772,TRAPPIST-1e,29.0,False,1178.2,1178.2,1178.2,1178.2,1178.2,Guest 2275,0
2276_01,Mars,True,B757,55 Cancri e,22.0,True,942.1,942.1,942.1,942.1,942.1,Guest 2276,0
2277_01,Europa,True,C84,55 Cancri e,33.0,True,776.0,776.0,776.0,776.0,776.0,Guest 2277,0
2278_01,Europa,True,E852,PSO J318.5-22,17.0,True,528.1,528.1,528.1,528.1,528.1,Guest 2278,0
2279_01,Earth,True,D159,55 Cancri e,32.0,True,963.1,963.1,963.1,963.1,963.1,Guest 2279,0
2280_01,Mars,True,E716,55 Cancri e,30.0,True,1326.3,1326.3,1326.3,1326.3,1326.3,Guest 2280,0
2281_01,Mars,True,A124,PSO J318.5-22,20.0,False,1345.1,1345.1,1345.1,1345.1,1345.1,Guest 2281,0
2282_01,Mars,True,B409,55 Cancri e,34.0,False,1625.9,1625.9,1625.9,1625.9,1625.9,Guest 2282,0
2283_01,Europa,True,E109,PSO J318.5-22,28.0,False,157.8,157.8,157.8,157.8,157.8,Guest 2283,0
2284_01,Europa,True,F668,PSO J318.5-22,37.0,False,1064.6,1064.6,1064.6,1064.6,1064.6,Guest 2284,0
2285_01,Earth,False,B400,TRAPPIST-1e,25.0,False,534.7,534.7,534.7,534.7,534.7,Guest 2285,0
2286_01,Mars,False,A562,55 Cancri e,36.0,True,1491.5,1491.5,1491.5,1491.5,1491.5,Guest 2286,0
2287_01,Europa,True,F998,TRAPPIST-1e,49.0,False,111.3,111.3,111.3,111.3,111.3,Guest 2287,0
2288_01,Earth,True,F824,PSO J318.5-22,32.0,False,67.4,67.4,67.4,67.4,67.4,Guest 2288,0
2289_01,Europa,True,A200,TRAPPIST-1e,40.0,False,192.5,192.5,192.5,192.5,192.5,Guest 2289,0
2290_01,Earth,True,D433,55 Cancri e,23.0,False,82.2,82.2,82.2,82.2,82.2,Guest 2290,0
2291_01,Earth,True,G568,PSO J318.5-22,26.0,True,60.0,60.0,60.0,60.0,60.0,Guest 2291,0
2292_01,Mars,False,C336,PSO J318.5-22,8.0,False,521.2,521.2,521.2,521.2,521.2,Guest 2292,0
2293_01,Mars,True,G60,PSO J318.5-22,28.0,False,596.9,596.9,596.9,596.9,596.9,Guest 2293,0
2294_01,Europa,True,A348,55 Cancri e,17.0,False,547.7,547.7,547.7,547.7,547.7,Guest 2294,0
2295_01,Europa,True,B278,TRAPPIST-1e,32.0,False,388.4,388.4,388.4,388.4,388.4,Guest 2295,0
2296_01,Mars,False,E198,55 Cancri e,6.0,True,450.2,450.2,450.2,450.2,450.2,Guest 2296,0
2297_01,Mars,False,E160,55 Cancri e,20.0,True,98.5,98.5,98.5,98.5,98.5,Guest 2297,0
2298_01,Earth,False,E107,TRAPPIST-1e,31.0,True,444.7,444.7,444.7,444.7,444.7,Guest 2298,0
2299_01,Earth,False,F843,55 Cancri e,35.0,True,1618.7,1618.7,1618.7,1618.7,1618.7,Guest 2299,0
2300_01,Mars,False,F454,55 Cancri e,11.0,False,471.4,471.4,471.4,471.4,471.4,Guest 2300,0
2301_01,Mars,False,F728,PSO J318.5-22,25.0,True,820.7,820.7,820.7,820.7,820.7,Guest 2301,0
2302_01,Mars,True,F777,TRAPPIST-1e,60.0,False,15.9,15.9,15.9,15.9,15.9,Guest 2302,0
2303_01,Mars,True,B853,TRAPPIST-1e,39.0,False,660.8,660.8,660.8,660.8,660.8,Guest 2303,0
2304_01,Mars,False,B587,PSO J318.5-22,32.0,False,654.8,654.8,654.8,654.8,654.8,Guest 2304,0
2305_01,Mars,True,A844,PSO J318.5-22,1.0,False,235.1,235.1,235.1,235.1,235.1,Guest 2305,0
2306_01,Mars,True,C136,PSO J318.5-22,19.0,True,486.7,486.7,486.7,486.7,486.7,Guest 2306,0
2307_01,Earth,False,G188,TRAPPIST-1e,36.0,True,146.0,146.0,146.0,146.0,146.0,Guest 2307,0
2308_01,Europa,True,E646,55 Cancri e,33.0,True,748.7,748.7,748.7,748.7,748.7,Guest 2308,0
2309_01,Mars,True,B375,TRAPPIST-1e,36.0,False,78.7,78.7,78.7,78.7,78.7,Guest 2309,0
2310_01,Mars,False,D191,TRAPPIST-1e,41.0,True,146.7,146.7,146.7,146.7,146.7,Guest 2310,0
2311_01,Mars,True,E371,TRAPPIST-1e,31.0,False,274.1,274.1,274.1,274.1,274.1,Guest 2311,0
2312_01,Mars,True,D395,55 Cancri e,40.0,False,316.6,316.6,316.6,316.6,316.6,Guest 2312,0
2313_01,Earth,False,C889,TRAPPIST-1e,9.0,True,1881.1,1881.1,1881.1,1881.1,1881.1,Guest 2313,0
2314_01,Mars,True,G431,PSO J318.5-22,60.0,False,406.4,406.4,406.4,406.4,406.4,Guest 2314,0
2315_01,Europa,True,A893,55 Cancri e,27.0,False,1643.5,1643.5,1643.5,1643.5,1643.5,Guest 2315,0
2316_01,Europa,False,A204,TRAPPIST-1e,23.0,False,2780.6,2780.6,2780.6,2780.6,2780.6,Guest 2316,0
2317_01,Earth,False,G870,55 Cancri e,48.0,False,1094.6,1094.6,1094.6,1094.6,1094.6,Guest 2317,0
2318_01,Europa,True,G824,TRAPPIST-1e,37.0,True,48.7,48.7,48.7,48.7,48.7,Guest 2318,0
2319_01,Europa,True,F178,TRAPPIST-1e,42.0,True,39.2,39.2,39.2,39.2,39.2,Guest 2319,0
2320_01,Mars,True,E767,PSO J318.5-22,23.0,False,2587.7,2587.7,2587.7,2587.7,2587.7,Guest 2320,0
2321_01,Europa,False,G794,PSO J318.5-22,33.0,True,177.1,177.1,177.1,177.1,177.1,Guest 2321,0
2322_01,Europa,False,B789,TRAPPIST-1e,39.0,True,1062.0,1062.0,1062.0,1062.0,1062.0,Guest 2322,0
2323_01,Earth,True,D898,PSO J318.5-22,17.0,True,250.4,250.4,250.4,250.4,250.4,Guest 2323,0
2324_01,Mars,True,D454,55 Cancri e,28.0,False,1430.2,1430.2,1430.2,1430.2,1430.2,Guest 2324,0
2325_01,Earth,False,D491,TRAPPIST-1e,27.0,False,236.9,236.9,236.9,236.9,236.9,Guest 2325,0
2326_01,Europa,True,D252,TRAPPIST-1e,27.0,True,825.0,825.0,825.0,825.0,825.0,Guest 2326,0
2327_01,Mars,True,G498,PSO J318.5-22,22.0,False,92.3,92.3,92.3,92.3,92.3,Guest 2327,0
2328_01,Earth,False,E924,TRAPPIST-1e,15.0,True,389.7,389.7,389.7,389.7,389.7,Guest 2328,0
2329_01,Earth,False,A629,55 Cancri e,35.0,True,459.6,459.6,459.6,459.6,459.6,Guest 2329,0
2330_01,Earth,True,B806,TRAPPIST-1e,33.0,True,1958.2,1958.2,1958.2,1958.2,1958.2,Guest 2330,0
2331_01,Earth,False,F868,TRAPPIST-1e,44.0,False,685.9,685.9,685.9,685.9,685.9,Guest 2331,0
2332_01,Europa,True,B610,TRAPPIST-1e,29.0,True,27.5,27.5,27.5,27.5,27.5,Guest 2332,0
2333_01,Europa,True,F552,TRAPPIST-1e,22.0,False,879.4,879.4,879.4,879.4,879.4,Guest 2333,0
2334_01,Earth,False,A211,55 Cancri e,13.0,True,122.1,122.1,122.1,122.1,122.1,Guest 2334,0
2335_01,Mars,True,D582,55 Cancri e,31.0,True,737.5,737.5,737.5,737.5,737.5,Guest 2335,0
2336_01,Europa,True,G619,55 Cancri e,26.0,False,680.3,680.3,680.3,680.3,680.3,Guest 2336,0
2337_01,Earth,True,E49,TRAPPIST-1e,54.0,True,457.1,457.1,457.1,457.1,457.1,Guest 2337,0
2338_01,Mars,False,D4,55 Cancri e,57.0,False,273.4,273.4,273.4,273.4,273.4,Guest 2338,0
2339_01,Mars,False,G975,PSO J318.5-22,49.0,True,1034.3,1034.3,1034.3,1034.3,1034.3,Guest 2339,0
2340_01,Mars,False,D52,TRAPPIST-1e,20.0,True,64.8,64.8,64.8,64.8,64.8,Guest 2340,0
2341_01,Europa,True,G808,PSO J318.5-22,14.0,True,104.8,104.8,104.8,104.8,104.8,Guest 2341,0
2342_01,Earth,False,F624,55 Cancri e,27.0,False,997.9,997.9,997.9,997.9,997.9,Guest 2342,0
2343_01,Earth,False,D834,PSO J318.5-22,20.0,True,1322.1,1322.1,1322.1,1322.1,1322.1,Guest 2343,0
2344_01,Europa,True,G544,PSO J318.5-22,47.0,True,409.3,409.3,409.3,409.3,409.3,Guest 2344,0
2345_01,Earth,True,E554,55 Cancri e,31.0,False,1101.1,1101.1,1101.1,1101.1,1101.1,Guest 2345,1
2346_01,Earth,True,D221,TRAPPIST-1e,25.0,True,1439.3,1439.3,1439.3,1439.3,1439.3,Guest 2346,0
2347_01,Mars,False,A593,55 Cancri e,30.0,True,79.6,79.6,79.6,79.6,79.6,Guest 2347,0
2348_01,Europa,False,C892,55 Cancri e,45.0,False,2219.6,2219.6,2219.6,2219.6,2219.6,Guest 2348,0
2349_01,Europa,False,C228,TRAPPIST-1e,19.0,True,364.9,364.9,364.9,364.9,364.9,Guest 2349,0
2350_01,Europa,False,B925,TRAPPIST-1e,36.0,False,289.7,289.7,289.7,289.7,289.7,Guest 2350,0
2351_01,Earth,False,E251,TRAPPIST-1e,15.0,False,429.3,429.3,429.3,429.3,429.3,Guest 2351,0
2352_01,Earth,True,D642,TRAPPIST-1e,28.0,False,1488.1,1488.1,1488.1,1488.1,1488.1,Guest 2352,0
2353_01,Earth,True,G915,PSO J318.5-22,22.0,True,246.4,246.4,246.4,246.4,246.4,Guest 2353,1
2354_01,Earth,True,D822,55 Cancri e,34.0,True,377.1,377.1,377.1,377.1,377.1,Guest 2354,0
2355_01,Earth,False,C310,55 Cancri e,32.0,True,84.2,84.2,84.2,84.2,84.2,Guest 2355,0
2356_01,Europa,True,B562,PSO J318.5-22,44.0,False,827.8,827.8,827.8,827.8,827.8,Guest 2356,0
2357_01,Europa,False,C793,55 Cancri e,38.0,True,207.8,207.8,207.8,207.8,207.8,Guest 2357,0
2358_01,Mars,True,D980,55 Cancri e,23.0,True,212.3,212.3,212.3,212.3,212.3,Guest 2358,0
2359_01,Mars,True,B738,TRAPPIST-1e,15.0,False,392.0,392.0,392.0,392.0,392.0,Guest 2359,0
2360_01,Earth,True,A922,PSO J318.5-22,21.0,True,321.0,321.0,321.0,321.0,321.0,Guest 2360,0
2361_01,Mars,False,C517,55 Cancri e,25.0,False,156.0,156.0,156.0,156.0,156.0,Guest 2361,0
2362_01,Mars,False,F618,TRAPPIST-1e,27.0,False,397.0,397.0,397.0,397.0,397.0,Guest 2362,0
2363_01,Europa,False,F253,PSO J318.5-22,21.0,False,23.2,23.2,23.2,23.2,23.2,Guest 2363,0
2364_01,Earth,False,D393,PSO J318.5-22,43.0,True,623.3,623.3,623.3,623.3,623.3,Guest 2364,0
2365_01,Europa,True,B352,PSO J318.5-22,41.0,False,137.7,137.7,137.7,137.7,137.7,Guest 2365,0
2366_01,Mars,True,A964,TRAPPIST-1e,27.0,True,155.4,155.4,155.4,155.4,155.4,Guest 2366,0
2367_01,Earth,True,D963,PSO J318.5-22,24.0,True,834.2,834.2,834.2,834.2,834.2,Guest 2367,0
2368_01,Mars,True,A937,TRAPPIST-1e,27.0,True,3713.7,3713.7,3713.7,3713.7,3713.7,Guest 2368,0
2369_01,Mars,True,C415,55 Cancri e,30.0,True,165.5,165.5,165.5,165.5,165.5,Guest 2369,0
2370_01,Europa,True,B957,TRAPPIST-1e,30.0,False,2403.3,2403.3,2403.3,2403.3,2403.3,Guest 2370,0
2371_01,Mars,False,F643,PSO J318.5-22,11.0,False,856.6,856.6,856.6,856.6,856.6,Guest 2371,0
2372_01,Europa,True,B202,PSO J318.5-22,25.0,False,162.4,162.4,162.4,162.4,162.4,Guest 2372,0
2373_01,Earth,False,A478,55 Cancri e,8.0,True,139.6,139.6,139.6,139.6,139.6,Guest 2373,0
2374_01,Earth,True,A107,TRAPPIST-1e,30.0,True,1453.2,1453.2,1453.2,1453.2,1453.2,Guest 2374,1
2375_01,Mars,True,F531,TRAPPIST-1e,38.0,False,2435.8,2435.8,2435.8,2435.8,2435.8,Guest 2375,0
2376_01,Mars,False,E951,PSO J318.5-22,18.0,True,1113.5,1113.5,1113.5,1113.5,1113.5,Guest 2376,0
2377_01,Europa,True,E416,55 Cancri e,32.0,True,833.0,833.0,833.0,833.0,833.0,Guest 2377,0
2378_01,Mars,True,D378,55 Cancri e,23.0,False,849.3,849.3,849.3,849.3,849.3,Guest 2378,0
2379_01,Europa,True,F75,TRAPPIST-1e,22.0,False,2078.7,2078.7,2078.7,2078.7,2078.7,Guest 2379,0
2380_01,Europa,True,D487,55 Cancri e,53.0,True,1200.5,1200.5,1200.5,1200.5,1200.5,Guest 2380,0
2381_01,Europa,True,G679,55 Cancri e,41.0,True,1146.1,1146.1,1146.1,1146.1,1146.1,Guest 2381,0
2382_01,Earth,False,B925,55 Cancri e,36.0,True,2486.9,2486.9,2486.9,2486.9,2486.9,Guest 2382,0
2383_01,Europa,True,F342,55 Cancri e,25.0,False,2028.5,2028.5,2028.5,2028.5,2028.5,Guest 2383,0
2384_01,Mars,False,F250,TRAPPIST-1e,35.0,False,1579.8,1579.8,1579.8,1579.8,1579.8,Guest 2384,0
2385_01,Mars,True,A936,TRAPPIST-1e,28.0,False,12.2,12.2,12.2,12.2,12.2,Guest 2385,0
2386_01,Europa,False,D102,55 Cancri e,35.0,True,215.9,215.9,215.9,215.9,215.9,Guest 2386,0
2387_01,Earth,True,F364,55 Cancri e,20.0,False,1623.5,1623.5,1623.5,1623.5,1623.5,Guest 2387,0
2388_01,Mars,False,F488,55 Cancri e,29.0,False,711.3,711.3,711.3,711.3,711.3,Guest 2388,0
2389_01,Europa,False,D946,TRAPPIST-1e,25.0,False,106.5,106.5,106.5,106.5,106.5,Guest 2389,0
2390_01,Earth,True,A602,PSO J318.5-22,13.0,True,713.6,713.6,713.6,713.6,713.6,Guest 2390,0
2391_01,Europa,True,E874,PSO J318.5-22,50.0,True,1170.1,1170.1,1170.1,1170.1,1170.1,Guest 2391,0
2392_01,Mars,True,A901,TRAPPIST-1e,40.0,True,120.6,120.6,120.6,120.6,120.6,Guest 2392,0
2393_01,Mars,True,B752,PSO J318.5-22,21.0,False,68.8,68.8,68.8,68.8,68.8,Guest 2393,0
2394_01,Earth,True,C791,TRAPPIST-1e,13.0,False,1283.0,1283.0,1283.0,1283.0,1283.0,Guest 2394,1
2395_01,Earth,True,E204,PSO J318.5-22,22.0,False,1872.2,1872.2,1872.2,1872.2,1872.2,Guest 2395,0
2396_01,Europa,False,G815,PSO J318.5-22,20.0,False,700.4,700.4,700.4,700.4,700.4,Guest 2396,0
2397_01,Earth,True,D800,55 Cancri e,23.0,False,674.9,674.9,674.9,674.9,674.9,Guest 2397,0
2398_01,Earth,False,E321,TRAPPIST-1e,12.0,True,247.3,247.3,247.3,247.3,247.3,Guest 2398,0
2399_01,Earth,False,B205,PSO J318.5-22,20.0,True,1217.0,1217.0,1217.0,1217.0,1217.0,Guest 2399,0
2400_01,Earth,True,G266,55 Cancri e,31.0,True,388.0,388.0,388.0,388.0,388.0,Guest 2400,1
2401_01,Europa,False,D846,TRAPPIST-1e,35.0,True,503.1,503.1,503.1,503.1,503.1,Guest 2401,0
2402_01,Earth,False,E699,PSO J318.5-22,7.0,False,368.1,368.1,368.1,368.1,368.1,Guest 2402,0
2403_01,Earth,True,G479,PSO J318.5-22,30.0,True,652.4,652.4,652.4,652.4,652.4,Guest 2403,1
2404_01,Europa,False,F87,55 Cancri e,18.0,True,452.9,452.9,452.9,452.9,452.9,Guest 2404,0
2405_01,Earth,True,B893,TRAPPIST-1e,18.0,False,1526.1,1526.1,1526.1,1526.1,1526.1,Guest 2405,0
2406_01,Earth,False,C11,55 Cancri e,26.0,True,1420.5,1420.5,1420.5,1420.5,1420.5,Guest 2406,0
2407_01,Europa,True,E208,TRAPPIST-1e,22.0,True,1941.0,1941.0,1941.0,1941.0,1941.0,Guest 2407,0
2408_01,Europa,True,E902,PSO J318.5-22,38.0,True,229.8,229.8,229.8,229.8,229.8,Guest 2408,0
2409_01,Mars,True,G520,PSO J318.5-22,38.0,False,202.3,202.3,202.3,202.3,202.3,Guest 2409,0
2410_01,Europa,True,D344,TRAPPIST-1e,26.0,True,1483.4,1483.4,1483.4,1483.4,1483.4,Guest 2410,0
2411_01,Europa,False,F509,PSO J318.5-22,22.0,False,1846.4,1846.4,1846.4,1846.4,1846.4,Guest 2411,0
2412_01,Europa,True,B629,TRAPPIST-1e,51.0,True,759.1,759.1,759.1,759.1,759.1,Guest 2412,0
2413_01,Earth,False,C686,55 Cancri e,52.0,False,2230.7,2230.7,2230.7,2230.7,2230.7,Guest 2413,0
2414_01,Earth,False,E545,55 Cancri e,35.0,False,322.0,322.0,322.0,322.0,322.0,Guest 2414,0
2415_01,Mars,True,G47,PSO J318.5-22,28.0,False,335.6,335.6,335.6,335.6,335.6,Guest 2415,0
2416_01,Earth,False,E159,TRAPPIST-1e,42.0,True,434.3,434.3,434.3,434.3,434.3,Guest 2416,0
2417_01,Earth,True,A262,TRAPPIST-1e,47.0,False,162.1,162.1,162.1,162.1,162.1,Guest 2417,1
2418_01,Mars,False,D465,TRAPPIST-1e,24.0,False,78.3,78.3,78.3,78.3,78.3,Guest 2418,0
2419_01,Europa,False,F576,PSO J318.5-22,51.0,True,42.4,42.4,42.4,42.4,42.4,Guest 2419,0
2420_01,Europa,False,G792,PSO J318.5-22,28.0,False,271.3,271.3,271.3,271.3,271.3,Guest 2420,0
2421_01,Mars,False,B209,55 Cancri e,43.0,True,276.2,276.2,276.2,276.2,276.2,Guest 2421,0
2422_01,Europa,False,G111,55 Cancri e,24.0,True,41.9,41.9,41.9,41.9,41.9,Guest 2422,0
2423_01,Mars,True,A832,55 Cancri e,31.0,True,58.9,58.9,58.9,58.9,58.9,Guest 2423,0
2424_01,Earth,True,G595,55 Cancri e,25.0,True,1118.9,1118.9,1118.9,1118.9,1118.9,Guest 2424,0
2425_01,Mars,True,F378,PSO J318.5-22,30.0,False,266.2,266.2,266.2,266.2,266.2,Guest 2425,0
2426_01,Europa,False,A72,55 Cancri e,42.0,False,953.3,953.3,953.3,953.3,953.3,Guest 2426,0
2427_01,Europa,True,F192,55 Cancri e,19.0,False,814.8,814.8,814.8,814.8,814.8,Guest 2427,0
2428_01,Europa,True,B799,55 Cancri e,27.0,False,4.0,4.0,4.0,4.0,4.0,Guest 2428,0
2429_01,Mars,True,G521,TRAPPIST-1e,36.0,True,524.6,524.6,524.6,524.6,524.6,Guest 2429,0
2430_01,Europa,False,G19,PSO J318.5-22,25.0,True,531.3,531.3,531.3,531.3,531.3,Guest 2430,0
2431_01,Mars,True,G496,55 Cancri e,54.0,True,752.8,752.8,752.8,752.8,752.8,Guest 2431,0
2432_01,Europa,True,D437,TRAPPIST-1e,13.0,True,268.8,268.8,268.8,268.8,268.8,Guest 2432,0
2433_01,Mars,True,E760,PSO J318.5-22,60.0,True,321.1,321.1,321.1,321.1,321.1,Guest 2433,0
2434_01,Europa,False,G94,PSO J318.5-22,22.0,False,257.1,257.1,257.1,257.1,257.1,Guest 2434,0
2435_01,Europa,True,G396,55 Cancri e,42.0,False,383.5,383.5,383.5,383.5,383.5,Guest 2435,0
2436_01,Europa,False,F916,TRAPPIST-1e,49.0,False,1692.4,1692.4,1692.4,1692.4,1692.4,Guest 2436,0
2437_01,Europa,True,F726,PSO J318.5-22,36.0,True,774.1,774.1,774.1,774.1,774.1,Guest 2437,0
2438_01,Mars,True,F651,55 Cancri e,13.0,False,3702.3,3702.3,3702.3,3702.3,3702.3,Guest 2438,0
2439_01,Europa,True,B402,PSO J318.5-22,26.0,True,990.7,990.7,990.7,990.7,990.7,Guest 2439,0
2440_01,Earth,False,D250,TRAPPIST-1e,31.0,False,1377.9,1377.9,1377.9,1377.9,1377.9,Guest 2440,0
2441_01,Mars,True,A92,PSO J318.5-22,37.0,True,12.6,12.6,12.6,12.6,12.6,Guest 2441,0
2442_01,Europa,False,C303,TRAPPIST-1e,42.0,True,659.0,659.0,659.0,659.0,659.0,Guest 2442,0
2443_01,Mars,False,G363,PSO J318.5-22,43.0,False,2532.9,2532.9,2532.9,2532.9,2532.9,Guest 2443,0
2444_01,Earth,True,A438,55 Cancri e,47.0,True,88.6,88.6,88.6,88.6,88.6,Guest 2444,1
2445_01,Europa,False,B840,PSO J318.5-22,19.0,False,593.6,593.6,593.6,593.6,593.6,Guest 2445,0
2446_01,Mars,False,A430,TRAPPIST-1e,42.0,False,1844.7,1844.7,1844.7,1844.7,1844.7,Guest 2446,0
2447_01,Europa,True,C645,55 Cancri e,9.0,False,1113.4,1113.4,1113.4,1113.4,1113.4,Guest 2447,0
2448_01,Europa,True,G166,PSO J318.5-22,32.0,True,2.6,2.6,2.6,2.6,2.6,Guest 2448,0
2449_01,Earth,True,G367,PSO J318.5-22,17.0,True,67.6,67.6,67.6,67.6,67.6,Guest 2449,0
2450_01,Mars,False,C931,TRAPPIST-1e,9.0,True,491.2,491.2,491.2,491.2,491.2,Guest 2450,0
2451_01,Earth,False,D174,PSO J318.5-22,41.0,True,14.2,14.2,14.2,14.2,14.2,Guest 2451,0
2452_01,Mars,False,F110,55 Cancri e,30.0,False,2503.5,2503.5,2503.5,2503.5,2503.5,Guest 2452,0
2453_01,Europa,True,E74,55 Cancri e,42.0,False,1000.4,1000.4,1000.4,1000.4,1000.4,Guest 2453,0
2454_01,Europa,False,E3,TRAPPIST-1e,11.0,False,117.7,117.7,117.7,117.7,117.7,Guest 2454,0
2455_01,Europa,True,E147,TRAPPIST-1e,16.0,True,260.5,260.5,260.5,260.5,260.5,Guest 2455,0
2456_01,Earth,True,A87,55 Cancri e,29.0,False,456.5,456.5,456.5,456.5,456.5,Guest 2456,1
2457_01,Mars,True,E168,55 Cancri e,22.0,False,1433.6,1433.6,1433.6,1433.6,1433.6,Guest 2457,0
2458_01,Europa,False,B409,55 Cancri e,31.0,False,459.3,459.3,459.3,459.3,459.3,Guest 2458,0
2459_01,Europa,True,A702,TRAPPIST-1e,23.0,False,368.3,368.3,368.3,368.3,368.3,Guest 2459,0
2460_01,Europa,False,A816,TRAPPIST-1e,26.0,True,1425.7,1425.7,1425.7,1425.7,1425.7,Guest 2460,0
2461_01,Earth,False,F572,PSO J318.5-22,16.0,True,616.9,616.9,616.9,616.9,616.9,Guest 2461,0
2462_01,Mars,True,F101,TRAPPIST-1e,45.0,False,1152.2,1152.2,1152.2,1152.2,1152.2,Guest 2462,0
2463_01,Europa,False,D822,PSO J318.5-22,26.0,True,703.2,703.2,703.2,703.2,703.2,Guest 2463,0
2464_01,Earth,True,F663,TRAPPIST-1e,16.0,True,2658.2,2658.2,2658.2,2658.2,2658.2,Guest 2464,0
2465_01,Europa,False,A829,TRAPPIST-1e,38.0,True,123.3,123.3,123.3,123.3,123.3,Guest 2465,0
2466_01,Earth,True,C756,TRAPPIST-1e,36.0,True,1610.9,1610.9,1610.9,1610.9,1610.9,Guest 2466,0
2467_01,Earth,True,A202,PSO J318.5-22,33.0,True,1029.4,1029.4,1029.4,1029.4,1029.4,Guest 2467,0
2468_01,Europa,True,E966,55 Cancri e,33.0,True,2599.6,2599.6,2599.6,2599.6,2599.6,Guest 2468,0
2469_01,Earth,False,E782,TRAPPIST-1e,25.0,False,402.2,402.2,402.2,402.2,402.2,Guest 2469,0
2470_01,Earth,True,B325,PSO J318.5-22,28.0,False,5444.1,5444.1,5444.1,5444.1,5444.1,Guest 2470,0
2471_01,Earth,True,E771,PSO J318.5-22,4.0,True,102.5,102.5,102.5,102.5,102.5,Guest 2471,0
2472_01,Earth,False,G422,55 Cancri e,11.0,False,317.5,317.5,317.5,317.5,317.5,Guest 2472,0
2473_01,Europa,False,F104,TRAPPIST-1e,15.0,False,644.1,644.1,644.1,644.1,644.1,Guest 2473,0
2474_01,Europa,False,D631,PSO J318.5-22,33.0,False,1071.7,1071.7,1071.7,1071.7,1071.7,Guest 2474,0
2475_01,Earth,False,A993,55 Cancri e,45.0,True,39.9,39.9,39.9,39.9,39.9,Guest 2475,0
2476_01,Mars,True,F664,PSO J318.5-22,28.0,True,3070.4,3070.4,3070.4,3070.4,3070.4,Guest 2476,0
2477_01,Mars,False,G917,PSO J318.5-22,27.0,True,901.0,901.0,901.0,901.0,901.0,Guest 2477,0
2478_01,Europa,False,F198,TRAPPIST-1e,43.0,False,335.0,335.0,335.0,335.0,335.0,Guest 2478,0
2479_01,Europa,False,F503,55 Cancri e,26.0,False,736.5,736.5,736.5,736.5,736.5,Guest 2479,0
2480_01,Europa,False,G301,TRAPPIST-1e,38.0,True,192.4,192.4,192.4,192.4,192.4,Guest 2480,0
2481_01,Earth,False,E942,55 Cancri e,35.0,True,684.5,684.5,684.5,684.5,684.5,Guest 2481,0
2482_01,Earth,False,G150,55 Cancri e,14.0,False,296.8,296.8,296.8,296.8,296.8,Guest 2482,0
2483_01,Europa,False,A26,PSO J318.5-22,34.0,True,125.4,125.4,125.4,125.4,125.4,Guest 2483,0
2484_01,Earth,False,C534,55 Cancri e,32.0,True,741.3,741.3,741.3,741.3,741.3,Guest 2484,0
2485_01,Mars,False,E416,TRAPPIST-1e,16.0,True,1633.0,1633.0,1633.0,1633.0,1633.0,Guest 2485,0
2486_01,Mars,True,G213,PSO J318.5-22,18.0,True,317.9,317.9,317.9,317.9,317.9,Guest 2486,0
2487_01,Mars,True,D924,55 Cancri e,15.0,True,606.4,606.4,606.4,606.4,606.4,Guest 2487,0
2488_01,Earth,False,D290,55 Cancri e,46.0,True,1438.0,1438.0,1438.0,1438.0,1438.0,Guest 2488,0
2489_01,Earth,False,B236,55 Cancri e,55.0,False,2456.6,2456.6,2456.6,2456.6,2456.6,Guest 2489,0
2490_01,Mars,True,C677,55 Cancri e,38.0,True,1121.7,1121.7,1121.7,1121.7,1121.7,Guest 2490,0
2491_01,Earth,True,D972,TRAPPIST-1e,49.0,True,1307.7,1307.7,1307.7,1307.7,1307.7,Guest 2491,0
2492_01,Europa,True,D418,TRAPPIST-1e,14.0,True,1360.5,1360.5,1360.5,1360.5,1360.5,Guest 2492,0
2493_01,Europa,True,B759,TRAPPIST-1e,47.0,True,516.4,516.4,516.4,516.4,516.4,Guest 2493,0
2494_01,Mars,False,C56,TRAPPIST-1e,54.0,True,102.2,102.2,102.2,102.2,102.2,Guest 2494,0
2495_01,Europa,True,F843,PSO J318.5-22,49.0,False,1945.6,1945.6,1945.6,1945.6,1945.6,Guest 2495,0
2496_01,Mars,False,F538,55 Cancri e,19.0,True,1502.9,1502.9,1502.9,1502.9,1502.9,Guest 2496,0
2497_01,Europa,False,A648,TRAPPIST-1e,43.0,False,939.2,939.2,939.2,939.2,939.2,Guest 2497,0
2498_01,Earth,False,A467,55 Cancri e,29.0,False,1003.7,1003.7,1003.7,1003.7,1003.7,Guest 2498,0
2499_01,Mars,False,D17,55 Cancri e,43.0,False,111.0,111.0,111.0,111.0,111.0,Guest 2499,0
2500_01,Earth,True,D387,55 Cancri e,22.0,False,105.9,105.9,105.9,105.9,105.9,Guest 2500,0
2501_01,Earth,False,D162,PSO J318.5-22,30.0,False,195.3,195.3,195.3,195.3,195.3,Guest 2501,0
2502_01,Europa,False,D180,PSO J318.5-22,23.0,False,150.7,150.7,150.7,150.7,150.7,Guest 2502,0
2503_01,Europa,True,E832,PSO J318.5-22,36.0,False,175.0,175.0,175.0,175.0,175.0,Guest 2503,0
2504_01,Earth,False,C347,TRAPPIST-1e,29.0,False,1281.5,1281.5,1281.5,1281.5,1281.5,Guest 2504,0
2505_01,Europa,True,D825,PSO J318.5-22,43.0,True,1464.6,1464.6,1464.6,1464.6,1464.6,Guest 2505,0
2506_01,Mars,False,E764,TRAPPIST-1e,40.0,True,1553.7,1553.7,1553.7,1553.7,1553.7,Guest 2506,0
2507_01,Mars,False,C696,TRAPPIST-1e,35.0,True,2269.1,2269.1,2269.1,2269.1,2269.1,Guest 2507,0
2508_01,Earth,True,E478,TRAPPIST-1e,30.0,True,866.1,866.1,866.1,866.1,866.1,Guest 2508,1
2509_01,Europa,True,F67,TRAPPIST-1e,26.0,True,914.4,914.4,914.4,914.4,914.4,Guest 2509,0
2510_01,Europa,True,A817,55 Cancri e,30.0,False,37.7,37.7,37.7,37.7,37.7,Guest 2510,0
2511_01,Europa,True,G28,TRAPPIST-1e,39.0,True,99.3,99.3,99.3,99.3,99.3,Guest 2511,0
2512_01,Earth,True,G382,TRAPPIST-1e,32.0,True,5382.6,5382.6,5382.6,5382.6,5382.6,Guest 2512,0
2513_01,Mars,False,B886,PSO J318.5-22,34.0,True,314.1,314.1,314.1,314.1,314.1,Guest 2513,0
2514_01,Mars,False,G754,55 Cancri e,30.0,True,2021.3,2021.3,2021.3,2021.3,2021.3,Guest 2514,0
2515_01,Mars,False,F581,TRAPPIST-1e,29.0,False,1916.8,1916.8,1916.8,1916.8,1916.8,Guest 2515,0
2516_01,Mars,True,C630,TRAPPIST-1e,22.0,False,843.2,843.2,843.2,843.2,843.2,Guest 2516,0
2517_01,Europa,False,C934,PSO J318.5-22,8.0,False,57.3,57.3,57.3,57.3,57.3,Guest 2517,0
2518_01,Europa,True,D772,55 Cancri e,37.0,True,1039.6,1039.6,1039.6,1039.6,1039.6,Guest 2518,0
2519_01,Earth,False,G542,PSO J318.5-22,37.0,False,1213.6,1213.6,1213.6,1213.6,1213.6,Guest 2519,0
2520_01,Europa,True,D371,PSO J318.5-22,18.0,False,211.2,211.2,211.2,211.2,211.2,Guest 2520,0
2521_01,Mars,True,B112,55 Cancri e,53.0,True,688.7,688.7,688.7,688.7,688.7,Guest 2521,0
2522_01,Europa,True,F831,55 Cancri e,16.0,False,424.3,424.3,424.3,424.3,424.3,Guest 2522,0
2523_01,Europa,False,F793,55 Cancri e,42.0,True,1112.7,1112.7,1112.7,1112.7,1112.7,Guest 2523,0
2524_01,Mars,True,G646,PSO J318.5-22,33.0,False,2863.8,2863.8,2863.8,2863.8,2863.8,Guest 2524,0
2525_01,Europa,True,F893,TRAPPIST-1e,34.0,False,981.3,981.3,981.3,981.3,981.3,Guest 2525,0
2526_01,Earth,True,D30,55 Cancri e,44.0,False,186.4,186.4,186.4,186.4,186.4,Guest 2526,0
2527_01,Earth,False,A102,PSO J318.5-22,41.0,True,218.8,218.8,218.8,218.8,218.8,Guest 2527,0
2528_01,Europa,False,C600,TRAPPIST-1e,30.0,True,344.0,344.0,344.0,344.0,344.0,Guest 2528,0
2529_01,Europa,True,C998,55 Cancri e,17.0,False,2074.7,2074.7,2074.7,2074.7,2074.7,Guest 2529,0
2530_01,Europa,True,C933,TRAPPIST-1e,15.0,True,99.1,99.1,99.1,99.1,99.1,Guest 2530,0
2531_01,Mars,False,F641,55 Cancri e,32.0,False,2197.4,2197.4,2197.4,2197.4,2197.4,Guest 2531,0
2532_01,Earth,False,A108,PSO J318.5-22,49.0,False,2417.6,2417.6,2417.6,2417.6,2417.6,Guest 2532,0
2533_01,Mars,False,F550,TRAPPIST-1e,41.0,True,854.0,854.0,854.0,854.0,854.0,Guest 2533,0
2534_01,Europa,False,A616,55 Cancri e,30.0,False,1067.1,1067.1,1067.1,1067.1,1067.1,Guest 2534,0
2535_01,Earth,False,A780,PSO J318.5-22,34.0,True,358.2,358.2,358.2,358.2,358.2,Guest 2535,0
2536_01,Earth,True,D983,55 Cancri e,38.0,True,1538.5,1538.5,1538.5,1538.5,1538.5,Guest 2536,0
2537_01,Mars,True,E776,TRAPPIST-1e,51.0,True,77.5,77.5,77.5,77.5,77.5,Guest 2537,0
2538_01,Mars,False,A514,55 Cancri e,21.0,False,1644.6,1644.6,1644.6,1644.6,1644.6,Guest 2538,0
2539_01,Mars,False,D752,55 Cancri e,39.0,False,241.1,241.1,241.1,241.1,241.1,Guest 2539,0
2540_01,Mars,False,D354,PSO J318.5-22,33.0,False,656.8,656.8,656.8,656.8,656.8,Guest 2540,0
2541_01,Mars,True,B465,TRAPPIST-1e,21.0,False,4847.7,4847.7,4847.7,4847.7,4847.7,Guest 2541,0
2542_01,Mars,True,C533,TRAPPIST-1e,18.0,True,115.6,115.6,115.6,115.6,115.6,Guest 2542,0
2543_01,Mars,False,B369,PSO J318.5-22,45.0,False,190.4,190.4,190.4,190.4,190.4,Guest 2543,0
2544_01,Europa,False,B980,55 Cancri e,34.0,False,1707.7,1707.7,1707.7,1707.7,1707.7,Guest 2544,0
2545_01,Mars,False,E287,TRAPPIST-1e,28.0,False,1976.4,1976.4,1976.4,1976.4,1976.4,Guest 2545,0
2546_01,Europa,False,F645,PSO J318.5-22,31.0,False,150.0,150.0,150.0,150.0,150.0,Guest 2546,0
2547_01,Mars,False,E232,55 Cancri e,42.0,False,473.4,473.4,473.4,473.4,473.4,Guest 2547,0
2548_01,Mars,True,C997,PSO J318.5-22,31.0,True,997.3,997.3,997.3,997.3,997.3,Guest 2548,0
2549_01,Mars,False,F348,PSO J318.5-22,49.0,True,92.6,92.6,92.6,92.6,92.6,Guest 2549,0
2550_01,Europa,False,C605,55 Cancri e,27.0,False,881.8,881.8,881.8,881.8,881.8,Guest 2550,0
2551_01,Mars,True,E932,PSO J318.5-22,21.0,True,355.1,355.1,355.1,355.1,355.1,Guest 2551,0
2552_01,Mars,True,C684,TRAPPIST-1e,29.0,False,160.1,160.1,160.1,160.1,160.1,Guest 2552,0
2553_01,Mars,False,C581,55 Cancri e,19.0,False,727.6,727.6,727.6,727.6,727.6,Guest 2553,0
2554_01,Mars,True,B77,PSO J318.5-22,26.0,True,338.5,338.5,338.5,338.5,338.5,Guest 2554,0
2555_01,Europa,True,D422,TRAPPIST-1e,45.0,True,1653.7,1653.7,1653.7,1653.7,1653.7,Guest 2555,0
2556_01,Mars,True,C444,55 Cancri e,50.0,True,650.5,650.5,650.5,650.5,650.5,Guest 2556,0
2557_01,Earth,True,A694,TRAPPIST-1e,38.0,True,257.5,257.5,257.5,257.5,257.5,Guest 2557,0
2558_01,Mars,True,C484,55 Cancri e,32.0,False,405.1,405.1,405.1,405.1,405.1,Guest 2558,0
2559_01,Europa,False,F271,55 Cancri e,19.0,False,908.1,908.1,908.1,908.1,908.1,Guest 2559,0
2560_01,Earth,True,F530,TRAPPIST-1e,18.0,True,1596.4,1596.4,1596.4,1596.4,1596.4,Guest 2560,1
2561_01,Earth,True,E378,TRAPPIST-1e,34.0,False,1565.5,1565.5,1565.5,1565.5,1565.5,Guest 2561,1
2562_01,Earth,True,F817,55 Cancri e,32.0,False,470.2,470.2,470.2,470.2,470.2,Guest 2562,0
2563_01,Europa,True,C467,PSO J318.5-22,23.0,True,150.2,150.2,150.2,150.2,150.2,Guest 2563,0
2564_01,Earth,True,A455,55 Cancri e,25.0,True,352.0,352.0,352.0,352.0,352.0,Guest 2564,0
2565_01,Mars,False,A711,55 Cancri e,49.0,False,250.0,250.0,250.0,250.0,250.0,Guest 2565,0
2566_01,Mars,False,A536,PSO J318.5-22,42.0,False,1162.2,1162.2,1162.2,1162.2,1162.2,Guest 2566,0
2567_01,Mars,False,D434,55 Cancri e,31.0,True,181.7,181.7,181.7,181.7,181.7,Guest 2567,0
2568_01,Earth,False,C82,TRAPPIST-1e,33.0,False,850.7,850.7,850.7,850.7,850.7,Guest 2568,0
2569_01,Europa,True,D460,PSO J318.5-22,45.0,False,229.5,229.5,229.5,229.5,229.5,Guest 2569,0
2570_01,Europa,True,A864,55 Cancri e,34.0,False,428.2,428.2,428.2,428.2,428.2,Guest 2570,0
2571_01,Mars,False,F970,PSO J318.5-22,33.0,False,262.7,262.7,262.7,262.7,262.7,Guest 2571,0
2572_01,Europa,True,B853,TRAPPIST-1e,11.0,False,103.2,103.2,103.2,103.2,103.2,Guest 2572,0
2573_01,Earth,False,E107,TRAPPIST-1e,10.0,True,1064.5,1064.5,1064.5,1064.5,1064.5,Guest 2573,0
2574_01,Mars,False,D883,TRAPPIST-1e,7.0,False,366.3,366.3,366.3,366.3,366.3,Guest 2574,0
2575_01,Europa,True,G496,TRAPPIST-1e,3.0,True,1299.2,1299.2,1299.2,1299.2,1299.2,Guest 2575,0
2576_01,Mars,True,B694,55 Cancri e,30.0,True,514.2,514.2,514.2,514.2,514.2,Guest 2576,0
2577_01,Earth,True,B624,TRAPPIST-1e,34.0,True,106.4,106.4,106.4,106.4,106.4,Guest 2577,1
2578_01,Europa,True,D496,PSO J318.5-22,20.0,False,805.5,805.5,805.5,805.5,805.5,Guest 2578,0
2579_01,Europa,True,F211,55 Cancri e,35.0,False,185.5,185.5,185.5,185.5,185.5,Guest 2579,0
2580_01,Mars,False,B359,PSO J318.5-22,35.0,False,758.1,758.1,758.1,758.1,758.1,Guest 2580,0
2581_01,Earth,False,D352,TRAPPIST-1e,29.0,True,1271.2,1271.2,1271.2,1271.2,1271.2,Guest 2581,0
2582_01,Mars,True,C768,55 Cancri e,12.0,True,506.2,506.2,506.2,506.2,506.2,Guest 2582,0
2583_01,Mars,True,B150,PSO J318.5-22,47.0,True,224.6,224.6,224.6,224.6,224.6,Guest 2583,0
2584_01,Mars,False,B67,PSO J318.5-22,47.0,False,126.9,126.9,126.9,126.9,126.9,Guest 2584,0
2585_01,Europa,False,B850,55 Cancri e,23.0,False,352.3,352.3,352.3,352.3,352.3,Guest 2585,0
2586_01,Mars,False,D661,TRAPPIST-1e,53.0,True,867.0,867.0,867.0,867.0,867.0,Guest 2586,0
2587_01,Europa,True,E563,TRAPPIST-1e,31.0,True,1872.5,1872.5,1872.5,1872.5,1872.5,Guest 2587,0
2588_01,Europa,True,G148,TRAPPIST-1e,21.0,False,1895.5,1895.5,1895.5,1895.5,1895.5,Guest 2588,0
2589_01,Europa,True,B126,PSO J318.5-22,25.0,True,767.1,767.1,767.1,767.1,767.1,Guest 2589,0
2590_01,Earth,True,F667,55 Cancri e,8.0,True,242.4,242.4,242.4,242.4,242.4,Guest 2590,0
2591_01,Earth,True,D153,TRAPPIST-1e,26.0,True,614.1,614.1,614.1,614.1,614.1,Guest 2591,0
2592_01,Europa,False,C854,55 Cancri e,11.0,True,487.2,487.2,487.2,487.2,487.2,Guest 2592,0
2593_01,Europa,True,A169,55 Cancri e,44.0,False,921.1,921.1,921.1,921.1,921.1,Guest 2593,0
2594_01,Mars,True,B623,TRAPPIST-1e,34.0,False,1293.5,1293.5,1293.5,1293.5,1293.5,Guest 2594,0
2595_01,Earth,True,D237,TRAPPIST-1e,13.0,False,626.2,626.2,626.2,626.2,626.2,Guest 2595,0
2596_01,Europa,False,F312,PSO J318.5-22,37.0,False,88.9,88.9,88.9,88.9,88.9,Guest 2596,0
2597_01,Earth,False,G325,55 Cancri e,9.0,True,225.1,225.1,225.1,225.1,225.1,Guest 2597,0
2598_01,Mars,False,B24,55 Cancri e,32.0,True,173.0,173.0,173.0,173.0,173.0,Guest 2598,0
2599_01,Mars,False,C419,TRAPPIST-1e,36.0,True,147.5,147.5,147.5,147.5,147.5,Guest 2599,0
2600_01,Europa,True,F865,TRAPPIST-1e,31.0,False,2661.1,2661.1,2661.1,2661.1,2661.1,Guest 2600,0
2601_01,Europa,True,F498,PSO J318.5-22,17.0,False,696.9,696.9,696.9,696.9,696.9,Guest 2601,0
2602_01,Earth,False,B191,TRAPPIST-1e,29.0,False,2157.1,2157.1,2157.1,2157.1,2157.1,Guest 2602,0
2603_01,Europa,False,E518,PSO J318.5-22,28.0,True,242.9,242.9,242.9,242.9,242.9,Guest 2603,0
2604_01,Europa,False,F934,PSO J318.5-22,31.0,False,175.8,175.8,175.8,175.8,175.8,Guest 2604,0
2605_01,Earth,True,A465,PSO J318.5-22,48.0,True,814.9,814.9,814.9,814.9,814.9,Guest 2605,1
2606_01,Earth,True,E482,55 Cancri e,50.0,False,23.2,23.2,23.2,23.2,23.2,Guest 2606,1
2607_01,Mars,True,A771,TRAPPIST-1e,49.0,True,68.3,68.3,68.3,68.3,68.3,Guest 2607,0
2608_01,Mars,True,A67,55 Cancri e,22.0,True,58.1,58.1,58.1,58.1,58.1,Guest 2608,0
2609_01,Earth,True,C313,TRAPPIST-1e,21.0,True,103.7,103.7,103.7,103.7,103.7,Guest 2609,0
2610_01,Europa,True,G395,TRAPPIST-1e,30.0,False,1542.0,1542.0,1542.0,1542.0,1542.0,Guest 2610,0
2611_01,Mars,True,B308,55 Cancri e,35.0,False,1651.6,1651.6,1651.6,1651.6,1651.6,Guest 2611,0
2612_01,Earth,False,A547,55 Cancri e,5.0,True,591.5,591.5,591.5,591.5,591.5,Guest 2612,0
2613_01,Europa,False,E780,55 Cancri e,23.0,True,7.1,7.1,7.1,7.1,7.1,Guest 2613,0
2614_01,Earth,True,E408,55 Cancri e,52.0,False,293.4,293.4,293.4,293.4,293.4,Guest 2614,1
2615_01,Europa,False,C784,55 Cancri e,15.0,True,385.9,385.9,385.9,385.9,385.9,Guest 2615,0
2616_01,Europa,True,D442,TRAPPIST-1e,21.0,False,1011.0,1011.0,1011.0,1011.0,1011.0,Guest 2616,0
2617_01,Earth,False,B894,TRAPPIST-1e,22.0,True,1200.0,1200.0,1200.0,1200.0,1200.0,Guest 2617,0
2618_01,Europa,False,B326,TRAPPIST-1e,36.0,True,356.2,356.2,356.2,356.2,356.2,Guest 2618,0
2619_01,Earth,False,G443,PSO J318.5-22,29.0,True,740.2,740.2,740.2,740.2,740.2,Guest 2619,0
2620_01,Mars,True,C685,TRAPPIST-1e,26.0,False,810.9,810.9,810.9,810.9,810.9,Guest 2620,0
2621_01,Earth,True,A9,PSO J318.5-22,12.0,True,303.0,303.0,303.0,303.0,303.0,Guest 2621,1
2622_01,Earth,False,C885,PSO J318.5-22,37.0,False,63.4,63.4,63.4,63.4,63.4,Guest 2622,0
2623_01,Earth,True,G443,TRAPPIST-1e,30.0,False,716.4,716.4,716.4,716.4,716.4,Guest 2623,1
2624_01,Mars,True,D371,PSO J318.5-22,22.0,True,460.1,460.1,460.1,460.1,460.1,Guest 2624,0
2625_01,Mars,True,B116,TRAPPIST-1e,30.0,False,1173.8,1173.8,1173.8,1173.8,1173.8,Guest 2625,0
2626_01,Earth,True,D97,TRAPPIST-1e,39.0,True,153.4,153.4,153.4,153.4,153.4,Guest 2626,0
2627_01,Earth,True,B472,TRAPPIST-1e,12.0,True,294.6,294.6,294.6,294.6,294.6,Guest 2627,0
2628_01,Mars,True,A818,55 Cancri e,11.0,True,3296.4,3296.4,3296.4,3296.4,3296.4,Guest 2628,0
2629_01,Europa,True,F604,TRAPPIST-1e,18.0,True,11.0,11.0,11.0,11.0,11.0,Guest 2629,0
2630_01,Mars,False,C911,55 Cancri e,20.0,False,419.2,419.2,419.2,419.2,419.2,Guest 2630,0
2631_01,Earth,True,C983,55 Cancri e,1.0,True,1551.0,1551.0,1551.0,1551.0,1551.0,Guest 2631,0
2632_01,Mars,False,C514,PSO J318.5-22,23.0,True,103.4,103.4,103.4,103.4,103.4,Guest 2632,0
2633_01,Earth,True,E193,TRAPPIST-1e,43.0,True,14.0,14.0,14.0,14.0,14.0,Guest 2633,1
2634_01,Mars,True,F942,55 Cancri e,26.0,True,141.2,141.2,141.2,141.2,141.2,Guest 2634,0
2635_01,Mars,True,B221,PSO J318.5-22,42.0,True,192.8,192.8,192.8,192.8,192.8,Guest 2635,0
2636_01,Earth,True,D561,55 Cancri e,1.0,False,1940.6,1940.6,1940.6,1940.6,1940.6,Guest 2636,0
2637_01,Europa,True,E202,55 Cancri e,29.0,True,349.9,349.9,349.9,349.9,349.9,Guest 2637,0
2638_01,Europa,True,F882,55 Cancri e,47.0,True,1615.0,1615.0,1615.0,1615.0,1615.0,Guest 2638,0
2639_01,Earth,False,C767,PSO J318.5-22,49.0,False,286.9,286.9,286.9,286.9,286.9,Guest 2639,0
2640_01,Mars,True,A524,55 Cancri e,24.0,True,904.5,904.5,904.5,904.5,904.5,Guest 2640,0
2641_01,Earth,False,C869,PSO J318.5-22,20.0,True,1547.9,1547.9,1547.9,1547.9,1547.9,Guest 2641,0
2642_01,Europa,True,F684,PSO J318.5-22,35.0,True,14.2,14.2,14.2,14.2,14.2,Guest 2642,0
2643_01,Mars,False,E629,PSO J318.5-22,15.0,True,130.5,130.5,130.5,130.5,130.5,Guest 2643,0
2644_01,Mars,False,F675,55 Cancri e,26.0,True,1923.1,1923.1,1923.1,1923.1,1923.1,Guest 2644,0
2645_01,Earth,True,A891,TRAPPIST-1e,10.0,False,1433.1,1433.1,1433.1,1433.1,1433.1,Guest 2645,0
2646_01,Earth,True,B399,55 Cancri e,31.0,False,462.3,462.3,462.3,462.3,462.3,Guest 2646,0
2647_01,Earth,True,D699,PSO J318.5-22,30.0,True,389.4,389.4,389.4,389.4,389.4,Guest 2647,1
2648_01,Mars,True,C354,55 Cancri e,50.0,True,522.6,522.6,522.6,522.6,522.6,Guest 2648,0
2649_01,Europa,False,E666,PSO J318.5-22,34.0,True,1302.3,1302.3,1302.3,1302.3,1302.3,Guest 2649,0
2650_01,Mars,True,E531,55 Cancri e,22.0,False,417.9,417.9,417.9,417.9,417.9,Guest 2650,0
2651_01,Earth,True,G750,55 Cancri e,29.0,False,2211.4,2211.4,2211.4,2211.4,2211.4,Guest 2651,0
2652_01,Europa,True,F549,PSO J318.5-22,15.0,True,745.8,745.8,745.8,745.8,745.8,Guest 2652,0
2653_01,Mars,False,D495,PSO J318.5-22,30.0,False,1294.6,1294.6,1294.6,1294.6,1294.6,Guest 2653,0
2654_01,Europa,False,B91,PSO J318.5-22,27.0,True,743.2,743.2,743.2,743.2,743.2,Guest 2654,0
2655_01,Earth,False,D50,55 Cancri e,35.0,True,643.1,643.1,643.1,643.1,643.1,Guest 2655,0
2656_01,Earth,True,D858,TRAPPIST-1e,41.0,True,185.7,185.7,185.7,185.7,185.7,Guest 2656,1
2657_01,Earth,True,C451,TRAPPIST-1e,6.0,True,1510.9,1510.9,1510.9,1510.9,1510.9,Guest 2657,0
2658_01,Europa,False,B975,55 Cancri e,34.0,False,587.4,587.4,587.4,587.4,587.4,Guest 2658,0
2659_01,Mars,True,A447,PSO J318.5-22,39.0,True,287.3,287.3,287.3,287.3,287.3,Guest 2659,0
2660_01,Earth,True,E94,55 Cancri e,16.0,False,47.4,47.4,47.4,47.4,47.4,Guest 2660,0
2661_01,Mars,False,D744,55 Cancri e,53.0,False,1393.9,1393.9,1393.9,1393.9,1393.9,Guest 2661,0
2662_01,Europa,False,D319,PSO J318.5-22,21.0,True,2853.0,2853.0,2853.0,2853.0,2853.0,Guest 2662,0
2663_01,Mars,True,F623,PSO J318.5-22,60.0,True,1663.6,1663.6,1663.6,1663.6,1663.6,Guest 2663,0
2664_01,Mars,False,C39,PSO J318.5-22,39.0,True,1621.8,1621.8,1621.8,1621.8,1621.8,Guest 2664,0
2665_01,Mars,True,G894,PSO J318.5-22,42.0,False,2425.9,2425.9,2425.9,2425.9,2425.9,Guest 2665,0
2666_01,Earth,True,D184,TRAPPIST-1e,33.0,True,80.2,80.2,80.2,80.2,80.2,Guest 2666,0
2667_01,Mars,True,F369,TRAPPIST-1e,42.0,True,369.1,369.1,369.1,369.1,369.1,Guest 2667,0
2668_01,Mars,False,A416,55 Cancri e,18.0,False,1036.2,1036.2,1036.2,1036.2,1036.2,Guest 2668,0
2669_01,Earth,True,A531,55 Cancri e,20.0,False,1644.1,1644.1,1644.1,1644.1,1644.1,Guest 2669,0
2670_01,Mars,False,B935,55 Cancri e,6.0,False,787.3,787.3,787.3,787.3,787.3,Guest 2670,0
2671_01,Mars,True,E869,55 Cancri e,37.0,False,72.1,72.1,72.1,72.1,72.1,Guest 2671,0
2672_01,Europa,False,G378,55 Cancri e,21.0,False,23.9,23.9,23.9,23.9,23.9,Guest 2672,0
2673_01,Earth,True,G374,TRAPPIST-1e,39.0,True,537.5,537.5,537.5,537.5,537.5,Guest 2673,0
2674_01,Mars,False,A739,PSO J318.5-22,37.0,True,157.4,157.4,157.4,157.4,157.4,Guest 2674,0
2675_01,Earth,True,F332,55 Cancri e,14.0,False,493.7,493.7,493.7,493.7,493.7,Guest 2675,0
2676_01,Europa,True,G230,PSO J318.5-22,38.0,True,379.4,379.4,379.4,379.4,379.4,Guest 2676,0
2677_01,Europa,True,E940,PSO J318.5-22,33.0,True,2922.1,2922.1,2922.1,2922.1,2922.1,Guest 2677,0
2678_01,Mars,True,B749,55 Cancri e,32.0,False,954.8,954.8,954.8,954.8,954.8,Guest 2678,0
2679_01,Earth,True,D409,55 Cancri e,36.0,True,3419.4,3419.4,3419.4,3419.4,3419.4,Guest 2679,1
2680_01,Europa,False,G203,55 Cancri e,30.0,True,179.6,179.6,179.6,179.6,179.6,Guest 2680,0
2681_01,Earth,False,B499,TRAPPIST-1e,30.0,True,69.2,69.2,69.2,69.2,69.2,Guest 2681,0
2682_01,Mars,False,B422,55 Cancri e,43.0,False,54.4,54.4,54.4,54.4,54.4,Guest 2682,0
2683_01,Mars,True,G298,TRAPPIST-1e,18.0,False,959.6,959.6,959.6,959.6,959.6,Guest 2683,0
2684_01,Mars,True,C578,PSO J318.5-22,16.0,False,455.1,455.1,455.1,455.1,455.1,Guest 2684,0
2685_01,Earth,True,E170,PSO J318.5-22,21.0,False,1931.0,1931.0,1931.0,1931.0,1931.0,Guest 2685,1
2686_01,Mars,True,C263,PSO J318.5-22,42.0,False,205.0,205.0,205.0,205.0,205.0,Guest 2686,0
2687_01,Mars,True,A554,PSO J318.5-22,26.0,True,1491.9,1491.9,1491.9,1491.9,1491.9,Guest 2687,0
2688_01,Mars,True,C407,55 Cancri e,53.0,True,480.5,480.5,480.5,480.5,480.5,Guest 2688,0
2689_01,Mars,True,C412,55 Cancri e,1.0,False,2050.9,2050.9,2050.9,2050.9,2050.9,Guest 2689,0
2690_01,Earth,False,E667,PSO J318.5-22,21.0,True,851.8,851.8,851.8,851.8,851.8,Guest 2690,0
2691_01,Earth,False,G73,55 Cancri e,25.0,False,3806.7,3806.7,3806.7,3806.7,3806.7,Guest 2691,0
2692_01,Mars,True,A754,55 Cancri e,33.0,False,164.6,164.6,164.6,164.6,164.6,Guest 2692,0
2693_01,Europa,True,F956,55 Cancri e,46.0,False,161.6,161.6,161.6,161.6,161.6,Guest 2693,0
2694_01,Earth,False,G909,PSO J318.5-22,28.0,False,162.2,162.2,162.2,162.2,162.2,Guest 2694,0
2695_01,Earth,True,F884,PSO J318.5-22,18.0,False,758.6,758.6,758.6,758.6,758.6,Guest 2695,0
2696_01,Mars,False,E46,55 Cancri e,40.0,False,1230.9,1230.9,1230.9,1230.9,1230.9,Guest 2696,0
2697_01,Earth,False,G308,TRAPPIST-1e,49.0,False,742.6,742.6,742.6,742.6,742.6,Guest 2697,0
2698_01,Earth,False,E98,TRAPPIST-1e,1.0,False,1873.4,1873.4,1873.4,1873.4,1873.4,Guest 2698,0
2699_01,Europa,False,E105,TRAPPIST-1e,37.0,True,167.2,167.2,167.2,167.2,167.2,Guest 2699,0
2700_01,Mars,False,C176,TRAPPIST-1e,34.0,True,1157.5,1157.5,1157.5,1157.5,1157.5,Guest 2700,0
2701_01,Europa,False,G55,PSO J318.5-22,20.0,False,404.6,404.6,404.6,404.6,404.6,Guest 2701,0
2702_01,Europa,False,G930,TRAPPIST-1e,24.0,False,79.1,79.1,79.1,79.1,79.1,Guest 2702,0
2703_01,Mars,False,F594,55 Cancri e,33.0,False,1830.1,1830.1,1830.1,1830.1,1830.1,Guest 2703,0
2704_01,Mars,False,E321,PSO J318.5-22,30.0,False,204.9,204.9,204.9,204.9,204.9,Guest 2704,0
2705_01,Earth,True,D246,TRAPPIST-1e,27.0,True,228.3,228.3,228.3,228.3,228.3,Guest 2705,0
2706_01,Earth,True,A4,PSO J318.5-22,16.0,True,268.4,268.4,268.4,268.4,268.4,Guest 2706,0
2707_01,Earth,False,E30,55 Cancri e,33.0,True,109.9,109.9,109.9,109.9,109.9,Guest 2707,0
2708_01,Mars,False,B646,55 Cancri e,22.0,False,529.8,529.8,529.8,529.8,529.8,Guest 2708,0
2709_01,Mars,False,E478,55 Cancri e,31.0,True,296.7,296.7,296.7,296.7,296.7,Guest 2709,0
2710_01,Earth,True,E317,55 Cancri e,23.0,True,303.1,303.1,303.1,303.1,303.1,Guest 2710,0
2711_01,Earth,True,B467,TRAPPIST-1e,32.0,True,219.9,219.9,219.9,219.9,219.9,Guest 2711,0
2712_01,Europa,False,D373,TRAPPIST-1e,39.0,True,1438.5,1438.5,1438.5,1438.5,1438.5,Guest 2712,0
2713_01,Earth,False,B704,55 Cancri e,33.0,True,151.1,151.1,151.1,151.1,151.1,Guest 2713,0
2714_01,Earth,True,D552,55 Cancri e,38.0,False,888.4,888.4,888.4,888.4,888.4,Guest 2714,0
2715_01,Earth,True,C420,PSO J318.5-22,13.0,False,207.9,207.9,207.9,207.9,207.9,Guest 2715,0
2716_01,Mars,False,B3,PSO J318.5-22,36.0,True,677.1,677.1,677.1,677.1,677.1,Guest 2716,0
2717_01,Mars,False,G547,PSO J318.5-22,33.0,True,557.8,557.8,557.8,557.8,557.8,Guest 2717,0
2718_01,Mars,True,C868,55 Cancri e,22.0,False,1691.2,1691.2,1691.2,1691.2,1691.2,Guest 2718,0
2719_01,Earth,False,D250,PSO J318.5-22,28.0,True,1572.2,1572.2,1572.2,1572.2,1572.2,Guest 2719,0
2720_01,Earth,False,A339,PSO J318.5-22,1.0,False,510.1,510.1,510.1,510.1,510.1,Guest 2720,0
2721_01,Earth,True,G756,TRAPPIST-1e,31.0,True,584.8,584.8,584.8,584.8,584.8,Guest 2721,1
2722_01,Earth,False,A161,55 Cancri e,25.0,False,224.4,224.4,224.4,224.4,224.4,Guest 2722,0
2723_01,Europa,False,D584,55 Cancri e,3.0,False,639.3,639.3,639.3,639.3,639.3,Guest 2723,0
2724_01,Earth,False,F618,TRAPPIST-1e,36.0,True,437.7,437.7,437.7,437.7,437.7,Guest 2724,0
2725_01,Mars,True,G791,TRAPPIST-1e,22.0,True,86.4,86.4,86.4,86.4,86.4,Guest 2725,0
2726_01,Europa,False,A893,PSO J318.5-22,33.0,False,613.6,613.6,613.6,613.6,613.6,Guest 2726,0
2727_01,Mars,False,D841,TRAPPIST-1e,27.0,False,2511.3,2511.3,2511.3,2511.3,2511.3,Guest 2727,0
2728_01,Europa,True,B185,TRAPPIST-1e,36.0,True,761.9,761.9,761.9,761.9,761.9,Guest 2728,1
2729_01,Mars,True,E775,55 Cancri e,31.0,False,452.8,452.8,452.8,452.8,452.8,Guest 2729,0
2730_01,Mars,False,E598,TRAPPIST-1e,26.0,True,1235.0,1235.0,1235.0,1235.0,1235.0,Guest 2730,0
2731_01,Europa,False,D410,55 Cancri e,36.0,False,1163.1,1163.1,1163.1,1163.1,1163.1,Guest 2731,0
2732_01,Europa,True,C46,TRAPPIST-1e,40.0,True,1143.3,1143.3,1143.3,1143.3,1143.3,Guest 2732,0
2733_01,Mars,True,D590,PSO J318.5-22,3.0,False,1033.0,1033.0,1033.0,1033.0,1033.0,Guest 2733,1
2734_01,Earth,True,A427,PSO J318.5-22,30.0,False,410.7,410.7,410.7,410.7,410.7,Guest 2734,0
2735_01,Earth,True,G699,55 Cancri e,23.0,True,1107.8,1107.8,1107.8,1107.8,1107.8,Guest 2735,0
2736_01,Mars,False,B589,PSO J318.5-22,17.0,True,2402.7,2402.7,2402.7,2402.7,2402.7,Guest 2736,0
2737_01,Mars,True,B140,55 Cancri e,46.0,False,1629.5,1629.5,1629.5,1629.5,1629.5,Guest 2737,0
2738_01,Mars,False,F705,PSO J318.5-22,41.0,False,708.3,708.3,708.3,708.3,708.3,Guest 2738,0
2739_01,Earth,False,F137,PSO J318.5-22,18.0,False,233.0,233.0,233.0,233.0,233.0,Guest 2739,0
2740_01,Earth,False,A132,55 Cancri e,17.0,True,955.0,955.0,955.0,955.0,955.0,Guest 2740,0
2741_01,Mars,True,D669,PSO J318.5-22,40.0,False,364.1,364.1,364.1,364.1,364.1,Guest 2741,0
2742_01,Europa,False,A911,55 Cancri e,22.0,True,450.9,450.9,450.9,450.9,450.9,Guest 2742,0
2743_01,Mars,True,G716,55 Cancri e,26.0,True,862.1,862.1,862.1,862.1,862.1,Guest 2743,0
2744_01,Europa,False,A942,55 Cancri e,6.0,False,396.2,396.2,396.2,396.2,396.2,Guest 2744,0
2745_01,Europa,False,F146,55 Cancri e,28.0,True,1570.3,1570.3,1570.3,1570.3,1570.3,Guest 2745,0
2746_01,Earth,False,G91,55 Cancri e,44.0,True,722.7,722.7,722.7,722.7,722.7,Guest 2746,0
2747_01,Europa,False,E477,PSO J318.5-22,24.0,False,305.0,305.0,305.0,305.0,305.0,Guest 2747,0
2748_01,Earth,False,E262,TRAPPIST-1e,29.0,False,257.2,257.2,257.2,257.2,257.2,Guest 2748,0
2749_01,Earth,False,D276,55 Cancri e,51.0,False,1314.9,1314.9,1314.9,1314.9,1314.9,Guest 2749,0
2750_01,Europa,True,B187,PSO J318.5-22,40.0,True,119.4,119.4,119.4,119.4,119.4,Guest 2750,0
2751_01,Earth,False,C295,55 Cancri e,47.0,False,731.5,731.5,731.5,731.5,731.5,Guest 2751,0
2752_01,Europa,False,G738,PSO J318.5-22,37.0,True,2531.8,2531.8,2531.8,2531.8,2531.8,Guest 2752,0
2753_01,Earth,True,B405,TRAPPIST-1e,44.0,False,1493.8,1493.8,1493.8,1493.8,1493.8,Guest 2753,1
2754_01,Mars,True,C498,TRAPPIST-1e,10.0,True,799.8,799.8,799.8,799.8,799.8,Guest 2754,0
2755_01,Earth,False,B154,55 Cancri e,20.0,False,454.1,454.1,454.1,454.1,454.1,Guest 2755,0
2756_01,Europa,False,D633,TRAPPIST-1e,10.0,False,48.7,48.7,48.7,48.7,48.7,Guest 2756,0
2757_01,Europa,False,A693,55 Cancri e,57.0,False,450.2,450.2,450.2,450.2,450.2,Guest 2757,0
2758_01,Europa,False,E347,TRAPPIST-1e,32.0,True,484.5,484.5,484.5,484.5,484.5,Guest 2758,0
2759_01,Europa,True,B547,PSO J318.5-22,28.0,False,1149.2,1149.2,1149.2,1149.2,1149.2,Guest 2759,0
2760_01,Europa,False,C253,PSO J318.5-22,21.0,False,337.2,337.2,337.2,337.2,337.2,Guest 2760,0
2761_01,Europa,True,B82,55 Cancri e,18.0,False,927.4,927.4,927.4,927.4,927.4,Guest 2761,0
2762_01,Mars,False,B164,TRAPPIST-1e,1.0,True,267.2,267.2,267.2,267.2,267.2,Guest 2762,0
2763_01,Earth,False,E5,PSO J318.5-22,57.0,False,134.2,134.2,134.2,134.2,134.2,Guest 2763,0
2764_01,Earth,False,F901,PSO J318.5-22,29.0,False,940.6,940.6,940.6,940.6,940.6,Guest 2764,0
2765_01,Mars,False,G956,TRAPPIST-1e,31.0,False,186.0,186.0,186.0,186.0,186.0,Guest 2765,0
2766_01,Mars,False,A161,PSO J318.5-22,13.0,False,1363.8,1363.8,1363.8,1363.8,1363.8,Guest 2766,0
2767_01,Europa,False,A819,55 Cancri e,29.0,True,495.9,495.9,495.9,495.9,495.9,Guest 2767,0
2768_01,Mars,False,B577,TRAPPIST-1e,34.0,True,462.6,462.6,462.6,462.6,462.6,Guest 2768,0
2769_01,Earth,True,G766,55 Cancri e,29.0,False,97.5,97.5,97.5,97.5,97.5,Guest 2769,0
2770_01,Europa,True,F601,TRAPPIST-1e,37.0,False,1111.0,1111.0,1111.0,1111.0,1111.0,Guest 2770,0
2771_01,Europa,True,A511,PSO J318.5-22,20.0,False,34.4,34.4,34.4,34.4,34.4,Guest 2771,0
2772_01,Earth,False,G367,55 Cancri e,34.0,True,245.2,245.2,245.2,245.2,245.2,Guest 2772,0
2773_01,Earth,True,E380,PSO J318.5-22,41.0,True,1916.9,1916.9,1916.9,1916.9,1916.9,Guest 2773,0
2774_01,Mars,False,A879,PSO J318.5-22,37.0,True,370.1,370.1,370.1,370.1,370.1,Guest 2774,0
2775_01,Europa,False,B292,TRAPPIST-1e,34.0,True,145.8,145.8,145.8,145.8,145.8,Guest 2775,0
2776_01,Earth,False,E158,TRAPPIST-1e,29.0,True,548.5,548.5,548.5,548.5,548.5,Guest 2776,0
2777_01,Earth,False,F991,TRAPPIST-1e,18.0,True,1282.2,1282.2,1282.2,1282.2,1282.2,Guest 2777,0
2778_01,Europa,True,G285,PSO J318.5-22,37.0,False,418.1,418.1,418.1,418.1,418.1,Guest 2778,0
2779_01,Mars,True,A103,TRAPPIST-1e,25.0,True,269.5,269.5,269.5,269.5,269.5,Guest 2779,0
2780_01,Mars,True,G271,55 Cancri e,19.0,False,89.7,89.7,89.7,89.7,89.7,Guest 2780,0
2781_01,Europa,True,E805,PSO J318.5-22,39.0,True,216.0,216.0,216.0,216.0,216.0,Guest 2781,0
2782_01,Europa,True,F786,TRAPPIST-1e,11.0,True,436.0,436.0,436.0,436.0,436.0,Guest 2782,0
2783_01,Earth,False,G889,55 Cancri e,23.0,False,283.5,283.5,283.5,283.5,283.5,Guest 2783,0
2784_01,Earth,False,B899,PSO J318.5-22,39.0,True,270.4,270.4,270.4,270.4,270.4,Guest 2784,0
2785_01,Earth,False,D997,55 Cancri e,41.0,False,1196.3,1196.3,1196.3,1196.3,1196.3,Guest 2785,0
2786_01,Mars,False,G328,TRAPPIST-1e,25.0,False,1936.1,1936.1,1936.1,1936.1,1936.1,Guest 2786,0
2787_01,Mars,False,C226,55 Cancri e,31.0,True,3797.3,3797.3,3797.3,3797.3,3797.3,Guest 2787,0
2788_01,Europa,True,C946,PSO J318.5-22,36.0,True,745.0,745.0,745.0,745.0,745.0,Guest 2788,0
2789_01,Earth,True,B916,55 Cancri e,29.0,True,450.5,450.5,450.5,450.5,450.5,Guest 2789,0
2790_01,Mars,False,E520,55 Cancri e,21.0,False,717.6,717.6,717.6,717.6,717.6,Guest 2790,0
2791_01,Mars,False,E313,55 Cancri e,35.0,True,1221.0,1221.0,1221.0,1221.0,1221.0,Guest 2791,0
2792_01,Earth,False,G198,TRAPPIST-1e,32.0,True,230.0,230.0,230.0,230.0,230.0,Guest 2792,0
2793_01,Earth,False,F979,TRAPPIST-1e,31.0,False,152.1,152.1,152.1,152.1,152.1,Guest 2793,0
2794_01,Mars,True,G639,TRAPPIST-1e,43.0,True,721.3,721.3,721.3,721.3,721.3,Guest 2794,0
2795_01,Europa,True,G610,55 Cancri e,34.0,False,535.3,535.3,535.3,535.3,535.3,Guest 2795,0
2796_01,Europa,True,G185,TRAPPIST-1e,24.0,True,182.7,182.7,182.7,182.7,182.7,Guest 2796,0
2797_01,Europa,False,C183,TRAPPIST-1e,32.0,False,1441.9,1441.9,1441.9,1441.9,1441.9,Guest 2797,0
2798_01,Earth,False,E419,PSO J318.5-22,53.0,True,1558.7,1558.7,1558.7,1558.7,1558.7,Guest 2798,0
2799_01,Mars,True,D897,PSO J318.5-22,21.0,False,825.9,825.9,825.9,825.9,825.9,Guest 2799,0
2800_01,Earth,False,B813,TRAPPIST-1e,27.0,True,608.0,608.0,608.0,608.0,608.0,Guest 2800,0
2801_01,Earth,False,C264,PSO J318.5-22,20.0,True,341.8,341.8,341.8,341.8,341.8,Guest 2801,0
2802_01,Mars,False,C65,PSO J318.5-22,34.0,True,790.2,790.2,790.2,790.2,790.2,Guest 2802,0
2803_01,Europa,False,E611,PSO J318.5-22,15.0,False,153.5,153.5,153.5,153.5,153.5,Guest 2803,0
2804_01,Earth,True,D738,55 Cancri e,35.0,False,830.9,830.9,830.9,830.9,830.9,Guest 2804,1
2805_01,Earth,True,F927,TRAPPIST-1e,39.0,True,446.7,446.7,446.7,446.7,446.7,Guest 2805,0
2806_01,Europa,False,D639,55 Cancri e,21.0,False,811.9,811.9,811.9,811.9,811.9,Guest 2806,0
2807_01,Mars,False,D253,PSO J318.5-22,20.0,True,1324.2,1324.2,1324.2,1324.2,1324.2,Guest 2807,0
2808_01,Europa,True,B532,55 Cancri e,12.0,True,126.7,126.7,126.7,126.7,126.7,Guest 2808,0
2809_01,Earth,False,F706,55 Cancri e,30.0,False,275.9,275.9,275.9,275.9,275.9,Guest 2809,0
2810_01,Europa,False,E196,TRAPPIST-1e,16.0,False,732.1,732.1,732.1,732.1,732.1,Guest 2810,0
2811_01,Europa,False,A909,PSO J318.5-22,22.0,False,1076.2,1076.2,1076.2,1076.2,1076.2,Guest 2811,0
2812_01,Europa,False,A145,PSO J318.5-22,25.0,True,480.2,480.2,480.2,480.2,480.2,Guest 2812,0
2813_01,Earth,False,D10,PSO J318.5-22,22.0,False,167.5,167.5,167.5,167.5,167.5,Guest 2813,0
2814_01,Mars,True,E291,TRAPPIST-1e,40.0,False,1218.6,1218.6,1218.6,1218.6,1218.6,Guest 2814,0
2815_01,Mars,False,E772,PSO J318.5-22,49.0,True,1090.7,1090.7,1090.7,1090.7,1090.7,Guest 2815,0
2816_01,Earth,False,B568,PSO J318.5-22,4.0,True,755.7,755.7,755.7,755.7,755.7,Guest 2816,0
2817_01,Europa,True,A281,TRAPPIST-1e,20.0,True,297.6,297.6,297.6,297.6,297.6,Guest 2817,0
2818_01,Europa,False,G331,TRAPPIST-1e,33.0,True,371.3,371.3,371.3,371.3,371.3,Guest 2818,0
2819_01,Europa,False,F507,55 Cancri e,17.0,True,285.5,285.5,285.5,285.5,285.5,Guest 2819,0
2820_01,Europa,False,B810,TRAPPIST-1e,23.0,False,104.2,104.2,104.2,104.2,104.2,Guest 2820,0
2821_01,Earth,False,C973,TRAPPIST-1e,32.0,False,710.8,710.8,710.8,710.8,710.8,Guest 2821,0
2822_01,Europa,True,A690,55 Cancri e,47.0,True,49.0,49.0,49.0,49.0,49.0,Guest 2822,0
2823_01,Mars,True,C141,55 Cancri e,44.0,True,2381.0,2381.0,2381.0,2381.0,2381.0,Guest 2823,0
2824_01,Europa,False,C871,55 Cancri e,26.0,True,897.0,897.0,897.0,897.0,897.0,Guest 2824,0
2825_01,Mars,False,B815,TRAPPIST-1e,31.0,False,140.5,140.5,140.5,140.5,140.5,Guest 2825,0
2826_01,Europa,False,G709,TRAPPIST-1e,26.0,False,1265.6,1265.6,1265.6,1265.6,1265.6,Guest 2826,0
2827_01,Mars,False,B817,TRAPPIST-1e,28.0,False,2983.6,2983.6,2983.6,2983.6,2983.6,Guest 2827,0
2828_01,Earth,False,F16,55 Cancri e,16.0,False,1101.1,1101.1,1101.1,1101.1,1101.1,Guest 2828,0
2829_01,Mars,True,E680,PSO J318.5-22,9.0,False,683.1,683.1,683.1,683.1,683.1,Guest 2829,0
2830_01,Europa,True,F488,TRAPPIST-1e,26.0,True,1015.9,1015.9,1015.9,1015.9,1015.9,Guest 2830,0
2831_01,Earth,False,D994,55 Cancri e,42.0,False,749.6,749.6,749.6,749.6,749.6,Guest 2831,0
2832_01,Mars,True,B949,PSO J318.5-22,39.0,False,240.2,240.2,240.2,240.2,240.2,Guest 2832,0
2833_01,Mars,True,A471,TRAPPIST-1e,8.0,False,326.3,326.3,326.3,326.3,326.3,Guest 2833,0
2834_01,Mars,False,E837,55 Cancri e,28.0,False,1135.2,1135.2,1135.2,1135.2,1135.2,Guest 2834,0
2835_01,Earth,True,F728,55 Cancri e,22.0,True,770.1,770.1,770.1,770.1,770.1,Guest 2835,0
2836_01,Earth,True,C743,55 Cancri e,33.0,False,837.3,837.3,837.3,837.3,837.3,Guest 2836,0
2837_01,Europa,False,E353,55 Cancri e,17.0,False,1700.4,1700.4,1700.4,1700.4,1700.4,Guest 2837,0
2838_01,Earth,True,D731,PSO J318.5-22,41.0,False,260.2,260.2,260.2,260.2,260.2,Guest 2838,0
2839_01,Mars,False,B33,55 Cancri e,27.0,False,614.7,614.7,614.7,614.7,614.7,Guest 2839,0
2840_01,Mars,True,D32,55 Cancri e,37.0,True,1675.9,1675.9,1675.9,1675.9,1675.9,Guest 2840,0
2841_01,Europa,True,G229,PSO J318.5-22,40.0,False,689.8,689.8,689.8,689.8,689.8,Guest 2841,0
2842_01,Mars,False,A234,PSO J318.5-22,7.0,False,2347.7,2347.7,2347.7,2347.7,2347.7,Guest 2842,0
2843_01,Europa,False,F13,TRAPPIST-1e,27.0,True,382.5,382.5,382.5,382.5,382.5,Guest 2843,0
2844_01,Mars,False,B882,55 Cancri e,48.0,True,67.6,67.6,67.6,67.6,67.6,Guest 2844,0
2845_01,Mars,True,A788,55 Cancri e,30.0,True,544.8,544.8,544.8,544.8,544.8,Guest 2845,0
2846_01,Europa,False,F775,TRAPPIST-1e,42.0,True,1557.1,1557.1,1557.1,1557.1,1557.1,Guest 2846,0
2847_01,Mars,True,G813,TRAPPIST-1e,35.0,False,1638.6,1638.6,1638.6,1638.6,1638.6,Guest 2847,0
2848_01,Europa,False,F930,TRAPPIST-1e,24.0,False,1896.9,1896.9,1896.9,1896.9,1896.9,Guest 2848,0
2849_01,Mars,False,F151,PSO J318.5-22,33.0,True,723.8,723.8,723.8,723.8,723.8,Guest 2849,0
2850_01,Europa,True,B493,TRAPPIST-1e,43.0,True,325.1,325.1,325.1,325.1,325.1,Guest 2850,0
2851_01,Mars,True,C372,PSO J318.5-22,45.0,True,78.0,78.0,78.0,78.0,78.0,Guest 2851,0
2852_01,Europa,False,C380,PSO J318.5-22,47.0,True,2881.8,2881.8,2881.8,2881.8,2881.8,Guest 2852,0
2853_01,Mars,True,D663,55 Cancri e,17.0,False,510.3,510.3,510.3,510.3,510.3,Guest 2853,0
2854_01,Earth,False,E360,PSO J318.5-22,40.0,False,174.9,174.9,174.9,174.9,174.9,Guest 2854,0
2855_01,Earth,True,G932,PSO J318.5-22,13.0,False,389.1,389.1,389.1,389.1,389.1,Guest 2855,0
2856_01,Mars,False,D135,55 Cancri e,28.0,False,425.6,425.6,425.6,425.6,425.6,Guest 2856,0
2857_01,Mars,True,G176,PSO J318.5-22,27.0,True,90.8,90.8,90.8,90.8,90.8,Guest 2857,0
2858_01,Earth,False,F881,TRAPPIST-1e,37.0,True,4962.0,4962.0,4962.0,4962.0,4962.0,Guest 2858,0
2859_01,Earth,True,C255,PSO J318.5-22,34.0,True,240.0,240.0,240.0,240.0,240.0,Guest 2859,0
2860_01,Mars,True,F356,55 Cancri e,45.0,True,2730.9,2730.9,2730.9,2730.9,2730.9,Guest 2860,0
2861_01,Earth,False,E454,PSO J318.5-22,23.0,True,549.1,549.1,549.1,549.1,549.1,Guest 2861,0
2862_01,Europa,True,A726,55 Cancri e,40.0,True,18.4,18.4,18.4,18.4,18.4,Guest 2862,0
2863_01,Europa,False,A907,55 Cancri e,35.0,False,167.4,167.4,167.4,167.4,167.4,Guest 2863,0
2864_01,Earth,False,D664,55 Cancri e,30.0,False,2229.5,2229.5,2229.5,2229.5,2229.5,Guest 2864,0
2865_01,Europa,True,B229,55 Cancri e,16.0,True,546.0,546.0,546.0,546.0,546.0,Guest 2865,0
2866_01,Europa,True,D850,TRAPPIST-1e,37.0,False,525.8,525.8,525.8,525.8,525.8,Guest 2866,0
2867_01,Europa,False,B318,PSO J318.5-22,34.0,False,940.4,940.4,940.4,940.4,940.4,Guest 2867,0
2868_01,Europa,True,D83,TRAPPIST-1e,39.0,True,438.3,438.3,438.3,438.3,438.3,Guest 2868,0
2869_01,Europa,False,A34,55 Cancri e,29.0,False,1030.0,1030.0,1030.0,1030.0,1030.0,Guest 2869,0
2870_01,Mars,False,C834,TRAPPIST-1e,27.0,True,599.8,599.8,599.8,599.8,599.8,Guest 2870,0
2871_01,Europa,True,A525,PSO J318.5-22,35.0,False,423.7,423.7,423.7,423.7,423.7,Guest 2871,0
2872_01,Europa,False,C241,PSO J318.5-22,35.0,False,1414.2,1414.2,1414.2,1414.2,1414.2,Guest 2872,0
2873_01,Mars,False,C66,TRAPPIST-1e,38.0,False,1209.6,1209.6,1209.6,1209.6,1209.6,Guest 2873,0
2874_01,Mars,False,B971,55 Cancri e,53.0,False,1010.3,1010.3,1010.3,1010.3,1010.3,Guest 2874,0
2875_01,Mars,True,A793,55 Cancri e,23.0,True,1082.7,1082.7,1082.7,1082.7,1082.7,Guest 2875,0
2876_01,Mars,False,F754,TRAPPIST-1e,54.0,False,1082.6,1082.6,1082.6,1082.6,1082.6,Guest 2876,0
2877_01,Mars,False,A410,TRAPPIST-1e,1.0,True,349.9,349.9,349.9,349.9,349.9,Guest 2877,0
2878_01,Mars,False,C201,PSO J318.5-22,41.0,False,191.3,191.3,191.3,191.3,191.3,Guest 2878,0
2879_01,Europa,False,B363,TRAPPIST-1e,20.0,True,1075.9,1075.9,1075.9,1075.9,1075.9,Guest 2879,0
2880_01,Earth,False,D658,TRAPPIST-1e,54.0,False,208.3,208.3,208.3,208.3,208.3,Guest 2880,0
2881_01,Mars,True,D626,PSO J318.5-22,19.0,False,187.5,187.5,187.5,187.5,187.5,Guest 2881,0
2882_01,Earth,True,E108,55 Cancri e,43.0,True,1371.4,1371.4,1371.4,1371.4,1371.4,Guest 2882,0
2883_01,Earth,False,D859,TRAPPIST-1e,18.0,True,781.8,781.8,781.8,781.8,781.8,Guest 2883,0
2884_01,Earth,True,B590,TRAPPIST-1e,16.0,False,963.3,963.3,963.3,963.3,963.3,Guest 2884,0
2885_01,Earth,False,B566,55 Cancri e,40.0,False,238.7,238.7,238.7,238.7,238.7,Guest 2885,0
2886_01,Europa,False,B643,55 Cancri e,40.0,True,1047.2,1047.2,1047.2,1047.2,1047.2,Guest 2886,0
2887_01,Mars,False,A550,PSO J318.5-22,22.0,True,2024.3,2024.3,2024.3,2024.3,2024.3,Guest 2887,0
2888_01,Mars,False,B957,PSO J318.5-22,59.0,True,126.7,126.7,126.7,126.7,126.7,Guest 2888,0
2889_01,Mars,True,B222,PSO J318.5-22,26.0,False,976.0,976.0,976.0,976.0,976.0,Guest 2889,0
2890_01,Earth,False,B693,TRAPPIST-1e,49.0,True,464.4,464.4,464.4,464.4,464.4,Guest 2890,0
2891_01,Europa,True,G617,TRAPPIST-1e,18.0,False,86.5,86.5,86.5,86.5,86.5,Guest 2891,0
2892_01,Europa,True,E981,55 Cancri e,18.0,True,1445.6,1445.6,1445.6,1445.6,1445.6,Guest 2892,0
2893_01,Mars,False,G676,55 Cancri e,31.0,False,570.5,570.5,570.5,570.5,570.5,Guest 2893,0
2894_01,Earth,True,B226,PSO J318.5-22,18.0,False,1415.2,1415.2,1415.2,1415.2,1415.2,Guest 2894,0
2895_01,Earth,False,B375,TRAPPIST-1e,35.0,True,41.9,41.9,41.9,41.9,41.9,Guest 2895,0
2896_01,Europa,False,G900,PSO J318.5-22,4.0,False,695.2,695.2,695.2,695.2,695.2,Guest 2896,0
2897_01,Europa,False,A87,TRAPPIST-1e,32.0,True,1365.7,1365.7,1365.7,1365.7,1365.7,Guest 2897,0
2898_01,Europa,False,F769,PSO J318.5-22,23.0,True,1135.1,1135.1,1135.1,1135.1,1135.1,Guest 2898,0
2899_01,Mars,False,C513,55 Cancri e,18.0,True,299.8,299.8,299.8,299.8,299.8,Guest 2899,0
2900_01,Mars,True,C36,TRAPPIST-1e,32.0,True,3301.9,3301.9,3301.9,3301.9,3301.9,Guest 2900,0
2901_01,Europa,False,F826,TRAPPIST-1e,27.0,False,729.7,729.7,729.7,729.7,729.7,Guest 2901,0
2902_01,Mars,False,F188,PSO J318.5-22,25.0,True,463.0,463.0,463.0,463.0,463.0,Guest 2902,0
2903_01,Europa,False,G326,55 Cancri e,40.0,False,7.3,7.3,7.3,7.3,7.3,Guest 2903,0
2904_01,Earth,True,D515,55 Cancri e,34.0,False,1346.2,1346.2,1346.2,1346.2,1346.2,Guest 2904,1
2905_01,Mars,True,G321,55 Cancri e,35.0,False,282.0,282.0,282.0,282.0,282.0,Guest 2905,0
2906_01,Earth,True,E845,55 Cancri e,46.0,True,3169.4,3169.4,3169.4,3169.4,3169.4,Guest 2906,1
2907_01,Europa,True,B967,PSO J318.5-22,29.0,True,1350.5,1350.5,1350.5,1350.5,1350.5,Guest 2907,0
2908_01,Earth,False,G923,55 Cancri e,40.0,True,100.5,100.5,100.5,100.5,100.5,Guest 2908,0
2909_01,Mars,False,E489,TRAPPIST-1e,25.0,False,735.5,735.5,735.5,735.5,735.5,Guest 2909,0
2910_01,Mars,True,C783,PSO J318.5-22,37.0,False,312.6,312.6,312.6,312.6,312.6,Guest 2910,0
2911_01,Europa,True,A318,PSO J318.5-22,36.0,True,121.3,121.3,121.3,121.3,121.3,Guest 2911,0
2912_01,Mars,False,G472,55 Cancri e,23.0,False,2681.0,2681.0,2681.0,2681.0,2681.0,Guest 2912,0
2913_01,Earth,True,E512,PSO J318.5-22,12.0,False,929.1,929.1,929.1,929.1,929.1,Guest 2913,0
2914_01,Europa,False,G432,TRAPPIST-1e,15.0,True,40.8,40.8,40.8,40.8,40.8,Guest 2914,0
2915_01,Mars,False,F194,55 Cancri e,19.0,False,694.2,694.2,694.2,694.2,694.2,Guest 2915,0
2916_01,Mars,True,G902,55 Cancri e,37.0,False,495.7,495.7,495.7,495.7,495.7,Guest 2916,0
2917_01,Mars,True,D652,55 Cancri e,28.0,True,194.0,194.0,194.0,194.0,194.0,Guest 2917,0
2918_01,Europa,False,B352,TRAPPIST-1e,26.0,False,318.6,318.6,318.6,318.6,318.6,Guest 2918,0
2919_01,Earth,True,F306,PSO J318.5-22,36.0,False,76.7,76.7,76.7,76.7,76.7,Guest 2919,0
2920_01,Europa,True,B115,55 Cancri e,39.0,True,340.6,340.6,340.6,340.6,340.6,Guest 2920,0
2921_01,Mars,True,G471,TRAPPIST-1e,47.0,False,735.7,735.7,735.7,735.7,735.7,Guest 2921,0
2922_01,Earth,True,C334,55 Cancri e,23.0,False,746.1,746.1,746.1,746.1,746.1,Guest 2922,1
2923_01,Europa,False,A897,TRAPPIST-1e,37.0,False,1170.9,1170.9,1170.9,1170.9,1170.9,Guest 2923,0
2924_01,Mars,True,D116,PSO J318.5-22,38.0,True,295.9,295.9,295.9,295.9,295.9,Guest 2924,0
2925_01,Europa,False,B207,55 Cancri e,19.0,True,2431.8,2431.8,2431.8,2431.8,2431.8,Guest 2925,0
2926_01,Earth,True,B651,55 Cancri e,31.0,True,21.5,21.5,21.5,21.5,21.5,Guest 2926,1
2927_01,Europa,False,A279,PSO J318.5-22,19.0,False,1862.7,1862.7,1862.7,1862.7,1862.7,Guest 2927,0
2928_01,Earth,False,B341,55 Cancri e,27.0,False,1128.2,1128.2,1128.2,1128.2,1128.2,Guest 2928,0
2929_01,Europa,False,C941,TRAPPIST-1e,35.0,True,1406.7,1406.7,1406.7,1406.7,1406.7,Guest 2929,0
2930_01,Europa,False,A229,TRAPPIST-1e,10.0,True,1261.8,1261.8,1261.8,1261.8,1261.8,Guest 2930,0
2931_01,Europa,True,B158,PSO J318.5-22,20.0,False,1105.2,1105.2,1105.2,1105.2,1105.2,Guest 2931,0
2932_01,Mars,True,B331,PSO J318.5-22,20.0,False,936.6,936.6,936.6,936.6,936.6,Guest 2932,0
2933_01,Europa,False,E386,PSO J318.5-22,31.0,False,351.1,351.1,351.1,351.1,351.1,Guest 2933,0
2934_01,Earth,True,C495,TRAPPIST-1e,21.0,False,1602.3,1602.3,1602.3,1602.3,1602.3,Guest 2934,0
2935_01,Europa,True,E720,PSO J318.5-22,34.0,False,27.8,27.8,27.8,27.8,27.8,Guest 2935,0
2936_01,Earth,False,D143,PSO J318.5-22,20.0,True,92.8,92.8,92.8,92.8,92.8,Guest 2936,0
2937_01,Europa,True,C188,PSO J318.5-22,24.0,True,2.8,2.8,2.8,2.8,2.8,Guest 2937,0
2938_01,Mars,False,B913,TRAPPIST-1e,37.0,False,340.5,340.5,340.5,340.5,340.5,Guest 2938,0
2939_01,Earth,True,B680,55 Cancri e,34.0,True,1363.4,1363.4,1363.4,1363.4,1363.4,Guest 2939,0
2940_01,Mars,False,B102,55 Cancri e,32.0,False,2014.4,2014.4,2014.4,2014.4,2014.4,Guest 2940,0
2941_01,Mars,True,C587,PSO J318.5-22,30.0,False,765.6,765.6,765.6,765.6,765.6,Guest 2941,0
2942_01,Earth,True,B836,TRAPPIST-1e,42.0,True,534.9,534.9,534.9,534.9,534.9,Guest 2942,0
2943_01,Earth,True,D241,55 Cancri e,46.0,False,209.0,209.0,209.0,209.0,209.0,Guest 2943,0
2944_01,Europa,False,F488,PSO J318.5-22,26.0,False,60.9,60.9,60.9,60.9,60.9,Guest 2944,0
2945_01,Europa,False,F792,55 Cancri e,21.0,False,252.5,252.5,252.5,252.5,252.5,Guest 2945,0
2946_01,Earth,False,C276,55 Cancri e,18.0,True,116.3,116.3,116.3,116.3,116.3,Guest 2946,0
2947_01,Mars,True,F711,55 Cancri e,51.0,False,1260.6,1260.6,1260.6,1260.6,1260.6,Guest 2947,0
2948_01,Europa,False,G410,TRAPPIST-1e,19.0,False,959.7,959.7,959.7,959.7,959.7,Guest 2948,0
2949_01,Europa,True,E587,TRAPPIST-1e,14.0,False,291.7,291.7,291.7,291.7,291.7,Guest 2949,0
2950_01,Mars,True,G623,55 Cancri e,33.0,False,398.8,398.8,398.8,398.8,398.8,Guest 2950,0
2951_01,Europa,False,G70,TRAPPIST-1e,43.0,True,312.1,312.1,312.1,312.1,312.1,Guest 2951,0
2952_01,Mars,False,G661,PSO J318.5-22,15.0,True,427.1,427.1,427.1,427.1,427.1,Guest 2952,0
2953_01,Earth,True,B793,TRAPPIST-1e,28.0,True,29.8,29.8,29.8,29.8,29.8,Guest 2953,0
2954_01,Mars,True,E186,TRAPPIST-1e,13.0,False,664.3,664.3,664.3,664.3,664.3,Guest 2954,0
2955_01,Earth,False,A78,PSO J318.5-22,22.0,False,748.4,748.4,748.4,748.4,748.4,Guest 2955,0
2956_01,Europa,True,B523,55 Cancri e,49.0,False,66.3,66.3,66.3,66.3,66.3,Guest 2956,0
2957_01,Earth,True,B508,TRAPPIST-1e,32.0,True,894.1,894.1,894.1,894.1,894.1,Guest 2957,0
2958_01,Europa,False,E452,TRAPPIST-1e,27.0,False,616.6,616.6,616.6,616.6,616.6,Guest 2958,0
2959_01,Mars,True,G881,PSO J318.5-22,31.0,True,294.4,294.4,294.4,294.4,294.4,Guest 2959,0
2960_01,Europa,False,D62,PSO J318.5-22,33.0,True,2036.9,2036.9,2036.9,2036.9,2036.9,Guest 2960,0
2961_01,Mars,False,G631,TRAPPIST-1e,29.0,True,34.1,34.1,34.1,34.1,34.1,Guest 2961,0
2962_01,Earth,True,D845,55 Cancri e,16.0,True,617.4,617.4,617.4,617.4,617.4,Guest 2962,0
2963_01,Mars,False,G803,TRAPPIST-1e,16.0,False,1300.0,1300.0,1300.0,1300.0,1300.0,Guest 2963,0
2964_01,Mars,True,A721,55 Cancri e,54.0,False,2099.0,2099.0,2099.0,2099.0,2099.0,Guest 2964,0
2965_01,Mars,False,A202,PSO J318.5-22,21.0,True,818.6,818.6,818.6,818.6,818.6,Guest 2965,0
2966_01,Earth,True,G210,PSO J318.5-22,44.0,False,422.8,422.8,422.8,422.8,422.8,Guest 2966,0
2967_01,Earth,False,B421,TRAPPIST-1e,21.0,True,176.8,176.8,176.8,176.8,176.8,Guest 2967,0
2968_01,Earth,False,C781,TRAPPIST-1e,45.0,True,100.0,100.0,100.0,100.0,100.0,Guest 2968,0
2969_01,Mars,False,D83,TRAPPIST-1e,38.0,True,1322.2,1322.2,1322.2,1322.2,1322.2,Guest 2969,0
2970_01,Earth,False,F57,PSO J318.5-22,27.0,True,475.4,475.4,475.4,475.4,475.4,Guest 2970,0
2971_01,Mars,False,D897,PSO J318.5-22,54.0,True,893.6,893.6,893.6,893.6,893.6,Guest 2971,0
2972_01,Earth,True,G370,TRAPPIST-1e,19.0,True,1001.5,1001.5,1001.5,1001.5,1001.5,Guest 2972,0
2973_01,Mars,True,B607,TRAPPIST-1e,27.0,False,54.6,54.6,54.6,54.6,54.6,Guest 2973,0
2974_01,Europa,False,A930,TRAPPIST-1e,20.0,True,1265.0,1265.0,1265.0,1265.0,1265.0,Guest 2974,0
2975_01,Mars,False,F93,55 Cancri e,21.0,False,100.3,100.3,100.3,100.3,100.3,Guest 2975,0
2976_01,Europa,False,E399,TRAPPIST-1e,26.0,False,707.1,707.1,707.1,707.1,707.1,Guest 2976,0
2977_01,Europa,False,G836,55 Cancri e,19.0,True,1787.7,1787.7,1787.7,1787.7,1787.7,Guest 2977,0
2978_01,Europa,True,C184,TRAPPIST-1e,26.0,False,216.7,216.7,216.7,216.7,216.7,Guest 2978,0
2979_01,Earth,True,B893,TRAPPIST-1e,49.0,False,227.9,227.9,227.9,227.9,227.9,Guest 2979,0
2980_01,Europa,False,E717,TRAPPIST-1e,9.0,False,1017.5,1017.5,1017.5,1017.5,1017.5,Guest 2980,0
2981_01,Earth,False,C389,PSO J318.5-22,15.0,False,338.2,338.2,338.2,338.2,338.2,Guest 2981,0
2982_01,Earth,True,C811,55 Cancri e,19.0,False,186.5,186.5,186.5,186.5,186.5,Guest 2982,0
2983_01,Europa,True,A429,PSO J318.5-22,24.0,True,127.2,127.2,127.2,127.2,127.2,Guest 2983,0
2984_01,Mars,True,F864,TRAPPIST-1e,42.0,True,1239.0,1239.0,1239.0,1239.0,1239.0,Guest 2984,0
2985_01,Mars,False,F996,55 Cancri e,39.0,True,792.5,792.5,792.5,792.5,792.5,Guest 2985,0
2986_01,Mars,False,B588,PSO J318.5-22,36.0,True,1483.9,1483.9,1483.9,1483.9,1483.9,Guest 2986,0
2987_01,Earth,False,G673,55 Cancri e,32.0,False,954.9,954.9,954.9,954.9,954.9,Guest 2987,0
2988_01,Earth,True,C205,PSO J318.5-22,59.0,True,548.8,548.8,548.8,548.8,548.8,Guest 2988,0
2989_01,Earth,False,G164,TRAPPIST-1e,17.0,False,509.0,509.0,509.0,509.0,509.0,Guest 2989,0
2990_01,Mars,True,B401,PSO J318.5-22,16.0,True,536.5,536.5,536.5,536.5,536.5,Guest 2990,0
2991_01,Earth,False,G284,55 Cancri e,30.0,False,226.9,226.9,226.9,226.9,226.9,Guest 2991,0
2992_01,Europa,False,D463,PSO J318.5-22,32.0,False,35.4,35.4,35.4,35.4,35.4,Guest 2992,0
2993_01,Mars,False,A178,PSO J318.5-22,27.0,False,179.5,179.5,179.5,179.5,179.5,Guest 2993,0
2994_01,Earth,True,A668,PSO J318.5-22,20.0,False,129.2,129.2,129.2,129.2,129.2,Guest 2994,0
2995_01,Europa,False,C540,TRAPPIST-1e,14.0,True,2724.3,2724.3,2724.3,2724.3,2724.3,Guest 2995,0
2996_01,Earth,True,C182,55 Cancri e,27.0,False,1420.6,1420.6,1420.6,1420.6,1420.6,Guest 2996,0
2997_01,Mars,False,E80,PSO J318.5-22,22.0,False,1135.2,1135.2,1135.2,1135.2,1135.2,Guest 2997,0
2998_01,Mars,False,G583,PSO J318.5-22,24.0,False,126.5,126.5,126.5,126.5,126.5,Guest 2998,0
2999_01,Mars,False,B984,TRAPPIST-1e,17.0,True,628.3,628.3,628.3,628.3,628.3,Guest 2999,0
3000_01,Europa,True,A961,55 Cancri e,46.0,True,0.6,0.6,0.6,0.6,0.6,Guest 3000,0
3001_01,Mars,True,F994,PSO J318.5-22,35.0,True,241.7,241.7,241.7,241.7,241.7,Guest 3001,0
3002_01,Mars,True,B420,PSO J318.5-22,52.0,True,1151.8,1151.8,1151.8,1151.8,1151.8,Guest 3002,0
3003_01,Earth,True,C907,55 Cancri e,24.0,True,433.8,433.8,433.8,433.8,433.8,Guest 3003,1
3004_01,Europa,False,D100,55 Cancri e,31.0,False,90.5,90.5,90.5,90.5,90.5,Guest 3004,0
3005_01,Europa,False,D0,55 Cancri e,27.0,True,1233.0,1233.0,1233.0,1233.0,1233.0,Guest 3005,0
3006_01,Earth,False,E114,55 Cancri e,30.0,True,184.9,184.9,184.9,184.9,184.9,Guest 3006,0
3007_01,Earth,False,B17,PSO J318.5-22,27.0,True,24.4,24.4,24.4,24.4,24.4,Guest 3007,0
3008_01,Earth,False,A117,55 Cancri e,28.0,False,1046.2,1046.2,1046.2,1046.2,1046.2,Guest 3008,0
3009_01,Earth,False,F485,55 Cancri e,6.0,True,495.4,495.4,495.4,495.4,495.4,Guest 3009,0
3010_01,Earth,True,F836,TRAPPIST-1e,27.0,False,338.9,338.9,338.9,338.9,338.9,Guest 3010,0
3011_01,Europa,True,E735,55 Cancri e,38.0,True,512.9,512.9,512.9,512.9,512.9,Guest 3011,0
3012_01,Earth,False,F529,PSO J318.5-22,7.0,True,557.8,557.8,557.8,557.8,557.8,Guest 3012,0
3013_01,Europa,True,B63,55 Cancri e,26.0,True,218.7,218.7,218.7,218.7,218.7,Guest 3013,0
3014_01,Europa,False,A646,TRAPPIST-1e,37.0,False,207.2,207.2,207.2,207.2,207.2,Guest 3014,0
3015_01,Europa,True,D629,TRAPPIST-1e,45.0,False,709.8,709.8,709.8,709.8,709.8,Guest 3015,0
3016_01,Europa,True,B808,55 Cancri e,29.0,True,309.3,309.3,309.3,309.3,309.3,Guest 3016,0
3017_01,Earth,False,G545,55 Cancri e,35.0,True,4.5,4.5,4.5,4.5,4.5,Guest 3017,0
3018_01,Europa,False,B335,PSO J318.5-22,51.0,True,2257.4,2257.4,2257.4,2257.4,2257.4,Guest 3018,0
3019_01,Europa,False,C287,TRAPPIST-1e,45.0,False,1238.8,1238.8,1238.8,1238.8,1238.8,Guest 3019,0
3020_01,Earth,True,B490,55 Cancri e,25.0,False,1225.9,1225.9,1225.9,1225.9,1225.9,Guest 3020,1
3021_01,Earth,True,C272,TRAPPIST-1e,23.0,False,455.0,455.0,455.0,455.0,455.0,Guest 3021,1
3022_01,Earth,False,F973,TRAPPIST-1e,42.0,False,788.2,788.2,788.2,788.2,788.2,Guest 3022,0
3023_01,Earth,True,E94,55 Cancri e,33.0,True,147.3,147.3,147.3,147.3,147.3,Guest 3023,1
3024_01,Europa,True,F669,TRAPPIST-1e,24.0,False,233.7,233.7,233.7,233.7,233.7,Guest 3024,0
3025_01,Earth,True,F395,55 Cancri e,27.0,False,71.0,71.0,71.0,71.0,71.0,Guest 3025,0
3026_01,Europa,True,G406,PSO J318.5-22,34.0,False,3323.1,3323.1,3323.1,3323.1,3323.1,Guest 3026,0
3027_01,Mars,False,E531,TRAPPIST-1e,28.0,False,86.0,86.0,86.0,86.0,86.0,Guest 3027,0
3028_01,Mars,True,C317,55 Cancri e,27.0,True,931.1,931.1,931.1,931.1,931.1,Guest 3028,0
3029_01,Mars,True,E722,PSO J318.5-22,27.0,True,412.0,412.0,412.0,412.0,412.0,Guest 3029,0
3030_01,Mars,False,D611,TRAPPIST-1e,12.0,False,510.1,510.1,510.1,510.1,510.1,Guest 3030,0
3031_01,Europa,False,A480,PSO J318.5-22,51.0,True,1124.0,1124.0,1124.0,1124.0,1124.0,Guest 3031,0
3032_01,Mars,True,D435,TRAPPIST-1e,45.0,True,112.4,112.4,112.4,112.4,112.4,Guest 3032,0
3033_01,Europa,True,C569,TRAPPIST-1e,48.0,False,1036.3,1036.3,1036.3,1036.3,1036.3,Guest 3033,0
3034_01,Mars,False,G731,TRAPPIST-1e,28.0,True,347.9,347.9,347.9,347.9,347.9,Guest 3034,0
3035_01,Mars,False,F170,TRAPPIST-1e,31.0,True,271.1,271.1,271.1,271.1,271.1,Guest 3035,0
3036_01,Europa,True,C136,PSO J318.5-22,37.0,True,1303.2,1303.2,1303.2,1303.2,1303.2,Guest 3036,0
3037_01,Earth,False,G157,PSO J318.5-22,40.0,True,55.0,55.0,55.0,55.0,55.0,Guest 3037,0
3038_01,Mars,True,F392,TRAPPIST-1e,8.0,True,986.0,986.0,986.0,986.0,986.0,Guest 3038,0
3039_01,Europa,True,E518,55 Cancri e,34.0,False,86.8,86.8,86.8,86.8,86.8,Guest 3039,0
3040_01,Earth,True,C428,TRAPPIST-1e,18.0,False,1193.4,1193.4,1193.4,1193.4,1193.4,Guest 3040,0
3041_01,Europa,False,F771,PSO J318.5-22,29.0,False,373.5,373.5,373.5,373.5,373.5,Guest 3041,0
3042_01,Earth,False,C654,TRAPPIST-1e,22.0,False,957.1,957.1,957.1,957.1,957.1,Guest 3042,0
3043_01,Earth,False,B658,PSO J318.5-22,50.0,False,1166.4,1166.4,1166.4,1166.4,1166.4,Guest 3043,0
3044_01,Earth,True,D524,TRAPPIST-1e,36.0,False,707.5,707.5,707.5,707.5,707.5,Guest 3044,1
3045_01,Mars,True,C972,55 Cancri e,30.0,False,549.3,549.3,549.3,549.3,549.3,Guest 3045,0
3046_01,Europa,False,C27,TRAPPIST-1e,47.0,True,990.6,990.6,990.6,990.6,990.6,Guest 3046,0
3047_01,Europa,False,C471,55 Cancri e,29.0,True,821.2,821.2,821.2,821.2,821.2,Guest 3047,0
3048_01,Mars,True,D357,TRAPPIST-1e,21.0,False,1121.5,1121.5,1121.5,1121.5,1121.5,Guest 3048,0
3049_01,Mars,True,F990,55 Cancri e,28.0,True,696.8,696.8,696.8,696.8,696.8,Guest 3049,0
3050_01,Europa,False,D312,PSO J318.5-22,26.0,True,853.0,853.0,853.0,853.0,853.0,Guest 3050,0
3051_01,Europa,True,D412,TRAPPIST-1e,31.0,True,217.3,217.3,217.3,217.3,217.3,Guest 3051,0
3052_01,Earth,False,F751,55 Cancri e,40.0,True,724.8,724.8,724.8,724.8,724.8,Guest 3052,0
3053_01,Mars,True,B423,55 Cancri e,29.0,True,316.8,316.8,316.8,316.8,316.8,Guest 3053,0
3054_01,Mars,True,G151,PSO J318.5-22,29.0,False,51.7,51.7,51.7,51.7,51.7,Guest 3054,0
3055_01,Earth,False,F220,55 Cancri e,42.0,True,1106.9,1106.9,1106.9,1106.9,1106.9,Guest 3055,0
3056_01,Europa,False,C515,PSO J318.5-22,33.0,True,473.4,473.4,473.4,473.4,473.4,Guest 3056,0
3057_01,Mars,False,A377,55 Cancri e,41.0,True,709.9,709.9,709.9,709.9,709.9,Guest 3057,0
3058_01,Mars,True,B577,PSO J318.5-22,32.0,False,332.7,332.7,332.7,332.7,332.7,Guest 3058,0
3059_01,Mars,True,C240,PSO J318.5-22,14.0,False,435.8,435.8,435.8,435.8,435.8,Guest 3059,0
3060_01,Earth,True,E977,TRAPPIST-1e,17.0,True,61.1,61.1,61.1,61.1,61.1,Guest 3060,0
3061_01,Europa,False,G334,PSO J318.5-22,10.0,True,1023.5,1023.5,1023.5,1023.5,1023.5,Guest 3061,0
3062_01,Mars,True,B376,TRAPPIST-1e,44.0,True,96.7,96.7,96.7,96.7,96.7,Guest 3062,0
3063_01,Earth,True,G617,TRAPPIST-1e,35.0,True,973.2,973.2,973.2,973.2,973.2,Guest 3063,0
3064_01,Mars,False,F843,TRAPPIST-1e,24.0,False,67.0,67.0,67.0,67.0,67.0,Guest 3064,0
3065_01,Earth,False,C863,TRAPPIST-1e,18.0,False,502.0,502.0,502.0,502.0,502.0,Guest 3065,0
3066_01,Europa,False,G547,55 Cancri e,34.0,False,1533.8,1533.8,1533.8,1533.8,1533.8,Guest 3066,0
3067_01,Mars,False,C856,TRAPPIST-1e,28.0,True,1853.0,1853.0,1853.0,1853.0,1853.0,Guest 3067,0
3068_01,Mars,True,A659,55 Cancri e,34.0,True,754.1,754.1,754.1,754.1,754.1,Guest 3068,0
3069_01,Earth,True,A342,55 Cancri e,20.0,True,85.8,85.8,85.8,85.8,85.8,Guest 3069,0
3070_01,Earth,True,G485,PSO J318.5-22,17.0,True,243.0,243.0,243.0,243.0,243.0,Guest 3070,0
3071_01,Europa,False,F328,55 Cancri e,49.0,True,100.4,100.4,100.4,100.4,100.4,Guest 3071,0
3072_01,Europa,False,C789,PSO J318.5-22,19.0,False,3409.4,3409.4,3409.4,3409.4,3409.4,Guest 3072,0
3073_01,Mars,False,A583,55 Cancri e,30.0,True,2247.5,2247.5,2247.5,2247.5,2247.5,Guest 3073,0
3074_01,Mars,True,A525,55 Cancri e,46.0,True,1160.5,1160.5,1160.5,1160.5,1160.5,Guest 3074,0
3075_01,Earth,True,A336,TRAPPIST-1e,8.0,False,767.9,767.9,767.9,767.9,767.9,Guest 3075,1
3076_01,Europa,True,A736,55 Cancri e,38.0,True,1058.6,1058.6,1058.6,1058.6,1058.6,Guest 3076,0
3077_01,Mars,True,F263,PSO J318.5-22,31.0,False,521.2,521.2,521.2,521.2,521.2,Guest 3077,0
3078_01,Mars,True,B310,TRAPPIST-1e,28.0,False,2080.4,2080.4,2080.4,2080.4,2080.4,Guest 3078,0
3079_01,Earth,True,D4,TRAPPIST-1e,33.0,True,1167.5,1167.5,1167.5,1167.5,1167.5,Guest 3079,0
3080_01,Earth,True,E109,55 Cancri e,16.0,False,125.6,125.6,125.6,125.6,125.6,Guest 3080,0
3081_01,Europa,False,B326,55 Cancri e,4.0,False,4046.8,4046.8,4046.8,4046.8,4046.8,Guest 3081,0
3082_01,Earth,True,F325,PSO J318.5-22,52.0,True,372.4,372.4,372.4,372.4,372.4,Guest 3082,0
3083_01,Mars,False,E426,PSO J318.5-22,27.0,False,375.9,375.9,375.9,375.9,375.9,Guest 3083,0
3084_01,Earth,False,A651,TRAPPIST-1e,41.0,True,698.1,698.1,698.1,698.1,698.1,Guest 3084,0
3085_01,Europa,False,F267,PSO J318.5-22,43.0,True,530.0,530.0,530.0,530.0,530.0,Guest 3085,0
3086_01,Earth,True,F169,TRAPPIST-1e,33.0,True,558.8,558.8,558.8,558.8,558.8,Guest 3086,0
3087_01,Europa,False,C625,PSO J318.5-22,35.0,True,627.0,627.0,627.0,627.0,627.0,Guest 3087,0
3088_01,Earth,True,E715,TRAPPIST-1e,38.0,False,97.5,97.5,97.5,97.5,97.5,Guest 3088,1
3089_01,Mars,True,B911,55 Cancri e,49.0,True,1419.0,1419.0,1419.0,1419.0,1419.0,Guest 3089,0
3090_01,Mars,False,C500,PSO J318.5-22,36.0,True,508.6,508.6,508.6,508.6,508.6,Guest 3090,0
3091_01,Mars,False,G59,TRAPPIST-1e,45.0,True,123.1,123.1,123.1,123.1,123.1,Guest 3091,0
3092_01,Earth,True,G338,55 Cancri e,27.0,False,192.2,192.2,192.2,192.2,192.2,Guest 3092,0
3093_01,Mars,True,B682,PSO J318.5-22,25.0,False,177.9,177.9,177.9,177.9,177.9,Guest 3093,0
3094_01,Mars,True,F399,55 Cancri e,31.0,True,39.3,39.3,39.3,39.3,39.3,Guest 3094,0
3095_01,Mars,False,G142,55 Cancri e,35.0,True,330.6,330.6,330.6,330.6,330.6,Guest 3095,0
3096_01,Europa,True,D954,TRAPPIST-1e,36.0,False,549.1,549.1,549.1,549.1,549.1,Guest 3096,0
3097_01,Mars,True,C847,PSO J318.5-22,53.0,False,974.8,974.8,974.8,974.8,974.8,Guest 3097,0
3098_01,Earth,True,E258,TRAPPIST-1e,40.0,False,1134.7,1134.7,1134.7,1134.7,1134.7,Guest 3098,0
3099_01,Earth,False,C125,PSO J318.5-22,31.0,True,6450.6,6450.6,6450.6,6450.6,6450.6,Guest 3099,0
3100_01,Earth,False,G478,TRAPPIST-1e,54.0,False,313.9,313.9,313.9,313.9,313.9,Guest 3100,0
3101_01,Mars,False,G246,55 Cancri e,34.0,True,735.3,735.3,735.3,735.3,735.3,Guest 3101,0
3102_01,Europa,True,A508,TRAPPIST-1e,34.0,False,374.5,374.5,374.5,374.5,374.5,Guest 3102,0
3103_01,Earth,True,F738,PSO J318.5-22,36.0,False,158.0,158.0,158.0,158.0,158.0,Guest 3103,0
3104_01,Mars,True,G284,TRAPPIST-1e,26.0,False,509.9,509.9,509.9,509.9,509.9,Guest 3104,0
3105_01,Mars,False,D373,55 Cancri e,17.0,True,101.1,101.1,101.1,101.1,101.1,Guest 3105,0
3106_01,Mars,True,G618,55 Cancri e,32.0,False,5.3,5.3,5.3,5.3,5.3,Guest 3106,0
3107_01,Europa,True,G530,PSO J318.5-22,26.0,False,349.1,349.1,349.1,349.1,349.1,Guest 3107,0
3108_01,Earth,True,D14,TRAPPIST-1e,20.0,True,4322.7,4322.7,4322.7,4322.7,4322.7,Guest 3108,1
3109_01,Mars,False,G328,TRAPPIST-1e,31.0,True,94.5,94.5,94.5,94.5,94.5,Guest 3109,0
3110_01,Mars,False,D132,PSO J318.5-22,28.0,True,562.0,562.0,562.0,562.0,562.0,Guest 3110,0
3111_01,Europa,True,F859,TRAPPIST-1e,23.0,True,1270.6,1270.6,1270.6,1270.6,1270.6,Guest 3111,0
3112_01,Earth,True,F464,TRAPPIST-1e,9.0,False,3919.1,3919.1,3919.1,3919.1,3919.1,Guest 3112,0
3113_01,Europa,True,G792,TRAPPIST-1e,28.0,True,1160.3,1160.3,1160.3,1160.3,1160.3,Guest 3113,0
3114_01,Europa,True,B266,55 Cancri e,51.0,False,229.7,229.7,229.7,229.7,229.7,Guest 3114,0
3115_01,Mars,True,D58,55 Cancri e,41.0,False,261.7,261.7,261.7,261.7,261.7,Guest 3115,0
3116_01,Europa,True,C889,PSO J318.5-22,43.0,False,696.7,696.7,696.7,696.7,696.7,Guest 3116,0
3117_01,Mars,True,C882,55 Cancri e,30.0,False,130.6,130.6,130.6,130.6,130.6,Guest 3117,0
3118_01,Earth,False,E574,TRAPPIST-1e,43.0,False,854.0,854.0,854.0,854.0,854.0,Guest 3118,0
3119_01,Europa,False,A130,55 Cancri e,22.0,False,181.6,181.6,181.6,181.6,181.6,Guest 3119,0
3120_01,Earth,True,G66,55 Cancri e,25.0,True,2503.7,2503.7,2503.7,2503.7,2503.7,Guest 3120,0
3121_01,Earth,True,G667,55 Cancri e,36.0,True,1165.7,1165.7,1165.7,1165.7,1165.7,Guest 3121,0
3122_01,Europa,False,F528,TRAPPIST-1e,13.0,False,1995.2,1995.2,1995.2,1995.2,1995.2,Guest 3122,0
3123_01,Europa,False,B342,PSO J318.5-22,31.0,False,30.6,30.6,30.6,30.6,30.6,Guest 3123,0
3124_01,Earth,False,G574,PSO J318.5-22,34.0,False,727.4,727.4,727.4,727.4,727.4,Guest 3124,0
3125_01,Europa,False,F52,55 Cancri e,50.0,False,484.2,484.2,484.2,484.2,484.2,Guest 3125,0
3126_01,Mars,True,D207,TRAPPIST-1e,22.0,True,1267.8,1267.8,1267.8,1267.8,1267.8,Guest 3126,0
3127_01,Earth,True,D976,55 Cancri e,35.0,True,1842.7,1842.7,1842.7,1842.7,1842.7,Guest 3127,0
3128_01,Europa,True,G446,PSO J318.5-22,22.0,True,751.5,751.5,751.5,751.5,751.5,Guest 3128,0
3129_01,Europa,False,F437,55 Cancri e,24.0,False,541.4,541.4,541.4,541.4,541.4,Guest 3129,0
3130_01,Europa,False,D981,TRAPPIST-1e,1.0,False,1137.0,1137.0,1137.0,1137.0,1137.0,Guest 3130,0
3131_01,Mars,False,C447,PSO J318.5-22,19.0,False,1164.8,1164.8,1164.8,1164.8,1164.8,Guest 3131,0
3132_01,Europa,True,B46,TRAPPIST-1e,44.0,False,377.6,377.6,377.6,377.6,377.6,Guest 3132,0
3133_01,Europa,True,D671,TRAPPIST-1e,36.0,True,777.6,777.6,777.6,777.6,777.6,Guest 3133,0
3134_01,Mars,True,D509,TRAPPIST-1e,32.0,True,1191.6,1191.6,1191.6,1191.6,1191.6,Guest 3134,0
3135_01,Europa,True,A255,TRAPPIST-1e,59.0,False,515.9,515.9,515.9,515.9,515.9,Guest 3135,0
3136_01,Europa,True,E521,55 Cancri e,36.0,False,249.1,249.1,249.1,249.1,249.1,Guest 3136,0
3137_01,Earth,True,G290,TRAPPIST-1e,15.0,True,721.9,721.9,721.9,721.9,721.9,Guest 3137,0
3138_01,Mars,False,D708,TRAPPIST-1e,28.0,False,1412.4,1412.4,1412.4,1412.4,1412.4,Guest 3138,0
3139_01,Europa,True,E976,TRAPPIST-1e,29.0,True,366.8,366.8,366.8,366.8,366.8,Guest 3139,0
3140_01,Earth,False,B66,TRAPPIST-1e,49.0,True,1565.3,1565.3,1565.3,1565.3,1565.3,Guest 3140,0
3141_01,Mars,True,E745,55 Cancri e,19.0,False,88.4,88.4,88.4,88.4,88.4,Guest 3141,0
3142_01,Mars,False,B864,PSO J318.5-22,35.0,True,1385.6,1385.6,1385.6,1385.6,1385.6,Guest 3142,0
3143_01,Mars,False,C703,55 Cancri e,42.0,True,661.6,661.6,661.6,661.6,661.6,Guest 3143,0
3144_01,Mars,False,G560,TRAPPIST-1e,20.0,False,22.6,22.6,22.6,22.6,22.6,Guest 3144,0
3145_01,Mars,True,E285,55 Cancri e,31.0,False,656.4,656.4,656.4,656.4,656.4,Guest 3145,0
3146_01,Europa,True,F387,TRAPPIST-1e,6.0,False,285.3,285.3,285.3,285.3,285.3,Guest 3146,0
3147_01,Europa,False,D138,55 Cancri e,31.0,False,358.4,358.4,358.4,358.4,358.4,Guest 3147,0
3148_01,Europa,False,G59,PSO J318.5-22,4.0,False,351.9,351.9,351.9,351.9,351.9,Guest 3148,0
3149_01,Earth,True,A700,55 Cancri e,25.0,True,1830.5,1830.5,1830.5,1830.5,1830.5,Guest 3149,0
3150_01,Earth,False,A111,PSO J318.5-22,50.0,True,842.8,842.8,842.8,842.8,842.8,Guest 3150,0
3151_01,Mars,False,D49,PSO J318.5-22,35.0,False,341.4,341.4,341.4,341.4,341.4,Guest 3151,0
3152_01,Earth,False,G246,PSO J318.5-22,31.0,False,411.7,411.7,411.7,411.7,411.7,Guest 3152,0
3153_01,Mars,True,B11,55 Cancri e,32.0,False,764.5,764.5,764.5,764.5,764.5,Guest 3153,0
3154_01,Mars,False,C599,PSO J318.5-22,56.0,False,1686.8,1686.8,1686.8,1686.8,1686.8,Guest 3154,0
3155_01,Europa,False,C523,PSO J318.5-22,37.0,True,61.7,61.7,61.7,61.7,61.7,Guest 3155,0
3156_01,Mars,False,C438,55 Cancri e,42.0,False,353.0,353.0,353.0,353.0,353.0,Guest 3156,0
3157_01,Mars,True,B77,55 Cancri e,25.0,False,1472.0,1472.0,1472.0,1472.0,1472.0,Guest 3157,0
3158_01,Europa,False,B515,55 Cancri e,25.0,True,246.0,246.0,246.0,246.0,246.0,Guest 3158,0
3159_01,Mars,False,B689,PSO J318.5-22,18.0,True,40.2,40.2,40.2,40.2,40.2,Guest 3159,0
3160_01,Europa,True,E338,TRAPPIST-1e,28.0,False,580.9,580.9,580.9,580.9,580.9,Guest 3160,0
3161_01,Earth,False,A270,PSO J318.5-22,22.0,False,1423.7,1423.7,1423.7,1423.7,1423.7,Guest 3161,0
3162_01,Europa,True,G421,TRAPPIST-1e,42.0,True,1216.1,1216.1,1216.1,1216.1,1216.1,Guest 3162,0
3163_01,Earth,True,F279,TRAPPIST-1e,38.0,True,1176.7,1176.7,1176.7,1176.7,1176.7,Guest 3163,1
3164_01,Europa,True,F379,PSO J318.5-22,29.0,False,733.8,733.8,733.8,733.8,733.8,Guest 3164,0
3165_01,Earth,False,G575,55 Cancri e,24.0,False,805.9,805.9,805.9,805.9,805.9,Guest 3165,0
3166_01,Europa,False,D42,PSO J318.5-22,1.0,False,586.7,586.7,586.7,586.7,586.7,Guest 3166,0
3167_01,Europa,True,G287,55 Cancri e,23.0,True,1176.8,1176.8,1176.8,1176.8,1176.8,Guest 3167,0
3168_01,Earth,False,G117,55 Cancri e,34.0,True,738.5,738.5,738.5,738.5,738.5,Guest 3168,0
3169_01,Earth,True,A229,TRAPPIST-1e,38.0,False,2639.0,2639.0,2639.0,2639.0,2639.0,Guest 3169,0
3170_01,Mars,False,A809,TRAPPIST-1e,1.0,False,153.7,153.7,153.7,153.7,153.7,Guest 3170,0
3171_01,Earth,False,E388,55 Cancri e,2.0,False,96.9,96.9,96.9,96.9,96.9,Guest 3171,0
3172_01,Earth,True,C452,PSO J318.5-22,32.0,False,594.3,594.3,594.3,594.3,594.3,Guest 3172,0
3173_01,Mars,False,F302,PSO J318.5-22,18.0,False,143.3,143.3,143.3,143.3,143.3,Guest 3173,0
3174_01,Europa,True,G951,PSO J318.5-22,27.0,True,1739.7,1739.7,1739.7,1739.7,1739.7,Guest 3174,0
3175_01,Mars,True,D867,TRAPPIST-1e,24.0,True,1053.3,1053.3,1053.3,1053.3,1053.3,Guest 3175,0
3176_01,Earth,True,F58,TRAPPIST-1e,37.0,True,115.1,115.1,115.1,115.1,115.1,Guest 3176,0
3177_01,Earth,True,D255,PSO J318.5-22,8.0,True,683.8,683.8,683.8,683.8,683.8,Guest 3177,0
3178_01,Earth,True,F428,55 Cancri e,23.0,True,1081.2,1081.2,1081.2,1081.2,1081.2,Guest 3178,0
3179_01,Mars,True,E760,TRAPPIST-1e,41.0,True,3.2,3.2,3.2,3.2,3.2,Guest 3179,0
3180_01,Earth,True,G317,TRAPPIST-1e,33.0,False,1069.4,1069.4,1069.4,1069.4,1069.4,Guest 3180,0
3181_01,Mars,False,B181,PSO J318.5-22,20.0,True,915.0,915.0,915.0,915.0,915.0,Guest 3181,0
3182_01,Earth,True,F141,55 Cancri e,35.0,True,227.0,227.0,227.0,227.0,227.0,Guest 3182,1
3183_01,Mars,False,B845,55 Cancri e,33.0,False,70.0,70.0,70.0,70.0,70.0,Guest 3183,0
3184_01,Europa,False,E393,55 Cancri e,20.0,True,707.9,707.9,707.9,707.9,707.9,Guest 3184,0
3185_01,Earth,True,F332,PSO J318.5-22,38.0,True,1025.6,1025.6,1025.6,1025.6,1025.6,Guest 3185,0
3186_01,Earth,False,D432,55 Cancri e,38.0,True,1588.6,1588.6,1588.6,1588.6,1588.6,Guest 3186,0
3187_01,Earth,False,E989,PSO J318.5-22,28.0,True,263.1,263.1,263.1,263.1,263.1,Guest 3187,0
3188_01,Earth,True,B701,TRAPPIST-1e,41.0,False,1081.0,1081.0,1081.0,1081.0,1081.0,Guest 3188,0
3189_01,Earth,True,C233,PSO J318.5-22,16.0,True,333.8,333.8,333.8,333.8,333.8,Guest 3189,0
3190_01,Europa,True,C193,TRAPPIST-1e,39.0,False,377.9,377.9,377.9,377.9,377.9,Guest 3190,0
3191_01,Earth,True,B116,55 Cancri e,28.0,False,1599.1,1599.1,1599.1,1599.1,1599.1,Guest 3191,0
3192_01,Europa,True,G906,TRAPPIST-1e,19.0,False,345.7,345.7,345.7,345.7,345.7,Guest 3192,0
3193_01,Earth,False,F451,55 Cancri e,23.0,True,263.9,263.9,263.9,263.9,263.9,Guest 3193,0
3194_01,Mars,False,G698,TRAPPIST-1e,44.0,True,1382.0,1382.0,1382.0,1382.0,1382.0,Guest 3194,0
3195_01,Mars,True,F877,TRAPPIST-1e,23.0,False,724.6,724.6,724.6,724.6,724.6,Guest 3195,0
3196_01,Mars,False,C64,55 Cancri e,26.0,True,110.5,110.5,110.5,110.5,110.5,Guest 3196,0
3197_01,Mars,True,F211,PSO J318.5-22,22.0,False,757.6,757.6,757.6,757.6,757.6,Guest 3197,0
3198_01,Earth,True,G411,PSO J318.5-22,21.0,False,193.7,193.7,193.7,193.7,193.7,Guest 3198,1
3199_01,Earth,True,A763,55 Cancri e,41.0,False,1468.9,1468.9,1468.9,1468.9,1468.9,Guest 3199,1
3200_01,Europa,False,D438,TRAPPIST-1e,56.0,True,344.8,344.8,344.8,344.8,344.8,Guest 3200,0
3201_01,Europa,False,E303,55 Cancri e,46.0,False,20.9,20.9,20.9,20.9,20.9,Guest 3201,0
3202_01,Europa,True,F71,TRAPPIST-1e,36.0,True,2268.5,2268.5,2268.5,2268.5,2268.5,Guest 3202,0
3203_01,Mars,True,F418,TRAPPIST-1e,39.0,True,2045.8,2045.8,2045.8,2045.8,2045.8,Guest 3203,0
3204_01,Mars,True,D190,55 Cancri e,26.0,True,193.6,193.6,193.6,193.6,193.6,Guest 3204,0
3205_01,Europa,True,A962,TRAPPIST-1e,24.0,False,272.8,272.8,272.8,272.8,272.8,Guest 3205,0
3206_01,Earth,False,B872,PSO J318.5-22,16.0,True,993.8,993.8,993.8,993.8,993.8,Guest 3206,0
3207_01,Mars,False,G406,55 Cancri e,47.0,True,2357.2,2357.2,2357.2,2357.2,2357.2,Guest 3207,0
3208_01,Earth,False,G85,TRAPPIST-1e,26.0,True,109.5,109.5,109.5,109.5,109.5,Guest 3208,0
3209_01,Mars,False,D379,TRAPPIST-1e,22.0,True,130.2,130.2,130.2,130.2,130.2,Guest 3209,0
3210_01,Mars,False,A974,PSO J318.5-22,23.0,False,909.2,909.2,909.2,909.2,909.2,Guest 3210,0
3211_01,Mars,True,A634,PSO J318.5-22,32.0,True,80.3,80.3,80.3,80.3,80.3,Guest 3211,0
3212_01,Earth,True,C487,TRAPPIST-1e,24.0,True,4702.0,4702.0,4702.0,4702.0,4702.0,Guest 3212,0
3213_01,Mars,True,E394,PSO J318.5-22,30.0,False,2359.4,2359.4,2359.4,2359.4,2359.4,Guest 3213,0
3214_01,Earth,True,D197,TRAPPIST-1e,32.0,True,85.1,85.1,85.1,85.1,85.1,Guest 3214,1
3215_01,Europa,False,E143,PSO J318.5-22,46.0,True,804.4,804.4,804.4,804.4,804.4,Guest 3215,0
3216_01,Mars,True,E421,TRAPPIST-1e,15.0,False,701.2,701.2,701.2,701.2,701.2,Guest 3216,0
3217_01,Europa,True,C972,PSO J318.5-22,34.0,True,1163.7,1163.7,1163.7,1163.7,1163.7,Guest 3217,0
3218_01,Mars,False,E944,55 Cancri e,22.0,True,4869.2,4869.2,4869.2,4869.2,4869.2,Guest 3218,0
3219_01,Earth,True,A858,TRAPPIST-1e,25.0,True,1373.0,1373.0,1373.0,1373.0,1373.0,Guest 3219,1
3220_01,Earth,False,F343,PSO J318.5-22,49.0,True,777.8,777.8,777.8,777.8,777.8,Guest 3220,0
3221_01,Mars,False,E589,TRAPPIST-1e,38.0,False,1944.7,1944.7,1944.7,1944.7,1944.7,Guest 3221,0
3222_01,Mars,False,A182,PSO J318.5-22,25.0,True,105.9,105.9,105.9,105.9,105.9,Guest 3222,0
3223_01,Earth,False,A251,PSO J318.5-22,36.0,False,250.6,250.6,250.6,250.6,250.6,Guest 3223,0
3224_01,Earth,True,F176,TRAPPIST-1e,30.0,True,1351.6,1351.6,1351.6,1351.6,1351.6,Guest 3224,0
3225_01,Europa,True,A373,TRAPPIST-1e,43.0,True,242.8,242.8,242.8,242.8,242.8,Guest 3225,0
3226_01,Mars,False,C54,PSO J318.5-22,24.0,False,37.9,37.9,37.9,37.9,37.9,Guest 3226,0
3227_01,Earth,False,D858,TRAPPIST-1e,36.0,True,95.3,95.3,95.3,95.3,95.3,Guest 3227,0
3228_01,Mars,True,B926,PSO J318.5-22,28.0,True,535.4,535.4,535.4,535.4,535.4,Guest 3228,0
3229_01,Europa,True,D198,TRAPPIST-1e,30.0,True,38.8,38.8,38.8,38.8,38.8,Guest 3229,0
3230_01,Mars,False,C329,55 Cancri e,28.0,False,2161.0,2161.0,2161.0,2161.0,2161.0,Guest 3230,0
3231_01,Europa,True,A219,55 Cancri e,23.0,False,1464.7,1464.7,1464.7,1464.7,1464.7,Guest 3231,0
3232_01,Earth,False,D692,55 Cancri e,31.0,True,377.5,377.5,377.5,377.5,377.5,Guest 3232,0
3233_01,Earth,True,C986,PSO J318.5-22,42.0,False,187.6,187.6,187.6,187.6,187.6,Guest 3233,0
3234_01,Europa,False,C929,TRAPPIST-1e,23.0,False,1261.9,1261.9,1261.9,1261.9,1261.9,Guest 3234,0
3235_01,Europa,True,G47,PSO J318.5-22,26.0,False,127.8,127.8,127.8,127.8,127.8,Guest 3235,0
3236_01,Mars,False,D930,TRAPPIST-1e,34.0,False,1976.7,1976.7,1976.7,1976.7,1976.7,Guest 3236,0
3237_01,Mars,False,B462,55 Cancri e,21.0,False,734.4,734.4,734.4,734.4,734.4,Guest 3237,0
3238_01,Mars,True,C153,PSO J318.5-22,40.0,False,1668.1,1668.1,1668.1,1668.1,1668.1,Guest 3238,0
3239_01,Earth,False,B305,55 Cancri e,38.0,True,456.6,456.6,456.6,456.6,456.6,Guest 3239,0
3240_01,Europa,True,D519,TRAPPIST-1e,3.0,False,76.3,76.3,76.3,76.3,76.3,Guest 3240,0
3241_01,Mars,False,D374,TRAPPIST-1e,22.0,False,1165.5,1165.5,1165.5,1165.5,1165.5,Guest 3241,0
3242_01,Europa,False,B600,55 Cancri e,17.0,False,558.5,558.5,558.5,558.5,558.5,Guest 3242,0
3243_01,Mars,True,C85,TRAPPIST-1e,40.0,False,306.8,306.8,306.8,306.8,306.8,Guest 3243,0
3244_01,Europa,False,D618,PSO J318.5-22,41.0,True,38.5,38.5,38.5,38.5,38.5,Guest 3244,0
3245_01,Europa,False,F339,55 Cancri e,16.0,True,13.6,13.6,13.6,13.6,13.6,Guest 3245,0
3246_01,Europa,True,B848,PSO J318.5-22,22.0,True,444.0,444.0,444.0,444.0,444.0,Guest 3246,0
3247_01,Earth,True,D605,55 Cancri e,29.0,True,789.4,789.4,789.4,789.4,789.4,Guest 3247,1
3248_01,Europa,True,E55,PSO J318.5-22,26.0,False,584.5,584.5,584.5,584.5,584.5,Guest 3248,0
3249_01,Europa,True,B981,TRAPPIST-1e,39.0,False,498.7,498.7,498.7,498.7,498.7,Guest 3249,0
3250_01,Europa,False,B211,PSO J318.5-22,42.0,True,961.6,961.6,961.6,961.6,961.6,Guest 3250,0
3251_01,Europa,False,F566,TRAPPIST-1e,37.0,False,300.9,300.9,300.9,300.9,300.9,Guest 3251,0
3252_01,Earth,False,F391,PSO J318.5-22,43.0,False,365.1,365.1,365.1,365.1,365.1,Guest 3252,0
3253_01,Mars,True,D573,TRAPPIST-1e,41.0,True,172.5,172.5,172.5,172.5,172.5,Guest 3253,0
3254_01,Europa,False,C138,TRAPPIST-1e,29.0,True,1982.4,1982.4,1982.4,1982.4,1982.4,Guest 3254,0
3255_01,Mars,False,D256,TRAPPIST-1e,25.0,False,338.6,338.6,338.6,338.6,338.6,Guest 3255,0
3256_01,Earth,True,D230,55 Cancri e,21.0,False,2722.8,2722.8,2722.8,2722.8,2722.8,Guest 3256,0
3257_01,Mars,False,A417,TRAPPIST-1e,40.0,False,632.2,632.2,632.2,632.2,632.2,Guest 3257,0
3258_01,Earth,False,A369,TRAPPIST-1e,41.0,True,256.1,256.1,256.1,256.1,256.1,Guest 3258,0
3259_01,Mars,False,G396,TRAPPIST-1e,42.0,True,2594.4,2594.4,2594.4,2594.4,2594.4,Guest 3259,0
3260_01,Earth,False,F394,55 Cancri e,26.0,True,8.3,8.3,8.3,8.3,8.3,Guest 3260,0
3261_01,Mars,False,A376,55 Cancri e,26.0,False,1027.5,1027.5,1027.5,1027.5,1027.5,Guest 3261,0
3262_01,Mars,False,D810,TRAPPIST-1e,33.0,True,31.0,31.0,31.0,31.0,31.0,Guest 3262,0
3263_01,Europa,False,A464,PSO J318.5-22,45.0,True,1295.2,1295.2,1295.2,1295.2,1295.2,Guest 3263,0
3264_01,Earth,False,D607,TRAPPIST-1e,34.0,False,1718.4,1718.4,1718.4,1718.4,1718.4,Guest 3264,0
3265_01,Mars,False,C566,TRAPPIST-1e,33.0,False,31.8,31.8,31.8,31.8,31.8,Guest 3265,0
3266_01,Mars,False,C553,PSO J318.5-22,20.0,False,238.5,238.5,238.5,238.5,238.5,Guest 3266,0
3267_01,Mars,False,D888,55 Cancri e,35.0,True,254.8,254.8,254.8,254.8,254.8,Guest 3267,0
3268_01,Europa,False,D948,55 Cancri e,37.0,False,572.3,572.3,572.3,572.3,572.3,Guest 3268,0
3269_01,Europa,True,B34,TRAPPIST-1e,19.0,False,1551.4,1551.4,1551.4,1551.4,1551.4,Guest 3269,0
3270_01,Europa,True,A404,PSO J318.5-22,51.0,False,846.7,846.7,846.7,846.7,846.7,Guest 3270,0
3271_01,Mars,True,A989,55 Cancri e,19.0,True,331.7,331.7,331.7,331.7,331.7,Guest 3271,0
3272_01,Earth,True,F207,PSO J318.5-22,41.0,False,99.1,99.1,99.1,99.1,99.1,Guest 3272,1
3273_01,Earth,True,B505,TRAPPIST-1e,28.0,True,124.0,124.0,124.0,124.0,124.0,Guest 3273,0
3274_01,Mars,False,A369,PSO J318.5-22,32.0,True,516.0,516.0,516.0,516.0,516.0,Guest 3274,0
3275_01,Earth,True,B607,PSO J318.5-22,21.0,True,142.2,142.2,142.2,142.2,142.2,Guest 3275,0
3276_01,Europa,False,C778,TRAPPIST-1e,23.0,False,584.8,584.8,584.8,584.8,584.8,Guest 3276,0
3277_01,Mars,False,C647,PSO J318.5-22,38.0,True,1201.9,1201.9,1201.9,1201.9,1201.9,Guest 3277,0
3278_01,Earth,False,E236,TRAPPIST-1e,28.0,False,376.0,376.0,376.0,376.0,376.0,Guest 3278,0
3279_01,Europa,True,F635,TRAPPIST-1e,26.0,True,187.6,187.6,187.6,187.6,187.6,Guest 3279,0
3280_01,Earth,True,C719,55 Cancri e,41.0,False,1104.7,1104.7,1104.7,1104.7,1104.7,Guest 3280,0
3281_01,Europa,False,E115,PSO J318.5-22,39.0,False,736.5,736.5,736.5,736.5,736.5,Guest 3281,0
3282_01,Earth,True,B619,55 Cancri e,32.0,True,649.0,649.0,649.0,649.0,649.0,Guest 3282,1
3283_01,Mars,True,G27,PSO J318.5-22,33.0,True,131.2,131.2,131.2,131.2,131.2,Guest 3283,0
3284_01,Mars,False,E412,TRAPPIST-1e,51.0,True,1297.4,1297.4,1297.4,1297.4,1297.4,Guest 3284,0
3285_01,Mars,True,D347,55 Cancri e,28.0,False,348.0,348.0,348.0,348.0,348.0,Guest 3285,0
3286_01,Earth,False,B153,55 Cancri e,35.0,True,1008.7,1008.7,1008.7,1008.7,1008.7,Guest 3286,0
3287_01,Earth,True,A669,TRAPPIST-1e,35.0,False,1119.0,1119.0,1119.0,1119.0,1119.0,Guest 3287,0
3288_01,Mars,True,D682,TRAPPIST-1e,14.0,True,728.9,728.9,728.9,728.9,728.9,Guest 3288,0
3289_01,Europa,False,G649,55 Cancri e,7.0,False,562.0,562.0,562.0,562.0,562.0,Guest 3289,0
3290_01,Mars,False,B653,55 Cancri e,32.0,True,348.4,348.4,348.4,348.4,348.4,Guest 3290,0
3291_01,Earth,True,F710,PSO J318.5-22,40.0,True,310.0,310.0,310.0,310.0,310.0,Guest 3291,1
3292_01,Mars,True,G552,TRAPPIST-1e,33.0,True,715.1,715.1,715.1,715.1,715.1,Guest 3292,0
3293_01,Europa,True,E966,PSO J318.5-22,24.0,True,1096.2,1096.2,1096.2,1096.2,1096.2,Guest 3293,0
3294_01,Mars,False,A597,PSO J318.5-22,22.0,False,436.0,436.0,436.0,436.0,436.0,Guest 3294,0
3295_01,Europa,True,E536,PSO J318.5-22,40.0,False,214.3,214.3,214.3,214.3,214.3,Guest 3295,0
3296_01,Europa,True,F762,PSO J318.5-22,27.0,False,77.6,77.6,77.6,77.6,77.6,Guest 3296,0
3297_01,Europa,False,G252,PSO J318.5-22,11.0,False,212.0,212.0,212.0,212.0,212.0,Guest 3297,0
3298_01,Earth,True,G955,PSO J318.5-22,38.0,False,1267.5,1267.5,1267.5,1267.5,1267.5,Guest 3298,0
3299_01,Mars,False,E612,55 Cancri e,33.0,False,315.5,315.5,315.5,315.5,315.5,Guest 3299,0
3300_01,Europa,False,B346,55 Cancri e,35.0,False,61.2,61.2,61.2,61.2,61.2,Guest 3300,0
3301_01,Mars,True,B277,TRAPPIST-1e,42.0,False,1307.7,1307.7,1307.7,1307.7,1307.7,Guest 3301,0
3302_01,Europa,True,B347,PSO J318.5-22,46.0,False,1199.3,1199.3,1199.3,1199.3,1199.3,Guest 3302,0
3303_01,Mars,False,B991,55 Cancri e,37.0,True,1510.0,1510.0,1510.0,1510.0,1510.0,Guest 3303,0
3304_01,Europa,True,F330,TRAPPIST-1e,28.0,True,1807.0,1807.0,1807.0,1807.0,1807.0,Guest 3304,0
3305_01,Mars,False,E127,TRAPPIST-1e,5.0,False,1071.8,1071.8,1071.8,1071.8,1071.8,Guest 3305,0
3306_01,Earth,True,B870,TRAPPIST-1e,34.0,True,356.6,356.6,356.6,356.6,356.6,Guest 3306,0
3307_01,Earth,False,E171,PSO J318.5-22,28.0,True,803.9,803.9,803.9,803.9,803.9,Guest 3307,0
3308_01,Europa,True,D342,55 Cancri e,46.0,False,1870.9,1870.9,1870.9,1870.9,1870.9,Guest 3308,0
3309_01,Mars,True,D335,TRAPPIST-1e,45.0,True,1214.4,1214.4,1214.4,1214.4,1214.4,Guest 3309,0
3310_01,Mars,True,B163,TRAPPIST-1e,36.0,False,1427.2,1427.2,1427.2,1427.2,1427.2,Guest 3310,0
3311_01,Europa,False,B183,TRAPPIST-1e,46.0,True,582.9,582.9,582.9,582.9,582.9,Guest 3311,0
3312_01,Earth,True,G850,TRAPPIST-1e,29.0,False,381.4,381.4,381.4,381.4,381.4,Guest 3312,0
3313_01,Mars,False,D945,55 Cancri e,30.0,False,149.2,149.2,149.2,149.2,149.2,Guest 3313,0
3314_01,Mars,False,A11,TRAPPIST-1e,20.0,False,330.3,330.3,330.3,330.3,330.3,Guest 3314,0
3315_01,Mars,True,F394,TRAPPIST-1e,26.0,True,518.1,518.1,518.1,518.1,518.1,Guest 3315,0
3316_01,Mars,True,F860,55 Cancri e,33.0,False,1050.5,1050.5,1050.5,1050.5,1050.5,Guest 3316,0
3317_01,Earth,True,G290,PSO J318.5-22,43.0,False,2616.5,2616.5,2616.5,2616.5,2616.5,Guest 3317,1
3318_01,Mars,False,E24,PSO J318.5-22,21.0,False,695.9,695.9,695.9,695.9,695.9,Guest 3318,0
3319_01,Mars,True,G866,TRAPPIST-1e,40.0,False,237.4,237.4,237.4,237.4,237.4,Guest 3319,0
3320_01,Earth,False,D764,TRAPPIST-1e,58.0,True,423.1,423.1,423.1,423.1,423.1,Guest 3320,0
3321_01,Earth,True,F32,55 Cancri e,14.0,False,578.4,578.4,578.4,578.4,578.4,Guest 3321,1
3322_01,Earth,False,D745,PSO J318.5-22,27.0,False,248.3,248.3,248.3,248.3,248.3,Guest 3322,0
3323_01,Mars,True,F426,PSO J318.5-22,30.0,True,2440.1,2440.1,2440.1,2440.1,2440.1,Guest 3323,0
3324_01,Mars,True,C607,PSO J318.5-22,42.0,False,135.0,135.0,135.0,135.0,135.0,Guest 3324,0
3325_01,Mars,True,B157,TRAPPIST-1e,54.0,True,1277.7,1277.7,1277.7,1277.7,1277.7,Guest 3325,1
3326_01,Europa,False,C337,PSO J318.5-22,45.0,False,176.1,176.1,176.1,176.1,176.1,Guest 3326,0
3327_01,Europa,False,C956,PSO J318.5-22,30.0,True,1033.8,1033.8,1033.8,1033.8,1033.8,Guest 3327,0
3328_01,Mars,True,E447,55 Cancri e,20.0,False,1168.5,1168.5,1168.5,1168.5,1168.5,Guest 3328,0
3329_01,Mars,False,G390,TRAPPIST-1e,29.0,True,436.1,436.1,436.1,436.1,436.1,Guest 3329,0
3330_01,Earth,True,F857,55 Cancri e,30.0,True,1082.2,1082.2,1082.2,1082.2,1082.2,Guest 3330,0
3331_01,Mars,True,E604,PSO J318.5-22,33.0,False,455.9,455.9,455.9,455.9,455.9,Guest 3331,0
3332_01,Mars,False,G498,PSO J318.5-22,20.0,True,1649.7,1649.7,1649.7,1649.7,1649.7,Guest 3332,0
3333_01,Earth,False,G46,TRAPPIST-1e,48.0,False,268.2,268.2,268.2,268.2,268.2,Guest 3333,0
3334_01,Earth,False,B707,55 Cancri e,22.0,False,179.9,179.9,179.9,179.9,179.9,Guest 3334,0
3335_01,Europa,True,E265,PSO J318.5-22,38.0,False,489.0,489.0,489.0,489.0,489.0,Guest 3335,0
3336_01,Earth,True,E318,PSO J318.5-22,33.0,False,263.5,263.5,263.5,263.5,263.5,Guest 3336,0
3337_01,Europa,True,B246,TRAPPIST-1e,17.0,False,638.2,638.2,638.2,638.2,638.2,Guest 3337,0
3338_01,Europa,True,D408,PSO J318.5-22,31.0,False,88.7,88.7,88.7,88.7,88.7,Guest 3338,0
3339_01,Mars,False,D869,55 Cancri e,30.0,True,552.3,552.3,552.3,552.3,552.3,Guest 3339,0
3340_01,Earth,False,F546,55 Cancri e,28.0,True,115.4,115.4,115.4,115.4,115.4,Guest 3340,0
3341_01,Earth,True,F802,PSO J318.5-22,40.0,True,1188.4,1188.4,1188.4,1188.4,1188.4,Guest 3341,0
3342_01,Mars,True,G950,55 Cancri e,25.0,False,165.9,165.9,165.9,165.9,165.9,Guest 3342,0
3343_01,Europa,True,A713,TRAPPIST-1e,60.0,True,2189.3,2189.3,2189.3,2189.3,2189.3,Guest 3343,0
3344_01,Mars,True,G138,55 Cancri e,43.0,False,1072.7,1072.7,1072.7,1072.7,1072.7,Guest 3344,0
3345_01,Mars,False,B219,PSO J318.5-22,19.0,True,133.2,133.2,133.2,133.2,133.2,Guest 3345,0
3346_01,Earth,True,B31,PSO J318.5-22,1.0,True,17.6,17.6,17.6,17.6,17.6,Guest 3346,1
3347_01,Europa,True,E835,55 Cancri e,45.0,True,109.5,109.5,109.5,109.5,109.5,Guest 3347,0
3348_01,Europa,True,D177,PSO J318.5-22,33.0,False,60.8,60.8,60.8,60.8,60.8,Guest 3348,0
3349_01,Earth,False,E817,PSO J318.5-22,31.0,True,305.1,305.1,305.1,305.1,305.1,Guest 3349,0
3350_01,Europa,True,D228,TRAPPIST-1e,19.0,True,2071.9,2071.9,2071.9,2071.9,2071.9,Guest 3350,0
3351_01,Europa,False,F883,TRAPPIST-1e,13.0,True,40.4,40.4,40.4,40.4,40.4,Guest 3351,0
3352_01,Earth,False,C69,TRAPPIST-1e,8.0,True,133.6,133.6,133.6,133.6,133.6,Guest 3352,0
3353_01,Earth,True,E766,55 Cancri e,61.0,False,140.1,140.1,140.1,140.1,140.1,Guest 3353,0
3354_01,Mars,False,C925,55 Cancri e,49.0,True,428.5,428.5,428.5,428.5,428.5,Guest 3354,0
3355_01,Europa,True,B477,PSO J318.5-22,24.0,False,717.3,717.3,717.3,717.3,717.3,Guest 3355,0
3356_01,Mars,True,B325,PSO J318.5-22,52.0,False,126.1,126.1,126.1,126.1,126.1,Guest 3356,0
3357_01,Europa,False,C594,PSO J318.5-22,8.0,True,242.8,242.8,242.8,242.8,242.8,Guest 3357,0
3358_01,Earth,False,F937,55 Cancri e,38.0,False,701.9,701.9,701.9,701.9,701.9,Guest 3358,0
3359_01,Europa,True,C124,55 Cancri e,38.0,True,2116.7,2116.7,2116.7,2116.7,2116.7,Guest 3359,0
3360_01,Mars,False,A672,55 Cancri e,20.0,False,1759.9,1759.9,1759.9,1759.9,1759.9,Guest 3360,0
3361_01,Earth,False,D414,TRAPPIST-1e,25.0,False,360.5,360.5,360.5,360.5,360.5,Guest 3361,0
3362_01,Europa,False,G887,PSO J318.5-22,18.0,False,2579.8,2579.8,2579.8,2579.8,2579.8,Guest 3362,0
3363_01,Mars,True,D149,TRAPPIST-1e,31.0,False,644.3,644.3,644.3,644.3,644.3,Guest 3363,0
3364_01,Europa,True,D767,55 Cancri e,46.0,False,366.0,366.0,366.0,366.0,366.0,Guest 3364,0
3365_01,Europa,False,G541,PSO J318.5-22,42.0,True,1873.5,1873.5,1873.5,1873.5,1873.5,Guest 3365,0
3366_01,Europa,False,E613,PSO J318.5-22,35.0,False,501.3,501.3,501.3,501.3,501.3,Guest 3366,0
3367_01,Earth,False,F498,TRAPPIST-1e,43.0,True,288.2,288.2,288.2,288.2,288.2,Guest 3367,0
3368_01,Earth,True,A396,55 Cancri e,9.0,False,357.6,357.6,357.6,357.6,357.6,Guest 3368,1
3369_01,Europa,False,B212,PSO J318.5-22,54.0,False,45.4,45.4,45.4,45.4,45.4,Guest 3369,0
3370_01,Earth,False,F662,PSO J318.5-22,29.0,True,264.3,264.3,264.3,264.3,264.3,Guest 3370,0
3371_01,Earth,False,A460,TRAPPIST-1e,14.0,False,1372.4,1372.4,1372.4,1372.4,1372.4,Guest 3371,0
3372_01,Mars,True,F928,PSO J318.5-22,26.0,False,781.4,781.4,781.4,781.4,781.4,Guest 3372,0
3373_01,Europa,False,G170,55 Cancri e,22.0,False,182.2,182.2,182.2,182.2,182.2,Guest 3373,0
3374_01,Europa,True,B74,55 Cancri e,31.0,True,3368.4,3368.4,3368.4,3368.4,3368.4,Guest 3374,0
3375_01,Earth,True,D675,55 Cancri e,34.0,False,357.0,357.0,357.0,357.0,357.0,Guest 3375,0
3376_01,Mars,False,E806,TRAPPIST-1e,2.0,False,287.5,287.5,287.5,287.5,287.5,Guest 3376,0
3377_01,Europa,True,D652,TRAPPIST-1e,45.0,True,1236.8,1236.8,1236.8,1236.8,1236.8,Guest 3377,0
3378_01,Mars,False,E471,55 Cancri e,51.0,True,786.1,786.1,786.1,786.1,786.1,Guest 3378,0
3379_01,Mars,True,C88,TRAPPIST-1e,18.0,False,67.9,67.9,67.9,67.9,67.9,Guest 3379,0
3380_01,Europa,False,F77,55 Cancri e,48.0,False,1206.5,1206.5,1206.5,1206.5,1206.5,Guest 3380,0
3381_01,Earth,True,D438,55 Cancri e,45.0,False,17.7,17.7,17.7,17.7,17.7,Guest 3381,0
3382_01,Earth,False,D898,55 Cancri e,42.0,False,109.7,109.7,109.7,109.7,109.7,Guest 3382,0
3383_01,Europa,True,B174,PSO J318.5-22,49.0,False,335.9,335.9,335.9,335.9,335.9,Guest 3383,0
3384_01,Earth,True,E694,PSO J318.5-22,14.0,True,66.4,66.4,66.4,66.4,66.4,Guest 3384,0
3385_01,Europa,True,A768,TRAPPIST-1e,39.0,False,1109.7,1109.7,1109.7,1109.7,1109.7,Guest 3385,0
3386_01,Earth,False,G810,PSO J318.5-22,18.0,False,292.0,292.0,292.0,292.0,292.0,Guest 3386,0
3387_01,Europa,False,F698,55 Cancri e,58.0,False,433.6,433.6,433.6,433.6,433.6,Guest 3387,0
3388_01,Europa,False,A614,PSO J318.5-22,18.0,True,3613.3,3613.3,3613.3,3613.3,3613.3,Guest 3388,0
3389_01,Europa,True,E692,TRAPPIST-1e,15.0,True,60.3,60.3,60.3,60.3,60.3,Guest 3389,0
3390_01,Earth,True,A483,PSO J318.5-22,43.0,True,74.0,74.0,74.0,74.0,74.0,Guest 3390,0
3391_01,Mars,True,E537,TRAPPIST-1e,37.0,False,1506.2,1506.2,1506.2,1506.2,1506.2,Guest 3391,0
3392_01,Earth,False,E889,TRAPPIST-1e,30.0,True,107.9,107.9,107.9,107.9,107.9,Guest 3392,0
3393_01,Earth,True,E808,TRAPPIST-1e,32.0,True,1671.1,1671.1,1671.1,1671.1,1671.1,Guest 3393,1
3394_01,Mars,False,B91,55 Cancri e,37.0,True,600.8,600.8,600.8,600.8,600.8,Guest 3394,0
3395_01,Earth,True,G334,PSO J318.5-22,51.0,True,2.9,2.9,2.9,2.9,2.9,Guest 3395,1
3396_01,Mars,True,C265,55 Cancri e,22.0,True,265.6,265.6,265.6,265.6,265.6,Guest 3396,0
3397_01,Earth,True,G18,55 Cancri e,23.0,True,292.7,292.7,292.7,292.7,292.7,Guest 3397,0
3398_01,Earth,True,B36,PSO J318.5-22,23.0,True,2723.4,2723.4,2723.4,2723.4,2723.4,Guest 3398,0
3399_01,Mars,True,D421,TRAPPIST-1e,29.0,False,3095.1,3095.1,3095.1,3095.1,3095.1,Guest 3399,0
3400_01,Europa,True,D223,55 Cancri e,30.0,True,4250.6,4250.6,4250.6,4250.6,4250.6,Guest 3400,0
3401_01,Europa,True,F989,PSO J318.5-22,15.0,False,1392.3,1392.3,1392.3,1392.3,1392.3,Guest 3401,0
3402_01,Earth,True,G289,TRAPPIST-1e,34.0,False,869.0,869.0,869.0,869.0,869.0,Guest 3402,0
3403_01,Europa,False,F301,TRAPPIST-1e,15.0,True,53.8,53.8,53.8,53.8,53.8,Guest 3403,0
3404_01,Europa,True,B23,55 Cancri e,26.0,True,2247.3,2247.3,2247.3,2247.3,2247.3,Guest 3404,0
3405_01,Europa,False,C695,PSO J318.5-22,27.0,False,1458.5,1458.5,1458.5,1458.5,1458.5,Guest 3405,0
3406_01,Earth,True,C988,55 Cancri e,27.0,False,1110.8,1110.8,1110.8,1110.8,1110.8,Guest 3406,1
3407_01,Mars,True,B782,PSO J318.5-22,48.0,False,963.8,963.8,963.8,963.8,963.8,Guest 3407,0
3408_01,Europa,False,C857,55 Cancri e,50.0,False,100.0,100.0,100.0,100.0,100.0,Guest 3408,0
3409_01,Mars,True,B52,55 Cancri e,43.0,True,745.5,745.5,745.5,745.5,745.5,Guest 3409,0
3410_01,Earth,False,A104,55 Cancri e,49.0,True,333.4,333.4,333.4,333.4,333.4,Guest 3410,0
3411_01,Earth,True,C292,TRAPPIST-1e,27.0,False,252.0,252.0,252.0,252.0,252.0,Guest 3411,0
3412_01,Europa,False,B416,55 Cancri e,47.0,True,759.9,759.9,759.9,759.9,759.9,Guest 3412,0
3413_01,Earth,False,E158,PSO J318.5-22,29.0,True,762.3,762.3,762.3,762.3,762.3,Guest 3413,0
3414_01,Europa,True,F32,55 Cancri e,33.0,False,500.7,500.7,500.7,500.7,500.7,Guest 3414,0
3415_01,Mars,True,B516,TRAPPIST-1e,33.0,True,191.4,191.4,191.4,191.4,191.4,Guest 3415,0
3416_01,Earth,True,D988,PSO J318.5-22,14.0,True,2254.5,2254.5,2254.5,2254.5,2254.5,Guest 3416,0
3417_01,Earth,False,G406,55 Cancri e,23.0,False,843.4,843.4,843.4,843.4,843.4,Guest 3417,0
3418_01,Earth,False,G179,TRAPPIST-1e,28.0,False,349.6,349.6,349.6,349.6,349.6,Guest 3418,0
3419_01,Mars,False,B236,TRAPPIST-1e,34.0,False,138.3,138.3,138.3,138.3,138.3,Guest 3419,0
3420_01,Mars,True,F171,TRAPPIST-1e,29.0,False,344.9,344.9,344.9,344.9,344.9,Guest 3420,0
3421_01,Earth,False,G19,55 Cancri e,20.0,True,950.6,950.6,950.6,950.6,950.6,Guest 3421,0
3422_01,Mars,False,C649,55 Cancri e,16.0,True,1163.6,1163.6,1163.6,1163.6,1163.6,Guest 3422,0
3423_01,Mars,False,F701,PSO J318.5-22,30.0,True,1266.1,1266.1,1266.1,1266.1,1266.1,Guest 3423,0
3424_01,Mars,True,C969,TRAPPIST-1e,16.0,True,71.6,71.6,71.6,71.6,71.6,Guest 3424,0
3425_01,Earth,True,F390,55 Cancri e,16.0,False,1527.0,1527.0,1527.0,1527.0,1527.0,Guest 3425,0
3426_01,Europa,False,F117,55 Cancri e,29.0,True,460.8,460.8,460.8,460.8,460.8,Guest 3426,0
3427_01,Europa,False,D119,PSO J318.5-22,32.0,True,244.9,244.9,244.9,244.9,244.9,Guest 3427,0
3428_01,Mars,False,D482,TRAPPIST-1e,20.0,True,2466.4,2466.4,2466.4,2466.4,2466.4,Guest 3428,0
3429_01,Earth,False,F768,PSO J318.5-22,9.0,True,2622.3,2622.3,2622.3,2622.3,2622.3,Guest 3429,0
3430_01,Mars,True,F72,55 Cancri e,33.0,False,349.7,349.7,349.7,349.7,349.7,Guest 3430,0
3431_01,Mars,True,B805,TRAPPIST-1e,40.0,True,303.8,303.8,303.8,303.8,303.8,Guest 3431,0
3432_01,Mars,True,A208,55 Cancri e,25.0,False,176.4,176.4,176.4,176.4,176.4,Guest 3432,0
3433_01,Earth,False,D55,55 Cancri e,26.0,True,499.9,499.9,499.9,499.9,499.9,Guest 3433,0
3434_01,Mars,True,B141,PSO J318.5-22,2.0,True,232.8,232.8,232.8,232.8,232.8,Guest 3434,0
3435_01,Earth,False,C655,PSO J318.5-22,41.0,True,177.0,177.0,177.0,177.0,177.0,Guest 3435,0
3436_01,Mars,True,G52,TRAPPIST-1e,17.0,False,472.9,472.9,472.9,472.9,472.9,Guest 3436,0
3437_01,Europa,True,C538,TRAPPIST-1e,39.0,False,578.6,578.6,578.6,578.6,578.6,Guest 3437,0
3438_01,Earth,True,B951,55 Cancri e,23.0,True,232.0,232.0,232.0,232.0,232.0,Guest 3438,1
3439_01,Earth,False,F434,TRAPPIST-1e,28.0,False,1005.8,1005.8,1005.8,1005.8,1005.8,Guest 3439,0
3440_01,Earth,True,A944,PSO J318.5-22,28.0,False,354.4,354.4,354.4,354.4,354.4,Guest 3440,0
3441_01,Europa,False,A241,TRAPPIST-1e,8.0,False,72.2,72.2,72.2,72.2,72.2,Guest 3441,0
3442_01,Earth,True,D700,55 Cancri e,63.0,True,1334.3,1334.3,1334.3,1334.3,1334.3,Guest 3442,1
3443_01,Europa,False,G959,55 Cancri e,11.0,True,163.3,163.3,163.3,163.3,163.3,Guest 3443,0
3444_01,Earth,True,F263,TRAPPIST-1e,31.0,True,451.6,451.6,451.6,451.6,451.6,Guest 3444,0
3445_01,Earth,True,A908,PSO J318.5-22,20.0,False,1108.9,1108.9,1108.9,1108.9,1108.9,Guest 3445,0
3446_01,Europa,True,G894,TRAPPIST-1e,27.0,True,962.5,962.5,962.5,962.5,962.5,Guest 3446,0
3447_01,Earth,True,B892,TRAPPIST-1e,47.0,False,893.9,893.9,893.9,893.9,893.9,Guest 3447,0
3448_01,Earth,True,F403,55 Cancri e,8.0,False,82.4,82.4,82.4,82.4,82.4,Guest 3448,0
3449_01,Mars,False,B34,55 Cancri e,28.0,False,722.9,722.9,722.9,722.9,722.9,Guest 3449,0
3450_01,Earth,True,F280,55 Cancri e,36.0,False,766.9,766.9,766.9,766.9,766.9,Guest 3450,1
3451_01,Mars,False,C398,TRAPPIST-1e,31.0,False,467.7,467.7,467.7,467.7,467.7,Guest 3451,0
3452_01,Mars,False,G313,55 Cancri e,35.0,True,846.1,846.1,846.1,846.1,846.1,Guest 3452,0
3453_01,Europa,True,D685,TRAPPIST-1e,21.0,True,1800.9,1800.9,1800.9,1800.9,1800.9,Guest 3453,0
3454_01,Earth,True,B650,PSO J318.5-22,10.0,False,1598.1,1598.1,1598.1,1598.1,1598.1,Guest 3454,0
3455_01,Earth,False,A217,TRAPPIST-1e,14.0,False,409.6,409.6,409.6,409.6,409.6,Guest 3455,0
3456_01,Earth,False,D476,55 Cancri e,25.0,True,1891.8,1891.8,1891.8,1891.8,1891.8,Guest 3456,0
3457_01,Europa,False,G857,PSO J318.5-22,39.0,True,2397.5,2397.5,2397.5,2397.5,2397.5,Guest 3457,0
3458_01,Mars,True,G636,55 Cancri e,31.0,True,149.9,149.9,149.9,149.9,149.9,Guest 3458,0
3459_01,Europa,False,A747,55 Cancri e,49.0,True,588.8,588.8,588.8,588.8,588.8,Guest 3459,0
3460_01,Mars,False,C828,PSO J318.5-22,31.0,False,1554.9,1554.9,1554.9,1554.9,1554.9,Guest 3460,0
3461_01,Europa,True,E527,PSO J318.5-22,32.0,False,253.5,253.5,253.5,253.5,253.5,Guest 3461,0
3462_01,Europa,True,A720,TRAPPIST-1e,32.0,True,351.6,351.6,351.6,351.6,351.6,Guest 3462,0
3463_01,Europa,False,G557,55 Cancri e,9.0,True,2142.2,2142.2,2142.2,2142.2,2142.2,Guest 3463,0
3464_01,Europa,True,C202,TRAPPIST-1e,37.0,False,258.2,258.2,258.2,258.2,258.2,Guest 3464,0
3465_01,Mars,False,A66,TRAPPIST-1e,17.0,True,683.3,683.3,683.3,683.3,683.3,Guest 3465,0
3466_01,Europa,True,G526,TRAPPIST-1e,25.0,False,35.5,35.5,35.5,35.5,35.5,Guest 3466,0
3467_01,Europa,True,C805,55 Cancri e,58.0,False,1692.9,1692.9,1692.9,1692.9,1692.9,Guest 3467,0
3468_01,Mars,False,B868,TRAPPIST-1e,15.0,True,148.0,148.0,148.0,148.0,148.0,Guest 3468,0
3469_01,Europa,False,B781,TRAPPIST-1e,31.0,False,877.9,877.9,877.9,877.9,877.9,Guest 3469,0
3470_01,Mars,True,F449,TRAPPIST-1e,34.0,False,1277.5,1277.5,1277.5,1277.5,1277.5,Guest 3470,0
3471_01,Mars,True,E682,55 Cancri e,32.0,True,603.5,603.5,603.5,603.5,603.5,Guest 3471,0
3472_01,Mars,False,G469,PSO J318.5-22,30.0,False,468.9,468.9,468.9,468.9,468.9,Guest 3472,0
3473_01,Mars,True,C797,55 Cancri e,23.0,True,518.5,518.5,518.5,518.5,518.5,Guest 3473,0
3474_01,Earth,False,D313,PSO J318.5-22,54.0,True,601.2,601.2,601.2,601.2,601.2,Guest 3474,0
3475_01,Mars,True,G425,PSO J318.5-22,6.0,False,726.9,726.9,726.9,726.9,726.9,Guest 3475,0
3476_01,Europa,True,E716,55 Cancri e,18.0,True,169.6,169.6,169.6,169.6,169.6,Guest 3476,0
3477_01,Mars,False,G886,55 Cancri e,48.0,True,450.8,450.8,450.8,450.8,450.8,Guest 3477,0
3478_01,Earth,True,E805,PSO J318.5-22,37.0,True,833.5,833.5,833.5,833.5,833.5,Guest 3478,0
3479_01,Europa,False,D135,TRAPPIST-1e,21.0,False,163.0,163.0,163.0,163.0,163.0,Guest 3479,0
3480_01,Earth,True,A136,TRAPPIST-1e,19.0,True,1206.4,1206.4,1206.4,1206.4,1206.4,Guest 3480,1
3481_01,Europa,True,A225,TRAPPIST-1e,27.0,False,2366.1,2366.1,2366.1,2366.1,2366.1,Guest 3481,0
3482_01,Mars,True,B290,55 Cancri e,62.0,True,585.1,585.1,585.1,585.1,585.1,Guest 3482,0
3483_01,Europa,True,G130,TRAPPIST-1e,36.0,True,283.5,283.5,283.5,283.5,283.5,Guest 3483,0
3484_01,Mars,False,A944,55 Cancri e,18.0,True,473.0,473.0,473.0,473.0,473.0,Guest 3484,0
3485_01,Earth,False,F509,PSO J318.5-22,33.0,True,670.4,670.4,670.4,670.4,670.4,Guest 3485,0
3486_01,Earth,True,F44,55 Cancri e,22.0,True,2970.1,2970.1,2970.1,2970.1,2970.1,Guest 3486,0
3487_01,Earth,False,G371,PSO J318.5-22,48.0,False,1219.9,1219.9,1219.9,1219.9,1219.9,Guest 3487,1
3488_01,Europa,False,G469,TRAPPIST-1e,34.0,True,78.5,78.5,78.5,78.5,78.5,Guest 3488,0
3489_01,Europa,False,F744,55 Cancri e,45.0,False,2600.2,2600.2,2600.2,2600.2,2600.2,Guest 3489,0
3490_01,Mars,True,E785,PSO J318.5-22,32.0,True,41.1,41.1,41.1,41.1,41.1,Guest 3490,0
3491_01,Europa,True,F168,TRAPPIST-1e,54.0,False,90.2,90.2,90.2,90.2,90.2,Guest 3491,0
3492_01,Mars,True,G308,PSO J318.5-22,35.0,False,368.6,368.6,368.6,368.6,368.6,Guest 3492,0
3493_01,Earth,False,G882,TRAPPIST-1e,33.0,True,261.5,261.5,261.5,261.5,261.5,Guest 3493,0
3494_01,Earth,False,F436,PSO J318.5-22,18.0,False,244.8,244.8,244.8,244.8,244.8,Guest 3494,0
3495_01,Europa,False,F575,55 Cancri e,25.0,True,783.3,783.3,783.3,783.3,783.3,Guest 3495,0
3496_01,Europa,True,D976,TRAPPIST-1e,35.0,False,226.0,226.0,226.0,226.0,226.0,Guest 3496,0
3497_01,Europa,False,C412,PSO J318.5-22,24.0,True,2513.4,2513.4,2513.4,2513.4,2513.4,Guest 3497,0
3498_01,Earth,False,C77,55 Cancri e,60.0,False,592.7,592.7,592.7,592.7,592.7,Guest 3498,0
3499_01,Mars,False,B530,55 Cancri e,30.0,True,439.4,439.4,439.4,439.4,439.4,Guest 3499,0
3500_01,Mars,True,D205,PSO J318.5-22,21.0,False,174.1,174.1,174.1,174.1,174.1,Guest 3500,0
3501_01,Europa,False,B210,TRAPPIST-1e,42.0,True,13.5,13.5,13.5,13.5,13.5,Guest 3501,0
3502_01,Europa,True,E311,TRAPPIST-1e,24.0,False,679.1,679.1,679.1,679.1,679.1,Guest 3502,0
3503_01,Mars,True,A398,TRAPPIST-1e,35.0,True,1376.9,1376.9,1376.9,1376.9,1376.9,Guest 3503,0
3504_01,Europa,True,F171,PSO J318.5-22,29.0,True,416.2,416.2,416.2,416.2,416.2,Guest 3504,0
3505_01,Earth,True,F799,PSO J318.5-22,21.0,False,1411.3,1411.3,1411.3,1411.3,1411.3,Guest 3505,0
3506_01,Europa,True,C3,55 Cancri e,47.0,True,407.0,407.0,407.0,407.0,407.0,Guest 3506,0
3507_01,Europa,True,A922,55 Cancri e,31.0,True,286.2,286.2,286.2,286.2,286.2,Guest 3507,0
3508_01,Europa,False,G623,TRAPPIST-1e,43.0,False,45.1,45.1,45.1,45.1,45.1,Guest 3508,0
3509_01,Europa,False,A234,PSO J318.5-22,26.0,True,233.9,233.9,233.9,233.9,233.9,Guest 3509,0
3510_01,Earth,False,F7,55 Cancri e,13.0,False,1558.1,1558.1,1558.1,1558.1,1558.1,Guest 3510,0
3511_01,Earth,False,A238,55 Cancri e,15.0,False,187.9,187.9,187.9,187.9,187.9,Guest 3511,0
3512_01,Earth,True,B921,TRAPPIST-1e,24.0,True,682.8,682.8,682.8,682.8,682.8,Guest 3512,0
3513_01,Europa,True,C346,TRAPPIST-1e,28.0,False,75.8,75.8,75.8,75.8,75.8,Guest 3513,0
3514_01,Mars,False,G350,PSO J318.5-22,31.0,False,37.5,37.5,37.5,37.5,37.5,Guest 3514,0
3515_01,Earth,True,D115,TRAPPIST-1e,36.0,True,157.1,157.1,157.1,157.1,157.1,Guest 3515,0
3516_01,Earth,False,B669,TRAPPIST-1e,15.0,False,777.9,777.9,777.9,777.9,777.9,Guest 3516,0
3517_01,Earth,True,G286,PSO J318.5-22,33.0,True,1198.9,1198.9,1198.9,1198.9,1198.9,Guest 3517,0
3518_01,Europa,True,F292,TRAPPIST-1e,15.0,False,2526.9,2526.9,2526.9,2526.9,2526.9,Guest 3518,0
3519_01,Earth,False,B76,TRAPPIST-1e,22.0,True,423.8,423.8,423.8,423.8,423.8,Guest 3519,0
3520_01,Earth,False,D147,55 Cancri e,61.0,True,247.9,247.9,247.9,247.9,247.9,Guest 3520,0
3521_01,Earth,False,A161,PSO J318.5-22,45.0,True,1184.4,1184.4,1184.4,1184.4,1184.4,Guest 3521,0
3522_01,Earth,True,C986,PSO J318.5-22,26.0,False,320.3,320.3,320.3,320.3,320.3,Guest 3522,1
3523_01,Earth,False,D558,PSO J318.5-22,52.0,False,1312.7,1312.7,1312.7,1312.7,1312.7,Guest 3523,0
3524_01,Earth,False,F953,55 Cancri e,47.0,True,240.9,240.9,240.9,240.9,240.9,Guest 3524,0
3525_01,Mars,True,C304,PSO J318.5-22,41.0,False,335.2,335.2,335.2,335.2,335.2,Guest 3525,0
3526_01,Earth,True,D467,55 Cancri e,48.0,True,704.5,704.5,704.5,704.5,704.5,Guest 3526,0
3527_01,Europa,True,A901,55 Cancri e,27.0,False,723.4,723.4,723.4,723.4,723.4,Guest 3527,0
3528_01,Mars,True,A735,TRAPPIST-1e,29.0,True,1128.5,1128.5,1128.5,1128.5,1128.5,Guest 3528,0
3529_01,Mars,True,G568,PSO J318.5-22,20.0,True,525.7,525.7,525.7,525.7,525.7,Guest 3529,0
3530_01,Earth,True,G648,TRAPPIST-1e,37.0,False,28.4,28.4,28.4,28.4,28.4,Guest 3530,0
3531_01,Earth,True,E60,PSO J318.5-22,15.0,True,94.7,94.7,94.7,94.7,94.7,Guest 3531,1
3532_01,Europa,False,E963,PSO J318.5-22,24.0,True,1232.7,1232.7,1232.7,1232.7,1232.7,Guest 3532,0
3533_01,Mars,False,D950,55 Cancri e,36.0,True,25.6,25.6,25.6,25.6,25.6,Guest 3533,0
3534_01,Europa,True,E706,TRAPPIST-1e,24.0,False,575.9,575.9,575.9,575.9,575.9,Guest 3534,0
3535_01,Earth,True,C380,55 Cancri e,34.0,True,685.3,685.3,685.3,685.3,685.3,Guest 3535,0
3536_01,Mars,False,A296,55 Cancri e,52.0,True,1065.8,1065.8,1065.8,1065.8,1065.8,Guest 3536,0
3537_01,Earth,False,F267,PSO J318.5-22,18.0,True,1127.2,1127.2,1127.2,1127.2,1127.2,Guest 3537,0
3538_01,Europa,False,G168,TRAPPIST-1e,47.0,True,731.5,731.5,731.5,731.5,731.5,Guest 3538,0
3539_01,Mars,False,G36,PSO J318.5-22,22.0,True,1824.8,1824.8,1824.8,1824.8,1824.8,Guest 3539,0
3540_01,Europa,True,G14,55 Cancri e,19.0,True,69.3,69.3,69.3,69.3,69.3,Guest 3540,0
3541_01,Europa,False,A444,PSO J318.5-22,33.0,True,88.8,88.8,88.8,88.8,88.8,Guest 3541,0
3542_01,Earth,True,B463,TRAPPIST-1e,42.0,True,501.8,501.8,501.8,501.8,501.8,Guest 3542,0
3543_01,Earth,True,C245,PSO J318.5-22,21.0,False,310.9,310.9,310.9,310.9,310.9,Guest 3543,1
3544_01,Europa,False,D469,TRAPPIST-1e,21.0,True,163.5,163.5,163.5,163.5,163.5,Guest 3544,0
3545_01,Europa,True,E988,PSO J318.5-22,25.0,True,365.3,365.3,365.3,365.3,365.3,Guest 3545,0
3546_01,Europa,True,D290,TRAPPIST-1e,21.0,True,1100.8,1100.8,1100.8,1100.8,1100.8,Guest 3546,0
3547_01,Earth,True,G925,PSO J318.5-22,32.0,False,312.4,312.4,312.4,312.4,312.4,Guest 3547,1
3548_01,Mars,True,F266,55 Cancri e,21.0,False,833.9,833.9,833.9,833.9,833.9,Guest 3548,0
3549_01,Earth,False,F520,TRAPPIST-1e,27.0,False,375.3,375.3,375.3,375.3,375.3,Guest 3549,0
3550_01,Mars,False,D618,PSO J318.5-22,34.0,False,960.3,960.3,960.3,960.3,960.3,Guest 3550,0
3551_01,Mars,False,C131,55 Cancri e,25.0,False,1044.3,1044.3,1044.3,1044.3,1044.3,Guest 3551,0
3552_01,Europa,False,C852,PSO J318.5-22,44.0,True,907.3,907.3,907.3,907.3,907.3,Guest 3552,0
3553_01,Europa,False,B158,PSO J318.5-22,22.0,False,122.0,122.0,122.0,122.0,122.0,Guest 3553,0
3554_01,Europa,False,A337,TRAPPIST-1e,21.0,False,152.5,152.5,152.5,152.5,152.5,Guest 3554,0
3555_01,Europa,True,B527,PSO J318.5-22,54.0,False,43.4,43.4,43.4,43.4,43.4,Guest 3555,0
3556_01,Mars,False,F877,TRAPPIST-1e,48.0,False,1363.4,1363.4,1363.4,1363.4,1363.4,Guest 3556,0
3557_01,Europa,True,G853,PSO J318.5-22,31.0,False,9.8,9.8,9.8,9.8,9.8,Guest 3557,0
3558_01,Earth,False,C344,55 Cancri e,40.0,True,164.8,164.8,164.8,164.8,164.8,Guest 3558,0
3559_01,Earth,True,F616,TRAPPIST-1e,34.0,False,133.2,133.2,133.2,133.2,133.2,Guest 3559,0
3560_01,Europa,True,C254,PSO J318.5-22,24.0,True,341.5,341.5,341.5,341.5,341.5,Guest 3560,0
3561_01,Earth,True,F377,PSO J318.5-22,38.0,True,247.8,247.8,247.8,247.8,247.8,Guest 3561,1
3562_01,Mars,False,G332,55 Cancri e,34.0,True,484.0,484.0,484.0,484.0,484.0,Guest 3562,0
3563_01,Europa,True,F527,PSO J318.5-22,45.0,True,15.9,15.9,15.9,15.9,15.9,Guest 3563,0
3564_01,Earth,False,E404,PSO J318.5-22,8.0,True,45.3,45.3,45.3,45.3,45.3,Guest 3564,0
3565_01,Europa,True,F986,PSO J318.5-22,40.0,True,1145.3,1145.3,1145.3,1145.3,1145.3,Guest 3565,0
3566_01,Mars,True,F340,TRAPPIST-1e,32.0,True,466.5,466.5,466.5,466.5,466.5,Guest 3566,0
3567_01,Europa,False,B859,TRAPPIST-1e,22.0,True,29.7,29.7,29.7,29.7,29.7,Guest 3567,0
3568_01,Earth,False,D936,55 Cancri e,25.0,True,300.4,300.4,300.4,300.4,300.4,Guest 3568,0
3569_01,Earth,False,E872,55 Cancri e,25.0,False,763.3,763.3,763.3,763.3,763.3,Guest 3569,0
3570_01,Europa,True,D963,TRAPPIST-1e,14.0,False,101.5,101.5,101.5,101.5,101.5,Guest 3570,0
3571_01,Earth,False,E843,PSO J318.5-22,23.0,True,223.1,223.1,223.1,223.1,223.1,Guest 3571,0
3572_01,Mars,False,D419,TRAPPIST-1e,39.0,False,739.3,739.3,739.3,739.3,739.3,Guest 3572,0
3573_01,Earth,True,G584,TRAPPIST-1e,12.0,False,198.0,198.0,198.0,198.0,198.0,Guest 3573,1
3574_01,Earth,False,G786,PSO J318.5-22,25.0,True,485.7,485.7,485.7,485.7,485.7,Guest 3574,0
3575_01,Mars,False,G461,PSO J318.5-22,2.0,True,245.7,245.7,245.7,245.7,245.7,Guest 3575,0
3576_01,Earth,False,B750,TRAPPIST-1e,23.0,False,103.6,103.6,103.6,103.6,103.6,Guest 3576,0
3577_01,Earth,True,B752,55 Cancri e,35.0,True,923.1,923.1,923.1,923.1,923.1,Guest 3577,0
3578_01,Mars,False,A617,55 Cancri e,29.0,True,1297.3,1297.3,1297.3,1297.3,1297.3,Guest 3578,0
3579_01,Earth,True,C212,TRAPPIST-1e,31.0,False,228.3,228.3,228.3,228.3,228.3,Guest 3579,0
3580_01,Europa,False,B359,55 Cancri e,17.0,False,627.1,627.1,627.1,627.1,627.1,Guest 3580,0
3581_01,Earth,True,D863,55 Cancri e,37.0,False,357.7,357.7,357.7,357.7,357.7,Guest 3581,0
3582_01,Earth,True,A356,PSO J318.5-22,19.0,False,335.0,335.0,335.0,335.0,335.0,Guest 3582,0
3583_01,Europa,False,C554,55 Cancri e,41.0,False,230.9,230.9,230.9,230.9,230.9,Guest 3583,0
3584_01,Mars,True,E174,PSO J318.5-22,33.0,False,543.3,543.3,543.3,543.3,543.3,Guest 3584,0
3585_01,Mars,True,B509,PSO J318.5-22,25.0,False,220.4,220.4,220.4,220.4,220.4,Guest 3585,0
3586_01,Europa,True,A910,PSO J318.5-22,48.0,True,242.6,242.6,242.6,242.6,242.6,Guest 3586,0
3587_01,Earth,True,D672,PSO J318.5-22,25.0,True,51.8,51.8,51.8,51.8,51.8,Guest 3587,0
3588_01,Earth,False,G884,TRAPPIST-1e,42.0,True,1027.4,1027.4,1027.4,1027.4,1027.4,Guest 3588,0
3589_01,Europa,False,G826,PSO J318.5-22,31.0,True,3215.1,3215.1,3215.1,3215.1,3215.1,Guest 3589,0
3590_01,Earth,True,E425,TRAPPIST-1e,30.0,False,47.3,47.3,47.3,47.3,47.3,Guest 3590,0
3591_01,Earth,False,F143,PSO J318.5-22,42.0,False,949.8,949.8,949.8,949.8,949.8,Guest 3591,0
3592_01,Europa,True,B828,PSO J318.5-22,35.0,True,220.7,220.7,220.7,220.7,220.7,Guest 3592,0
3593_01,Mars,True,E932,55 Cancri e,30.0,False,556.4,556.4,556.4,556.4,556.4,Guest 3593,0
3594_01,Earth,True,E666,TRAPPIST-1e,29.0,True,1291.9,1291.9,1291.9,1291.9,1291.9,Guest 3594,0
3595_01,Europa,True,C281,PSO J318.5-22,33.0,False,277.6,277.6,277.6,277.6,277.6,Guest 3595,0
3596_01,Europa,False,B758,TRAPPIST-1e,31.0,True,524.7,524.7,524.7,524.7,524.7,Guest 3596,0
3597_01,Earth,False,A478,55 Cancri e,26.0,True,2303.2,2303.2,2303.2,2303.2,2303.2,Guest 3597,0
3598_01,Europa,True,G146,PSO J318.5-22,18.0,False,4923.1,4923.1,4923.1,4923.1,4923.1,Guest 3598,0
3599_01,Earth,False,F374,PSO J318.5-22,1.0,False,17.7,17.7,17.7,17.7,17.7,Guest 3599,0
3600_01,Earth,False,C704,PSO J318.5-22,29.0,True,901.4,901.4,901.4,901.4,901.4,Guest 3600,0
3601_01,Europa,False,F556,55 Cancri e,27.0,False,3032.9,3032.9,3032.9,3032.9,3032.9,Guest 3601,0
3602_01,Mars,True,C546,PSO J318.5-22,45.0,False,673.0,673.0,673.0,673.0,673.0,Guest 3602,0
3603_01,Mars,False,B210,55 Cancri e,35.0,True,1809.5,1809.5,1809.5,1809.5,1809.5,Guest 3603,0
3604_01,Mars,False,F476,TRAPPIST-1e,44.0,False,2409.5,2409.5,2409.5,2409.5,2409.5,Guest 3604,0
3605_01,Earth,True,A205,PSO J318.5-22,51.0,False,204.0,204.0,204.0,204.0,204.0,Guest 3605,0
3606_01,Europa,False,A602,55 Cancri e,29.0,False,374.3,374.3,374.3,374.3,374.3,Guest 3606,0
3607_01,Mars,False,E522,PSO J318.5-22,20.0,True,1684.2,1684.2,1684.2,1684.2,1684.2,Guest 3607,0
3608_01,Earth,True,C47,55 Cancri e,40.0,True,261.1,261.1,261.1,261.1,261.1,Guest 3608,0
3609_01,Mars,True,F496,55 Cancri e,23.0,False,1137.0,1137.0,1137.0,1137.0,1137.0,Guest 3609,0
3610_01,Mars,True,B190,PSO J318.5-22,27.0,False,1989.8,1989.8,1989.8,1989.8,1989.8,Guest 3610,0
3611_01,Earth,False,E748,55 Cancri e,47.0,True,1212.7,1212.7,1212.7,1212.7,1212.7,Guest 3611,0
3612_01,Earth,True,D924,55 Cancri e,37.0,False,959.2,959.2,959.2,959.2,959.2,Guest 3612,1
3613_01,Europa,True,F621,TRAPPIST-1e,43.0,False,314.5,314.5,314.5,314.5,314.5,Guest 3613,0
3614_01,Earth,True,B631,TRAPPIST-1e,14.0,True,85.2,85.2,85.2,85.2,85.2,Guest 3614,0
3615_01,Mars,True,D159,PSO J318.5-22,30.0,True,72.6,72.6,72.6,72.6,72.6,Guest 3615,0
3616_01,Earth,True,A213,55 Cancri e,43.0,False,1790.0,1790.0,1790.0,1790.0,1790.0,Guest 3616,0
3617_01,Earth,False,B98,55 Cancri e,15.0,False,689.6,689.6,689.6,689.6,689.6,Guest 3617,0
3618_01,Europa,True,B860,PSO J318.5-22,32.0,True,1024.6,1024.6,1024.6,1024.6,1024.6,Guest 3618,0
3619_01,Mars,True,D964,55 Cancri e,35.0,True,446.3,446.3,446.3,446.3,446.3,Guest 3619,0
3620_01,Europa,True,D920,TRAPPIST-1e,2.0,True,734.9,734.9,734.9,734.9,734.9,Guest 3620,0
3621_01,Europa,True,D647,PSO J318.5-22,49.0,False,1939.3,1939.3,1939.3,1939.3,1939.3,Guest 3621,0
3622_01,Mars,True,E677,55 Cancri e,21.0,True,565.4,565.4,565.4,565.4,565.4,Guest 3622,0
3623_01,Mars,True,B620,TRAPPIST-1e,28.0,True,2969.5,2969.5,2969.5,2969.5,2969.5,Guest 3623,0
3624_01,Europa,True,F910,PSO J318.5-22,50.0,False,6.6,6.6,6.6,6.6,6.6,Guest 3624,0
3625_01,Europa,True,F799,TRAPPIST-1e,9.0,False,2266.5,2266.5,2266.5,2266.5,2266.5,Guest 3625,0
3626_01,Mars,False,F508,PSO J318.5-22,36.0,False,825.5,825.5,825.5,825.5,825.5,Guest 3626,0
3627_01,Earth,True,F490,TRAPPIST-1e,25.0,True,27.0,27.0,27.0,27.0,27.0,Guest 3627,0
3628_01,Earth,False,B780,PSO J318.5-22,31.0,True,589.0,589.0,589.0,589.0,589.0,Guest 3628,0
3629_01,Earth,False,D202,PSO J318.5-22,20.0,True,193.0,193.0,193.0,193.0,193.0,Guest 3629,0
3630_01,Mars,True,F619,55 Cancri e,46.0,True,1601.9,1601.9,1601.9,1601.9,1601.9,Guest 3630,0
3631_01,Mars,False,A377,55 Cancri e,17.0,False,191.0,191.0,191.0,191.0,191.0,Guest 3631,0
3632_01,Europa,True,B662,55 Cancri e,34.0,True,911.9,911.9,911.9,911.9,911.9,Guest 3632,0
3633_01,Earth,True,B380,TRAPPIST-1e,37.0,False,595.3,595.3,595.3,595.3,595.3,Guest 3633,0
3634_01,Mars,True,F240,PSO J318.5-22,29.0,True,51.3,51.3,51.3,51.3,51.3,Guest 3634,0
3635_01,Earth,True,G823,TRAPPIST-1e,27.0,False,129.7,129.7,129.7,129.7,129.7,Guest 3635,0
3636_01,Mars,True,E530,TRAPPIST-1e,27.0,False,339.0,339.0,339.0,339.0,339.0,Guest 3636,0
3637_01,Europa,False,D700,PSO J318.5-22,42.0,False,1250.9,1250.9,1250.9,1250.9,1250.9,Guest 3637,0
3638_01,Europa,True,G579,TRAPPIST-1e,35.0,False,226.5,226.5,226.5,226.5,226.5,Guest 3638,0
3639_01,Mars,True,G860,55 Cancri e,29.0,False,101.6,101.6,101.6,101.6,101.6,Guest 3639,0
3640_01,Earth,True,D757,55 Cancri e,17.0,False,306.9,306.9,306.9,306.9,306.9,Guest 3640,0
3641_01,Earth,False,D970,TRAPPIST-1e,32.0,True,807.0,807.0,807.0,807.0,807.0,Guest 3641,0
3642_01,Europa,True,G695,PSO J318.5-22,36.0,True,351.2,351.2,351.2,351.2,351.2,Guest 3642,0
3643_01,Earth,False,D804,PSO J318.5-22,30.0,True,2066.4,2066.4,2066.4,2066.4,2066.4,Guest 3643,0
3644_01,Earth,False,G877,PSO J318.5-22,47.0,True,600.0,600.0,600.0,600.0,600.0,Guest 3644,0
3645_01,Earth,False,A665,55 Cancri e,7.0,True,3727.1,3727.1,3727.1,3727.1,3727.1,Guest 3645,0
3646_01,Europa,True,B975,TRAPPIST-1e,60.0,False,1536.7,1536.7,1536.7,1536.7,1536.7,Guest 3646,0
3647_01,Europa,True,F134,PSO J318.5-22,28.0,True,365.3,365.3,365.3,365.3,365.3,Guest 3647,0
3648_01,Europa,False,E146,PSO J318.5-22,16.0,False,1131.1,1131.1,1131.1,1131.1,1131.1,Guest 3648,0
3649_01,Earth,True,B492,TRAPPIST-1e,9.0,True,418.0,418.0,418.0,418.0,418.0,Guest 3649,1
3650_01,Europa,True,G741,PSO J318.5-22,40.0,True,351.6,351.6,351.6,351.6,351.6,Guest 3650,0
3651_01,Earth,False,E647,TRAPPIST-1e,37.0,False,492.1,492.1,492.1,492.1,492.1,Guest 3651,0
3652_01,Europa,False,G915,55 Cancri e,27.0,True,319.2,319.2,319.2,319.2,319.2,Guest 3652,0
3653_01,Mars,True,E642,PSO J318.5-22,29.0,True,586.9,586.9,586.9,586.9,586.9,Guest 3653,0
3654_01,Europa,True,C354,55 Cancri e,32.0,False,1031.2,1031.2,1031.2,1031.2,1031.2,Guest 3654,0
3655_01,Earth,False,F250,TRAPPIST-1e,25.0,True,276.1,276.1,276.1,276.1,276.1,Guest 3655,0
3656_01,Europa,True,A984,PSO J318.5-22,44.0,True,742.5,742.5,742.5,742.5,742.5,Guest 3656,0
3657_01,Mars,True,D643,PSO J318.5-22,38.0,True,374.6,374.6,374.6,374.6,374.6,Guest 3657,0
3658_01,Earth,True,G4,TRAPPIST-1e,29.0,False,351.0,351.0,351.0,351.0,351.0,Guest 3658,1
3659_01,Europa,True,E331,PSO J318.5-22,10.0,False,45.8,45.8,45.8,45.8,45.8,Guest 3659,0
3660_01,Mars,True,A471,TRAPPIST-1e,47.0,True,1195.0,1195.0,1195.0,1195.0,1195.0,Guest 3660,0
3661_01,Earth,True,C423,PSO J318.5-22,24.0,True,150.5,150.5,150.5,150.5,150.5,Guest 3661,0
3662_01,Earth,False,A971,PSO J318.5-22,18.0,False,845.4,845.4,845.4,845.4,845.4,Guest 3662,0
3663_01,Mars,False,A293,PSO J318.5-22,46.0,True,74.8,74.8,74.8,74.8,74.8,Guest 3663,0
3664_01,Earth,True,A289,PSO J318.5-22,36.0,True,814.6,814.6,814.6,814.6,814.6,Guest 3664,0
3665_01,Mars,False,A5,PSO J318.5-22,6.0,False,626.1,626.1,626.1,626.1,626.1,Guest 3665,0
3666_01,Mars,True,C716,55 Cancri e,10.0,True,1530.1,1530.1,1530.1,1530.1,1530.1,Guest 3666,0
3667_01,Mars,True,A427,55 Cancri e,25.0,True,96.2,96.2,96.2,96.2,96.2,Guest 3667,0
3668_01,Europa,True,E64,PSO J318.5-22,15.0,True,1041.3,1041.3,1041.3,1041.3,1041.3,Guest 3668,0
3669_01,Earth,False,B622,PSO J318.5-22,28.0,False,353.9,353.9,353.9,353.9,353.9,Guest 3669,0
3670_01,Europa,False,G210,55 Cancri e,61.0,False,83.4,83.4,83.4,83.4,83.4,Guest 3670,0
3671_01,Europa,False,E176,PSO J318.5-22,66.0,False,85.8,85.8,85.8,85.8,85.8,Guest 3671,0
3672_01,Earth,False,G809,55 Cancri e,30.0,False,14.4,14.4,14.4,14.4,14.4,Guest 3672,0
3673_01,Europa,False,E12,TRAPPIST-1e,40.0,False,526.9,526.9,526.9,526.9,526.9,Guest 3673,0
3674_01,Europa,False,A951,TRAPPIST-1e,41.0,True,798.0,798.0,798.0,798.0,798.0,Guest 3674,0
3675_01,Mars,False,D883,TRAPPIST-1e,29.0,False,1746.2,1746.2,1746.2,1746.2,1746.2,Guest 3675,0
3676_01,Earth,True,C229,TRAPPIST-1e,12.0,False,568.2,568.2,568.2,568.2,568.2,Guest 3676,0
3677_01,Mars,True,C235,TRAPPIST-1e,43.0,False,56.9,56.9,56.9,56.9,56.9,Guest 3677,0
3678_01,Earth,False,D480,PSO J318.5-22,28.0,False,3026.4,3026.4,3026.4,3026.4,3026.4,Guest 3678,0
3679_01,Earth,False,C56,55 Cancri e,36.0,True,115.3,115.3,115.3,115.3,115.3,Guest 3679,0
3680_01,Europa,False,C816,TRAPPIST-1e,39.0,False,1374.3,1374.3,1374.3,1374.3,1374.3,Guest 3680,0
3681_01,Mars,False,G521,PSO J318.5-22,20.0,True,1220.7,1220.7,1220.7,1220.7,1220.7,Guest 3681,0
3682_01,Europa,True,F837,TRAPPIST-1e,50.0,True,1337.9,1337.9,1337.9,1337.9,1337.9,Guest 3682,0
3683_01,Europa,True,G825,55 Cancri e,31.0,True,1028.2,1028.2,1028.2,1028.2,1028.2,Guest 3683,0
3684_01,Europa,False,F627,55 Cancri e,33.0,True,429.6,429.6,429.6,429.6,429.6,Guest 3684,0
3685_01,Europa,False,E726,55 Cancri e,25.0,True,301.6,301.6,301.6,301.6,301.6,Guest 3685,0
3686_01,Earth,False,C993,55 Cancri e,39.0,True,650.5,650.5,650.5,650.5,650.5,Guest 3686,0
3687_01,Earth,False,G296,55 Cancri e,42.0,False,759.4,759.4,759.4,759.4,759.4,Guest 3687,0
3688_01,Mars,True,B257,TRAPPIST-1e,23.0,True,280.4,280.4,280.4,280.4,280.4,Guest 3688,0
3689_01,Europa,False,B491,TRAPPIST-1e,37.0,False,1645.7,1645.7,1645.7,1645.7,1645.7,Guest 3689,0
3690_01,Europa,True,E174,TRAPPIST-1e,25.0,True,729.0,729.0,729.0,729.0,729.0,Guest 3690,0
3691_01,Europa,True,B661,55 Cancri e,15.0,False,1579.1,1579.1,1579.1,1579.1,1579.1,Guest 3691,0
3692_01,Mars,False,C927,55 Cancri e,26.0,True,1438.4,1438.4,1438.4,1438.4,1438.4,Guest 3692,0
3693_01,Earth,True,E622,PSO J318.5-22,37.0,True,180.2,180.2,180.2,180.2,180.2,Guest 3693,0
3694_01,Europa,True,B335,PSO J318.5-22,37.0,False,24.5,24.5,24.5,24.5,24.5,Guest 3694,0
3695_01,Mars,True,F600,TRAPPIST-1e,43.0,False,131.3,131.3,131.3,131.3,131.3,Guest 3695,0
3696_01,Europa,True,G621,TRAPPIST-1e,22.0,True,2640.5,2640.5,2640.5,2640.5,2640.5,Guest 3696,0
3697_01,Earth,True,G29,TRAPPIST-1e,26.0,False,201.5,201.5,201.5,201.5,201.5,Guest 3697,0
3698_01,Mars,False,B737,55 Cancri e,31.0,True,1317.2,1317.2,1317.2,1317.2,1317.2,Guest 3698,0
3699_01,Europa,False,C272,TRAPPIST-1e,38.0,False,747.3,747.3,747.3,747.3,747.3,Guest 3699,0
3700_01,Europa,False,G296,55 Cancri e,29.0,True,295.8,295.8,295.8,295.8,295.8,Guest 3700,0
3701_01,Earth,False,A92,55 Cancri e,19.0,True,52.5,52.5,52.5,52.5,52.5,Guest 3701,0
3702_01,Mars,True,E791,55 Cancri e,11.0,True,449.5,449.5,449.5,449.5,449.5,Guest 3702,0
3703_01,Earth,True,B755,PSO J318.5-22,44.0,False,883.5,883.5,883.5,883.5,883.5,Guest 3703,0
3704_01,Europa,True,D215,TRAPPIST-1e,43.0,False,640.3,640.3,640.3,640.3,640.3,Guest 3704,0
3705_01,Europa,False,C410,55 Cancri e,22.0,True,136.9,136.9,136.9,136.9,136.9,Guest 3705,0
3706_01,Mars,False,A739,55 Cancri e,48.0,False,653.8,653.8,653.8,653.8,653.8,Guest 3706,0
3707_01,Europa,False,G478,55 Cancri e,29.0,False,305.1,305.1,305.1,305.1,305.1,Guest 3707,0
3708_01,Earth,False,D645,PSO J318.5-22,36.0,False,2387.0,2387.0,2387.0,2387.0,2387.0,Guest 3708,0
3709_01,Earth,False,A441,PSO J318.5-22,45.0,True,98.4,98.4,98.4,98.4,98.4,Guest 3709,0
3710_01,Mars,True,D798,TRAPPIST-1e,24.0,True,1297.9,1297.9,1297.9,1297.9,1297.9,Guest 3710,0
3711_01,Earth,True,E786,TRAPPIST-1e,21.0,False,153.4,153.4,153.4,153.4,153.4,Guest 3711,1
3712_01,Mars,False,C732,PSO J318.5-22,9.0,False,703.8,703.8,703.8,703.8,703.8,Guest 3712,0
3713_01,Mars,False,G123,PSO J318.5-22,34.0,False,196.1,196.1,196.1,196.1,196.1,Guest 3713,0
3714_01,Mars,True,C494,TRAPPIST-1e,36.0,True,464.2,464.2,464.2,464.2,464.2,Guest 3714,0
3715_01,Europa,False,G587,55 Cancri e,41.0,True,621.1,621.1,621.1,621.1,621.1,Guest 3715,0
3716_01,Earth,False,B71,TRAPPIST-1e,37.0,True,175.5,175.5,175.5,175.5,175.5,Guest 3716,0
3717_01,Mars,False,A622,TRAPPIST-1e,31.0,True,90.8,90.8,90.8,90.8,90.8,Guest 3717,0
3718_01,Europa,True,B803,TRAPPIST-1e,44.0,False,4265.5,4265.5,4265.5,4265.5,4265.5,Guest 3718,0
3719_01,Earth,True,E597,PSO J318.5-22,18.0,True,405.2,405.2,405.2,405.2,405.2,Guest 3719,0
3720_01,Europa,False,F944,55 Cancri e,35.0,False,113.2,113.2,113.2,113.2,113.2,Guest 3720,0
3721_01,Earth,False,F263,55 Cancri e,36.0,True,983.0,983.0,983.0,983.0,983.0,Guest 3721,0
3722_01,Earth,True,A748,55 Cancri e,29.0,False,1112.5,1112.5,1112.5,1112.5,1112.5,Guest 3722,0
3723_01,Earth,False,B738,TRAPPIST-1e,51.0,True,394.2,394.2,394.2,394.2,394.2,Guest 3723,0
3724_01,Europa,False,D759,TRAPPIST-1e,35.0,False,1654.4,1654.4,1654.4,1654.4,1654.4,Guest 3724,0
3725_01,Mars,False,E466,55 Cancri e,46.0,False,845.1,845.1,845.1,845.1,845.1,Guest 3725,0
3726_01,Mars,True,C604,TRAPPIST-1e,41.0,True,200.1,200.1,200.1,200.1,200.1,Guest 3726,0
3727_01,Earth,False,D824,55 Cancri e,28.0,False,1423.6,1423.6,1423.6,1423.6,1423.6,Guest 3727,0
3728_01,Earth,True,C994,55 Cancri e,53.0,False,195.5,195.5,195.5,195.5,195.5,Guest 3728,0
3729_01,Europa,True,B370,TRAPPIST-1e,44.0,True,253.7,253.7,253.7,253.7,253.7,Guest 3729,0
3730_01,Europa,True,C315,PSO J318.5-22,30.0,False,1234.7,1234.7,1234.7,1234.7,1234.7,Guest 3730,0
3731_01,Earth,True,F181,PSO J318.5-22,29.0,True,323.3,323.3,323.3,323.3,323.3,Guest 3731,0
3732_01,Mars,True,A268,PSO J318.5-22,18.0,True,262.6,262.6,262.6,262.6,262.6,Guest 3732,0
3733_01,Mars,False,C274,55 Cancri e,28.0,True,791.6,791.6,791.6,791.6,791.6,Guest 3733,0
3734_01,Europa,True,D364,55 Cancri e,27.0,False,2959.5,2959.5,2959.5,2959.5,2959.5,Guest 3734,0
3735_01,Earth,True,C292,TRAPPIST-1e,33.0,True,18.1,18.1,18.1,18.1,18.1,Guest 3735,0
3736_01,Europa,True,E154,PSO J318.5-22,25.0,False,2054.2,2054.2,2054.2,2054.2,2054.2,Guest 3736,0
3737_01,Mars,False,C593,TRAPPIST-1e,37.0,False,215.3,215.3,215.3,215.3,215.3,Guest 3737,0
3738_01,Mars,False,C596,PSO J318.5-22,29.0,False,117.0,117.0,117.0,117.0,117.0,Guest 3738,0
3739_01,Mars,False,F322,55 Cancri e,11.0,True,867.2,867.2,867.2,867.2,867.2,Guest 3739,0
3740_01,Earth,True,G703,PSO J318.5-22,24.0,False,1324.9,1324.9,1324.9,1324.9,1324.9,Guest 3740,1
3741_01,Europa,False,B285,TRAPPIST-1e,19.0,False,137.7,137.7,137.7,137.7,137.7,Guest 3741,0
3742_01,Europa,False,G463,TRAPPIST-1e,15.0,False,607.8,607.8,607.8,607.8,607.8,Guest 3742,0
3743_01,Europa,False,C113,55 Cancri e,27.0,True,476.5,476.5,476.5,476.5,476.5,Guest 3743,0
3744_01,Europa,True,D68,PSO J318.5-22,41.0,False,1062.6,1062.6,1062.6,1062.6,1062.6,Guest 3744,0
3745_01,Mars,True,B579,PSO J318.5-22,17.0,False,1486.0,1486.0,1486.0,1486.0,1486.0,Guest 3745,0
3746_01,Europa,False,B811,55 Cancri e,6.0,False,1315.5,1315.5,1315.5,1315.5,1315.5,Guest 3746,0
3747_01,Earth,False,D981,TRAPPIST-1e,28.0,False,159.6,159.6,159.6,159.6,159.6,Guest 3747,0
3748_01,Earth,False,E99,PSO J318.5-22,66.0,True,629.8,629.8,629.8,629.8,629.8,Guest 3748,0
3749_01,Mars,True,C31,55 Cancri e,23.0,False,453.8,453.8,453.8,453.8,453.8,Guest 3749,0
3750_01,Europa,False,E412,55 Cancri e,33.0,True,657.4,657.4,657.4,657.4,657.4,Guest 3750,0
3751_01,Mars,True,A675,55 Cancri e,25.0,True,2147.1,2147.1,2147.1,2147.1,2147.1,Guest 3751,0
3752_01,Europa,False,D910,TRAPPIST-1e,41.0,True,318.9,318.9,318.9,318.9,318.9,Guest 3752,0
3753_01,Earth,False,G415,PSO J318.5-22,48.0,False,26.8,26.8,26.8,26.8,26.8,Guest 3753,0
3754_01,Mars,True,F539,PSO J318.5-22,28.0,True,790.6,790.6,790.6,790.6,790.6,Guest 3754,0
3755_01,Earth,False,F13,TRAPPIST-1e,44.0,True,1620.6,1620.6,1620.6,1620.6,1620.6,Guest 3755,0
3756_01,Mars,True,G239,TRAPPIST-1e,17.0,True,254.0,254.0,254.0,254.0,254.0,Guest 3756,0
3757_01,Europa,False,E906,PSO J318.5-22,33.0,True,431.4,431.4,431.4,431.4,431.4,Guest 3757,0
3758_01,Mars,True,D290,TRAPPIST-1e,15.0,False,206.3,206.3,206.3,206.3,206.3,Guest 3758,0
3759_01,Mars,False,G886,TRAPPIST-1e,32.0,False,2.5,2.5,2.5,2.5,2.5,Guest 3759,0
3760_01,Earth,False,E201,TRAPPIST-1e,23.0,False,413.3,413.3,413.3,413.3,413.3,Guest 3760,0
3761_01,Mars,False,B214,55 Cancri e,33.0,True,3201.2,3201.2,3201.2,3201.2,3201.2,Guest 3761,0
3762_01,Earth,True,G349,TRAPPIST-1e,17.0,False,315.8,315.8,315.8,315.8,315.8,Guest 3762,0
3763_01,Mars,True,E383,55 Cancri e,33.0,False,567.8,567.8,567.8,567.8,567.8,Guest 3763,0
3764_01,Earth,False,G436,TRAPPIST-1e,32.0,True,46.6,46.6,46.6,46.6,46.6,Guest 3764,0
3765_01,Mars,True,D473,TRAPPIST-1e,23.0,True,26.6,26.6,26.6,26.6,26.6,Guest 3765,0
3766_01,Earth,True,C617,PSO J318.5-22,21.0,False,1451.4,1451.4,1451.4,1451.4,1451.4,Guest 3766,1
3767_01,Mars,False,C296,PSO J318.5-22,16.0,True,572.9,572.9,572.9,572.9,572.9,Guest 3767,0
3768_01,Europa,False,G547,PSO J318.5-22,25.0,True,602.8,602.8,602.8,602.8,602.8,Guest 3768,0
3769_01,Mars,True,B558,PSO J318.5-22,35.0,False,2905.0,2905.0,2905.0,2905.0,2905.0,Guest 3769,0
3770_01,Mars,True,D748,55 Cancri e,29.0,False,647.0,647.0,647.0,647.0,647.0,Guest 3770,0
3771_01,Europa,True,E984,PSO J318.5-22,32.0,False,951.6,951.6,951.6,951.6,951.6,Guest 3771,0
3772_01,Mars,False,F541,55 Cancri e,46.0,True,2699.5,2699.5,2699.5,2699.5,2699.5,Guest 3772,0
3773_01,Mars,True,E850,55 Cancri e,26.0,False,3395.6,3395.6,3395.6,3395.6,3395.6,Guest 3773,0
3774_01,Earth,False,C870,PSO J318.5-22,34.0,True,60.6,60.6,60.6,60.6,60.6,Guest 3774,0
3775_01,Europa,False,B567,55 Cancri e,40.0,False,1561.2,1561.2,1561.2,1561.2,1561.2,Guest 3775,0
3776_01,Mars,True,A960,PSO J318.5-22,36.0,True,2358.8,2358.8,2358.8,2358.8,2358.8,Guest 3776,0
3777_01,Earth,False,B100,55 Cancri e,35.0,False,3225.0,3225.0,3225.0,3225.0,3225.0,Guest 3777,0
3778_01,Europa,False,F299,PSO J318.5-22,31.0,True,15.7,15.7,15.7,15.7,15.7,Guest 3778,0
3779_01,Mars,False,E747,55 Cancri e,54.0,True,77.4,77.4,77.4,77.4,77.4,Guest 3779,0
3780_01,Mars,True,A97,TRAPPIST-1e,29.0,False,382.5,382.5,382.5,382.5,382.5,Guest 3780,0
3781_01,Europa,True,D162,55 Cancri e,26.0,True,448.9,448.9,448.9,448.9,448.9,Guest 3781,0
3782_01,Mars,True,A78,PSO J318.5-22,37.0,True,1112.6,1112.6,1112.6,1112.6,1112.6,Guest 3782,0
3783_01,Europa,True,C882,TRAPPIST-1e,50.0,False,285.7,285.7,285.7,285.7,285.7,Guest 3783,0
3784_01,Mars,True,E414,PSO J318.5-22,47.0,False,3.5,3.5,3.5,3.5,3.5,Guest 3784,1
3785_01,Europa,False,C253,TRAPPIST-1e,31.0,True,652.6,652.6,652.6,652.6,652.6,Guest 3785,0
3786_01,Mars,True,D856,55 Cancri e,40.0,False,932.0,932.0,932.0,932.0,932.0,Guest 3786,0
3787_01,Mars,True,C688,PSO J318.5-22,36.0,False,441.3,441.3,441.3,441.3,441.3,Guest 3787,0
3788_01,Europa,False,G249,55 Cancri e,31.0,True,355.2,355.2,355.2,355.2,355.2,Guest 3788,0
3789_01,Europa,True,C204,PSO J318.5-22,38.0,True,1286.2,1286.2,1286.2,1286.2,1286.2,Guest 3789,0
3790_01,Earth,True,A726,TRAPPIST-1e,38.0,True,740.0,740.0,740.0,740.0,740.0,Guest 3790,1
3791_01,Earth,False,B968,PSO J318.5-22,32.0,True,386.4,386.4,386.4,386.4,386.4,Guest 3791,0
3792_01,Mars,True,F215,PSO J318.5-22,51.0,False,92.9,92.9,92.9,92.9,92.9,Guest 3792,0
3793_01,Earth,False,G3,PSO J318.5-22,26.0,False,727.9,727.9,727.9,727.9,727.9,Guest 3793,0
3794_01,Europa,True,D923,TRAPPIST-1e,47.0,True,2522.7,2522.7,2522.7,2522.7,2522.7,Guest 3794,0
3795_01,Europa,True,E664,TRAPPIST-1e,56.0,False,555.9,555.9,555.9,555.9,555.9,Guest 3795,0
3796_01,Earth,False,C147,PSO J318.5-22,56.0,False,335.5,335.5,335.5,335.5,335.5,Guest 3796,1
3797_01,Earth,False,B184,PSO J318.5-22,34.0,True,772.7,772.7,772.7,772.7,772.7,Guest 3797,0
3798_01,Europa,False,F285,55 Cancri e,28.0,False,398.0,398.0,398.0,398.0,398.0,Guest 3798,0
3799_01,Earth,False,A192,TRAPPIST-1e,11.0,True,208.0,208.0,208.0,208.0,208.0,Guest 3799,0
3800_01,Mars,True,D808,55 Cancri e,30.0,True,185.0,185.0,185.0,185.0,185.0,Guest 3800,0
3801_01,Europa,False,C980,TRAPPIST-1e,60.0,True,218.5,218.5,218.5,218.5,218.5,Guest 3801,0
3802_01,Earth,False,E426,TRAPPIST-1e,11.0,True,657.7,657.7,657.7,657.7,657.7,Guest 3802,0
3803_01,Mars,True,E242,PSO J318.5-22,12.0,True,558.4,558.4,558.4,558.4,558.4,Guest 3803,0
3804_01,Europa,False,F290,PSO J318.5-22,40.0,False,2670.5,2670.5,2670.5,2670.5,2670.5,Guest 3804,0
3805_01,Mars,False,G917,PSO J318.5-22,38.0,False,137.4,137.4,137.4,137.4,137.4,Guest 3805,0
3806_01,Europa,False,D669,TRAPPIST-1e,8.0,True,135.6,135.6,135.6,135.6,135.6,Guest 3806,0
3807_01,Earth,False,B917,TRAPPIST-1e,30.0,False,132.5,132.5,132.5,132.5,132.5,Guest 3807,0
3808_01,Mars,False,G757,PSO J318.5-22,34.0,False,1299.2,1299.2,1299.2,1299.2,1299.2,Guest 3808,0
3809_01,Mars,False,E263,PSO J318.5-22,12.0,False,313.3,313.3,313.3,313.3,313.3,Guest 3809,0
3810_01,Europa,True,D229,55 Cancri e,42.0,False,269.1,269.1,269.1,269.1,269.1,Guest 3810,0
3811_01,Mars,True,E793,PSO J318.5-22,14.0,True,327.8,327.8,327.8,327.8,327.8,Guest 3811,0
3812_01,Earth,False,B893,55 Cancri e,44.0,False,379.0,379.0,379.0,379.0,379.0,Guest 3812,0
3813_01,Europa,False,F93,PSO J318.5-22,33.0,True,574.3,574.3,574.3,574.3,574.3,Guest 3813,0
3814_01,Mars,False,A261,PSO J318.5-22,22.0,False,136.5,136.5,136.5,136.5,136.5,Guest 3814,0
3815_01,Earth,False,D322,TRAPPIST-1e,11.0,False,862.1,862.1,862.1,862.1,862.1,Guest 3815,0
3816_01,Europa,False,C698,PSO J318.5-22,26.0,False,72.7,72.7,72.7,72.7,72.7,Guest 3816,0
3817_01,Mars,False,B223,PSO J318.5-22,29.0,True,1771.2,1771.2,1771.2,1771.2,1771.2,Guest 3817,0
3818_01,Europa,True,E480,TRAPPIST-1e,29.0,False,1760.7,1760.7,1760.7,1760.7,1760.7,Guest 3818,0
3819_01,Europa,False,E501,TRAPPIST-1e,23.0,True,337.1,337.1,337.1,337.1,337.1,Guest 3819,0
3820_01,Mars,False,C876,55 Cancri e,28.0,True,707.1,707.1,707.1,707.1,707.1,Guest 3820,0
3821_01,Earth,False,B27,PSO J318.5-22,41.0,False,38.9,38.9,38.9,38.9,38.9,Guest 3821,0
3822_01,Mars,True,F496,55 Cancri e,19.0,True,235.5,235.5,235.5,235.5,235.5,Guest 3822,0
3823_01,Earth,True,A504,PSO J318.5-22,28.0,True,1235.7,1235.7,1235.7,1235.7,1235.7,Guest 3823,0
3824_01,Mars,True,G389,TRAPPIST-1e,36.0,False,272.9,272.9,272.9,272.9,272.9,Guest 3824,0
3825_01,Mars,True,C87,55 Cancri e,30.0,True,1029.4,1029.4,1029.4,1029.4,1029.4,Guest 3825,0
3826_01,Mars,False,C401,PSO J318.5-22,41.0,True,1248.9,1248.9,1248.9,1248.9,1248.9,Guest 3826,0
3827_01,Earth,False,A719,55 Cancri e,49.0,False,313.0,313.0,313.0,313.0,313.0,Guest 3827,0
3828_01,Mars,False,E986,55 Cancri e,26.0,True,1225.2,1225.2,1225.2,1225.2,1225.2,Guest 3828,0
3829_01,Earth,True,C959,TRAPPIST-1e,33.0,True,145.8,145.8,145.8,145.8,145.8,Guest 3829,0
3830_01,Europa,True,C914,TRAPPIST-1e,1.0,True,22.5,22.5,22.5,22.5,22.5,Guest 3830,0
3831_01,Europa,False,E882,PSO J318.5-22,26.0,False,2006.1,2006.1,2006.1,2006.1,2006.1,Guest 3831,0
3832_01,Europa,True,B69,TRAPPIST-1e,38.0,True,379.2,379.2,379.2,379.2,379.2,Guest 3832,0
3833_01,Earth,False,C908,TRAPPIST-1e,17.0,False,354.3,354.3,354.3,354.3,354.3,Guest 3833,0
3834_01,Europa,True,F245,TRAPPIST-1e,46.0,True,528.0,528.0,528.0,528.0,528.0,Guest 3834,0
3835_01,Europa,False,A838,PSO J318.5-22,8.0,False,524.4,524.4,524.4,524.4,524.4,Guest 3835,0
3836_01,Europa,False,E743,55 Cancri e,47.0,False,237.1,237.1,237.1,237.1,237.1,Guest 3836,0
3837_01,Europa,True,A832,TRAPPIST-1e,24.0,True,149.8,149.8,149.8,149.8,149.8,Guest 3837,0
3838_01,Earth,True,A486,TRAPPIST-1e,18.0,False,56.0,56.0,56.0,56.0,56.0,Guest 3838,0
3839_01,Earth,False,G424,TRAPPIST-1e,24.0,False,260.8,260.8,260.8,260.8,260.8,Guest 3839,0
3840_01,Europa,False,D599,PSO J318.5-22,27.0,False,270.7,270.7,270.7,270.7,270.7,Guest 3840,0
3841_01,Earth,False,D862,PSO J318.5-22,18.0,False,180.6,180.6,180.6,180.6,180.6,Guest 3841,0
3842_01,Mars,False,E647,55 Cancri e,14.0,False,353.5,353.5,353.5,353.5,353.5,Guest 3842,0
3843_01,Mars,False,C479,55 Cancri e,24.0,False,453.5,453.5,453.5,453.5,453.5,Guest 3843,0
3844_01,Europa,True,B185,TRAPPIST-1e,42.0,True,38.0,38.0,38.0,38.0,38.0,Guest 3844,0
3845_01,Europa,True,G547,PSO J318.5-22,35.0,True,3165.1,3165.1,3165.1,3165.1,3165.1,Guest 3845,0
3846_01,Earth,False,F985,55 Cancri e,46.0,True,28.2,28.2,28.2,28.2,28.2,Guest 3846,0
3847_01,Europa,True,F239,55 Cancri e,23.0,False,1379.4,1379.4,1379.4,1379.4,1379.4,Guest 3847,0
3848_01,Mars,True,B772,PSO J318.5-22,26.0,False,680.2,680.2,680.2,680.2,680.2,Guest 3848,0
3849_01,Mars,False,G802,PSO J318.5-22,26.0,False,2751.4,2751.4,2751.4,2751.4,2751.4,Guest 3849,0
3850_01,Europa,False,C957,PSO J318.5-22,32.0,True,606.4,606.4,606.4,606.4,606.4,Guest 3850,0
3851_01,Earth,False,E806,55 Cancri e,36.0,True,824.5,824.5,824.5,824.5,824.5,Guest 3851,0
3852_01,Earth,True,B629,PSO J318.5-22,51.0,False,961.6,961.6,961.6,961.6,961.6,Guest 3852,1
3853_01,Mars,True,D495,PSO J318.5-22,39.0,False,1654.2,1654.2,1654.2,1654.2,1654.2,Guest 3853,0
3854_01,Earth,True,D434,PSO J318.5-22,32.0,False,297.4,297.4,297.4,297.4,297.4,Guest 3854,1
3855_01,Earth,False,G622,PSO J318.5-22,47.0,True,633.4,633.4,633.4,633.4,633.4,Guest 3855,0
3856_01,Mars,True,E227,55 Cancri e,21.0,False,269.2,269.2,269.2,269.2,269.2,Guest 3856,0
3857_01,Europa,False,A328,PSO J318.5-22,14.0,False,646.9,646.9,646.9,646.9,646.9,Guest 3857,0
3858_01,Europa,True,C876,55 Cancri e,38.0,False,122.6,122.6,122.6,122.6,122.6,Guest 3858,0
3859_01,Europa,False,G86,PSO J318.5-22,32.0,True,355.1,355.1,355.1,355.1,355.1,Guest 3859,0
3860_01,Earth,True,A926,PSO J318.5-22,32.0,False,6.4,6.4,6.4,6.4,6.4,Guest 3860,0
3861_01,Europa,False,G721,TRAPPIST-1e,41.0,False,448.8,448.8,448.8,448.8,448.8,Guest 3861,0
3862_01,Europa,True,B28,TRAPPIST-1e,26.0,True,884.6,884.6,884.6,884.6,884.6,Guest 3862,0
3863_01,Earth,False,G495,TRAPPIST-1e,29.0,False,540.1,540.1,540.1,540.1,540.1,Guest 3863,0
3864_01,Earth,True,G447,PSO J318.5-22,35.0,True,1586.9,1586.9,1586.9,1586.9,1586.9,Guest 3864,0
3865_01,Earth,True,D636,PSO J318.5-22,38.0,True,168.1,168.1,168.1,168.1,168.1,Guest 3865,0
3866_01,Earth,True,E419,55 Cancri e,42.0,False,571.3,571.3,571.3,571.3,571.3,Guest 3866,0
3867_01,Europa,False,E978,TRAPPIST-1e,32.0,True,129.0,129.0,129.0,129.0,129.0,Guest 3867,0
3868_01,Mars,True,E458,55 Cancri e,33.0,False,376.8,376.8,376.8,376.8,376.8,Guest 3868,0
3869_01,Earth,True,D29,PSO J318.5-22,1.0,False,128.7,128.7,128.7,128.7,128.7,Guest 3869,1
3870_01,Mars,False,C289,TRAPPIST-1e,45.0,False,1320.1,1320.1,1320.1,1320.1,1320.1,Guest 3870,0
3871_01,Mars,False,G267,55 Cancri e,11.0,True,74.0,74.0,74.0,74.0,74.0,Guest 3871,0
3872_01,Europa,False,C107,PSO J318.5-22,30.0,False,2365.9,2365.9,2365.9,2365.9,2365.9,Guest 3872,0
3873_01,Earth,False,D62,55 Cancri e,61.0,True,445.7,445.7,445.7,445.7,445.7,Guest 3873,0
3874_01,Europa,True,B844,PSO J318.5-22,26.0,True,285.9,285.9,285.9,285.9,285.9,Guest 3874,0
3875_01,Mars,True,E57,55 Cancri e,11.0,True,480.9,480.9,480.9,480.9,480.9,Guest 3875,0
3876_01,Earth,False,G84,PSO J318.5-22,50.0,True,700.6,700.6,700.6,700.6,700.6,Guest 3876,0
3877_01,Earth,False,A77,55 Cancri e,23.0,False,105.7,105.7,105.7,105.7,105.7,Guest 3877,0
3878_01,Europa,False,E645,TRAPPIST-1e,28.0,False,2468.7,2468.7,2468.7,2468.7,2468.7,Guest 3878,0
3879_01,Europa,False,D459,TRAPPIST-1e,28.0,False,877.2,877.2,877.2,877.2,877.2,Guest 3879,0
3880_01,Mars,True,F403,TRAPPIST-1e,39.0,False,72.2,72.2,72.2,72.2,72.2,Guest 3880,0
3881_01,Mars,False,E770,PSO J318.5-22,39.0,False,88.4,88.4,88.4,88.4,88.4,Guest 3881,0
3882_01,Mars,True,C477,PSO J318.5-22,29.0,True,788.9,788.9,788.9,788.9,788.9,Guest 3882,0
3883_01,Mars,False,B425,TRAPPIST-1e,44.0,False,108.9,108.9,108.9,108.9,108.9,Guest 3883,0
3884_01,Europa,False,B715,55 Cancri e,19.0,True,300.7,300.7,300.7,300.7,300.7,Guest 3884,0
3885_01,Earth,True,A335,55 Cancri e,38.0,True,2666.3,2666.3,2666.3,2666.3,2666.3,Guest 3885,0
3886_01,Europa,True,F249,55 Cancri e,23.0,False,61.9,61.9,61.9,61.9,61.9,Guest 3886,0
3887_01,Earth,False,G864,PSO J318.5-22,39.0,True,1660.8,1660.8,1660.8,1660.8,1660.8,Guest 3887,0
3888_01,Mars,True,G23,55 Cancri e,22.0,False,3666.9,3666.9,3666.9,3666.9,3666.9,Guest 3888,0
3889_01,Earth,False,F635,55 Cancri e,25.0,True,222.6,222.6,222.6,222.6,222.6,Guest 3889,0
3890_01,Europa,False,B46,55 Cancri e,48.0,True,1672.1,1672.1,1672.1,1672.1,1672.1,Guest 3890,0
3891_01,Earth,False,E123,PSO J318.5-22,17.0,True,2549.6,2549.6,2549.6,2549.6,2549.6,Guest 3891,0
3892_01,Earth,False,E231,TRAPPIST-1e,16.0,False,1601.3,1601.3,1601.3,1601.3,1601.3,Guest 3892,0
3893_01,Europa,True,D242,PSO J318.5-22,37.0,True,641.7,641.7,641.7,641.7,641.7,Guest 3893,0
3894_01,Earth,False,A592,TRAPPIST-1e,27.0,False,788.6,788.6,788.6,788.6,788.6,Guest 3894,0
3895_01,Europa,True,C608,TRAPPIST-1e,25.0,True,481.9,481.9,481.9,481.9,481.9,Guest 3895,0
3896_01,Europa,False,A939,PSO J318.5-22,28.0,True,252.0,252.0,252.0,252.0,252.0,Guest 3896,0
3897_01,Europa,False,B781,55 Cancri e,56.0,True,220.0,220.0,220.0,220.0,220.0,Guest 3897,0
3898_01,Earth,True,F23,TRAPPIST-1e,18.0,False,296.0,296.0,296.0,296.0,296.0,Guest 3898,0
3899_01,Europa,True,G408,TRAPPIST-1e,27.0,True,608.9,608.9,608.9,608.9,608.9,Guest 3899,0
3900_01,Mars,True,F752,PSO J318.5-22,32.0,True,394.4,394.4,394.4,394.4,394.4,Guest 3900,0
3901_01,Mars,False,A983,TRAPPIST-1e,19.0,False,299.6,299.6,299.6,299.6,299.6,Guest 3901,0
3902_01,Mars,True,C433,PSO J318.5-22,30.0,True,246.2,246.2,246.2,246.2,246.2,Guest 3902,0
3903_01,Earth,False,G59,55 Cancri e,36.0,True,10.6,10.6,10.6,10.6,10.6,Guest 3903,0
3904_01,Earth,False,F129,PSO J318.5-22,19.0,True,562.4,562.4,562.4,562.4,562.4,Guest 3904,0
3905_01,Earth,False,G752,TRAPPIST-1e,44.0,False,175.4,175.4,175.4,175.4,175.4,Guest 3905,0
3906_01,Europa,False,D774,TRAPPIST-1e,16.0,False,1731.6,1731.6,1731.6,1731.6,1731.6,Guest 3906,0
3907_01,Earth,True,E565,55 Cancri e,28.0,False,388.5,388.5,388.5,388.5,388.5,Guest 3907,0
3908_01,Europa,True,E651,55 Cancri e,34.0,False,259.8,259.8,259.8,259.8,259.8,Guest 3908,0
3909_01,Europa,True,C807,TRAPPIST-1e,68.0,True,1065.0,1065.0,1065.0,1065.0,1065.0,Guest 3909,0
3910_01,Earth,True,A528,55 Cancri e,9.0,False,710.2,710.2,710.2,710.2,710.2,Guest 3910,0
3911_01,Earth,True,D266,PSO J318.5-22,33.0,True,19.9,19.9,19.9,19.9,19.9,Guest 3911,0
3912_01,Earth,True,F634,PSO J318.5-22,60.0,True,137.2,137.2,137.2,137.2,137.2,Guest 3912,0
3913_01,Earth,False,A113,55 Cancri e,23.0,True,458.8,458.8,458.8,458.8,458.8,Guest 3913,0
3914_01,Europa,True,D713,TRAPPIST-1e,43.0,False,1251.4,1251.4,1251.4,1251.4,1251.4,Guest 3914,0
3915_01,Mars,False,F414,55 Cancri e,33.0,True,1477.2,1477.2,1477.2,1477.2,1477.2,Guest 3915,0
3916_01,Europa,False,G420,PSO J318.5-22,13.0,True,181.6,181.6,181.6,181.6,181.6,Guest 3916,0
3917_01,Europa,False,E618,TRAPPIST-1e,35.0,True,330.9,330.9,330.9,330.9,330.9,Guest 3917,0
3918_01,Europa,False,A713,55 Cancri e,19.0,True,23.3,23.3,23.3,23.3,23.3,Guest 3918,0
3919_01,Europa,False,A378,TRAPPIST-1e,31.0,False,168.1,168.1,168.1,168.1,168.1,Guest 3919,0
3920_01,Mars,True,F894,PSO J318.5-22,12.0,False,1757.6,1757.6,1757.6,1757.6,1757.6,Guest 3920,0
3921_01,Mars,False,D947,PSO J318.5-22,39.0,False,1214.6,1214.6,1214.6,1214.6,1214.6,Guest 3921,0
3922_01,Mars,False,D960,55 Cancri e,1.0,True,1581.6,1581.6,1581.6,1581.6,1581.6,Guest 3922,0
3923_01,Mars,False,C927,55 Cancri e,28.0,True,771.9,771.9,771.9,771.9,771.9,Guest 3923,0
3924_01,Mars,False,C516,55 Cancri e,45.0,False,656.7,656.7,656.7,656.7,656.7,Guest 3924,0
3925_01,Europa,False,B255,55 Cancri e,36.0,False,37.8,37.8,37.8,37.8,37.8,Guest 3925,0
3926_01,Earth,True,F854,55 Cancri e,26.0,False,2306.1,2306.1,2306.1,2306.1,2306.1,Guest 3926,1
3927_01,Mars,True,D539,55 Cancri e,27.0,False,493.2,493.2,493.2,493.2,493.2,Guest 3927,0
3928_01,Mars,False,E300,PSO J318.5-22,25.0,False,132.1,132.1,132.1,132.1,132.1,Guest 3928,0
3929_01,Earth,True,F511,TRAPPIST-1e,63.0,False,1543.9,1543.9,1543.9,1543.9,1543.9,Guest 3929,0
3930_01,Earth,False,D420,TRAPPIST-1e,29.0,True,1122.5,1122.5,1122.5,1122.5,1122.5,Guest 3930,0
3931_01,Mars,False,B469,55 Cancri e,30.0,True,90.5,90.5,90.5,90.5,90.5,Guest 3931,0
3932_01,Earth,False,C952,PSO J318.5-22,21.0,True,1633.8,1633.8,1633.8,1633.8,1633.8,Guest 3932,0
3933_01,Europa,True,E498,55 Cancri e,24.0,True,1895.3,1895.3,1895.3,1895.3,1895.3,Guest 3933,0
3934_01,Mars,True,D359,55 Cancri e,37.0,True,355.2,355.2,355.2,355.2,355.2,Guest 3934,0
3935_01,Europa,False,F748,55 Cancri e,23.0,True,149.1,149.1,149.1,149.1,149.1,Guest 3935,0
3936_01,Earth,True,A853,TRAPPIST-1e,20.0,True,1138.2,1138.2,1138.2,1138.2,1138.2,Guest 3936,0
3937_01,Europa,False,G702,PSO J318.5-22,23.0,False,312.3,312.3,312.3,312.3,312.3,Guest 3937,0
3938_01,Mars,True,C77,TRAPPIST-1e,26.0,True,503.9,503.9,503.9,503.9,503.9,Guest 3938,0
3939_01,Europa,True,B332,TRAPPIST-1e,32.0,True,151.7,151.7,151.7,151.7,151.7,Guest 3939,0
3940_01,Europa,False,F921,TRAPPIST-1e,24.0,False,119.7,119.7,119.7,119.7,119.7,Guest 3940,0
3941_01,Europa,False,F588,55 Cancri e,28.0,False,2045.8,2045.8,2045.8,2045.8,2045.8,Guest 3941,0
3942_01,Mars,False,F86,TRAPPIST-1e,21.0,False,408.4,408.4,408.4,408.4,408.4,Guest 3942,0
3943_01,Earth,True,C702,TRAPPIST-1e,45.0,True,700.9,700.9,700.9,700.9,700.9,Guest 3943,1
3944_01,Europa,True,C699,TRAPPIST-1e,31.0,False,1836.8,1836.8,1836.8,1836.8,1836.8,Guest 3944,0
3945_01,Mars,True,D257,TRAPPIST-1e,26.0,False,557.9,557.9,557.9,557.9,557.9,Guest 3945,0
3946_01,Europa,False,B719,55 Cancri e,33.0,True,451.0,451.0,451.0,451.0,451.0,Guest 3946,0
3947_01,Mars,False,E227,PSO J318.5-22,29.0,False,43.9,43.9,43.9,43.9,43.9,Guest 3947,0
3948_01,Mars,True,E956,PSO J318.5-22,11.0,True,730.9,730.9,730.9,730.9,730.9,Guest 3948,1
3949_01,Earth,False,F637,55 Cancri e,28.0,False,1412.1,1412.1,1412.1,1412.1,1412.1,Guest 3949,0
3950_01,Europa,False,D155,55 Cancri e,50.0,True,874.7,874.7,874.7,874.7,874.7,Guest 3950,0
3951_01,Europa,True,E552,PSO J318.5-22,36.0,False,3568.2,3568.2,3568.2,3568.2,3568.2,Guest 3951,0
3952_01,Mars,False,E855,PSO J318.5-22,44.0,False,772.4,772.4,772.4,772.4,772.4,Guest 3952,0
3953_01,Mars,False,G163,PSO J318.5-22,22.0,False,641.5,641.5,641.5,641.5,641.5,Guest 3953,0
3954_01,Europa,False,F867,PSO J318.5-22,12.0,True,512.1,512.1,512.1,512.1,512.1,Guest 3954,0
3955_01,Earth,False,C880,PSO J318.5-22,22.0,True,681.2,681.2,681.2,681.2,681.2,Guest 3955,0
3956_01,Earth,False,G111,55 Cancri e,46.0,False,596.4,596.4,596.4,596.4,596.4,Guest 3956,0
3957_01,Earth,False,C851,55 Cancri e,18.0,True,512.9,512.9,512.9,512.9,512.9,Guest 3957,0
3958_01,Mars,True,C23,TRAPPIST-1e,20.0,False,306.6,306.6,306.6,306.6,306.6,Guest 3958,0
3959_01,Mars,True,C620,55 Cancri e,43.0,False,310.6,310.6,310.6,310.6,310.6,Guest 3959,0
3960_01,Europa,True,B575,PSO J318.5-22,27.0,True,499.1,499.1,499.1,499.1,499.1,Guest 3960,0
3961_01,Europa,False,F955,55 Cancri e,28.0,True,1779.6,1779.6,1779.6,1779.6,1779.6,Guest 3961,0
3962_01,Mars,False,F596,PSO J318.5-22,35.0,False,1833.4,1833.4,1833.4,1833.4,1833.4,Guest 3962,0
3963_01,Europa,True,E453,TRAPPIST-1e,31.0,False,135.7,135.7,135.7,135.7,135.7,Guest 3963,0
3964_01,Mars,False,C190,55 Cancri e,26.0,False,201.9,201.9,201.9,201.9,201.9,Guest 3964,0
3965_01,Mars,True,E719,55 Cancri e,33.0,True,373.0,373.0,373.0,373.0,373.0,Guest 3965,0
3966_01,Europa,True,E866,55 Cancri e,21.0,True,943.4,943.4,943.4,943.4,943.4,Guest 3966,0
3967_01,Mars,False,F338,TRAPPIST-1e,29.0,False,190.3,190.3,190.3,190.3,190.3,Guest 3967,0
3968_01,Earth,True,D955,PSO J318.5-22,38.0,True,571.1,571.1,571.1,571.1,571.1,Guest 3968,0
3969_01,Earth,True,F827,TRAPPIST-1e,17.0,True,642.8,642.8,642.8,642.8,642.8,Guest 3969,0
3970_01,Europa,True,C405,PSO J318.5-22,27.0,False,783.9,783.9,783.9,783.9,783.9,Guest 3970,0
3971_01,Europa,True,F222,TRAPPIST-1e,16.0,True,39.8,39.8,39.8,39.8,39.8,Guest 3971,0
3972_01,Earth,True,D359,TRAPPIST-1e,39.0,False,1327.0,1327.0,1327.0,1327.0,1327.0,Guest 3972,0
3973_01,Europa,True,F541,PSO J318.5-22,37.0,True,3182.7,3182.7,3182.7,3182.7,3182.7,Guest 3973,0
3974_01,Earth,True,A102,PSO J318.5-22,41.0,False,364.9,364.9,364.9,364.9,364.9,Guest 3974,0
3975_01,Europa,True,B954,55 Cancri e,42.0,True,1129.8,1129.8,1129.8,1129.8,1129.8,Guest 3975,0
3976_01,Earth,True,G377,55 Cancri e,42.0,False,355.6,355.6,355.6,355.6,355.6,Guest 3976,0
3977_01,Earth,True,G221,TRAPPIST-1e,39.0,False,2254.0,2254.0,2254.0,2254.0,2254.0,Guest 3977,0
3978_01,Earth,True,A610,PSO J318.5-22,21.0,False,225.3,225.3,225.3,225.3,225.3,Guest 3978,0
3979_01,Europa,False,G742,55 Cancri e,41.0,True,418.6,418.6,418.6,418.6,418.6,Guest 3979,0
3980_01,Europa,False,E154,55 Cancri e,19.0,False,1144.2,1144.2,1144.2,1144.2,1144.2,Guest 3980,0
3981_01,Mars,False,G372,55 Cancri e,58.0,False,763.5,763.5,763.5,763.5,763.5,Guest 3981,0
3982_01,Earth,False,G406,PSO J318.5-22,33.0,True,1280.3,1280.3,1280.3,1280.3,1280.3,Guest 3982,0
3983_01,Mars,False,E843,PSO J318.5-22,37.0,True,945.0,945.0,945.0,945.0,945.0,Guest 3983,0
3984_01,Earth,False,E258,PSO J318.5-22,15.0,False,493.5,493.5,493.5,493.5,493.5,Guest 3984,0
3985_01,Europa,True,C354,55 Cancri e,43.0,True,1931.1,1931.1,1931.1,1931.1,1931.1,Guest 3985,0
3986_01,Mars,True,B196,PSO J318.5-22,44.0,True,667.2,667.2,667.2,667.2,667.2,Guest 3986,0
3987_01,Europa,False,D495,PSO J318.5-22,11.0,True,116.6,116.6,116.6,116.6,116.6,Guest 3987,0
3988_01,Europa,False,C390,TRAPPIST-1e,23.0,False,324.9,324.9,324.9,324.9,324.9,Guest 3988,0
3989_01,Earth,False,B700,55 Cancri e,24.0,False,170.7,170.7,170.7,170.7,170.7,Guest 3989,0
3990_01,Europa,False,F361,TRAPPIST-1e,22.0,True,596.8,596.8,596.8,596.8,596.8,Guest 3990,0
3991_01,Earth,False,E177,TRAPPIST-1e,47.0,True,5219.3,5219.3,5219.3,5219.3,5219.3,Guest 3991,0
3992_01,Mars,True,C139,TRAPPIST-1e,56.0,True,52.6,52.6,52.6,52.6,52.6,Guest 3992,0
3993_01,Earth,True,D702,PSO J318.5-22,17.0,False,873.6,873.6,873.6,873.6,873.6,Guest 3993,0
3994_01,Earth,False,C151,PSO J318.5-22,43.0,False,993.4,993.4,993.4,993.4,993.4,Guest 3994,0
3995_01,Mars,False,F168,TRAPPIST-1e,27.0,False,833.8,833.8,833.8,833.8,833.8,Guest 3995,0
3996_01,Europa,True,E703,55 Cancri e,46.0,True,312.3,312.3,312.3,312.3,312.3,Guest 3996,0
3997_01,Mars,False,C751,TRAPPIST-1e,1.0,True,153.2,153.2,153.2,153.2,153.2,Guest 3997,0
3998_01,Earth,True,G57,55 Cancri e,25.0,False,1761.3,1761.3,1761.3,1761.3,1761.3,Guest 3998,0
3999_01,Europa,True,E108,PSO J318.5-22,45.0,True,19.3,19.3,19.3,19.3,19.3,Guest 3999,0
4000_01,Earth,True,F265,TRAPPIST-1e,21.0,False,416.1,416.1,416.1,416.1,416.1,Guest 4000,0
